estimator_key,kmat_fun,avg_test_score,most_freq_best_param
aitchison-rbf_c_2.9694738092410075e-09_g_1.7043198182768996e-05,<function wrap.<locals>.calc at 0x7fffb45b6620>,0.8051282051282052,29.172020201116947
aitchison_c_1.9435448264002837e-08,<function wrap.<locals>.calc at 0x7fffb45b61e0>,0.7903846153846154,0.001488646397889344
generalized-js_a_1_b_0.5,<function wrap.<locals>.calc at 0x7fffbc608488>,0.7833333333333333,42.06695300935438
rbf_g_128.2086403120312,<function wrap.<locals>.calc at 0x7fffbc6087b8>,0.766025641025641,5731.065114385739
heat-diffusion_t_0.07800673977604666,<function wrap.<locals>.calc at 0x7fffb45b9158>,0.7583333333333333,0.08173858881492424
hilbertian_a_1_b_-1,<function wrap.<locals>.calc at 0x7fffbc608c80>,0.7429487179487179,27.76284322207206
linear,<function kmat_linear at 0x7fffbc6bd950>,0.7038461538461538,13.6164357374131
