estimator_key,kmat_fun,avg_test_score,most_freq_best_param
aitchison_c_5.449287851858266e-06,<function wrap.<locals>.calc at 0x7fffb45b6378>,0.7897435897435897,0.009977927821451139
aitchison-rbf_c_2.9694738092410075e-09_g_0.0001719474747481532,<function wrap.<locals>.calc at 0x7fffb45b66a8>,0.7743589743589743,6.496064082814998
hilbertian_a_inf_b_-1,<function wrap.<locals>.calc at 0x7fffb45b6048>,0.7666666666666666,9.25695220872591
rbf_g_129.24119249021044,<function wrap.<locals>.calc at 0x7fffbc6087b8>,0.7653846153846154,5956.959834424383
heat-diffusion_t_0.09222727991273061,<function wrap.<locals>.calc at 0x7fffb45b9048>,0.7653846153846154,89882109568.90576
generalized-js_a_inf_b_0.5,<function wrap.<locals>.calc at 0x7fffbc6089d8>,0.7589743589743589,2.923694995900073
linear,<function kmat_linear at 0x7fffbc6bd950>,0.7493589743589745,64.99555183612621
