estimator_key,kmat_fun,avg_test_score,most_freq_best_param
aitchison_c_1.9435448264002837e-08,<function wrap.<locals>.calc at 0x7fffb45b61e0>,0.8032051282051281,0.0006806048657546634
aitchison-rbf_c_5.449287851858266e-06_g_0.0008649421179298743,<function wrap.<locals>.calc at 0x7fffb45b69d8>,0.7974358974358975,2.969692690674756
hilbertian_a_1_b_-1,<function wrap.<locals>.calc at 0x7fffbc602c80>,0.7884615384615385,27.6205292238878
heat-diffusion_t_0.11856330833063876,<function wrap.<locals>.calc at 0x7fffb45b6e18>,0.7801282051282052,2.155894949773162e+23
rbf_g_128.48131973283245,<function wrap.<locals>.calc at 0x7fffbc6027b8>,0.7743589743589743,5773.12122294322
linear,<function kmat_linear at 0x7fffbc6bc950>,0.7576923076923077,64.47063247470827
generalized-js_a_10_b_1,<function wrap.<locals>.calc at 0x7fffbc602510>,0.75,8.663742038521944
