estimator_key,kmat_fun,avg_test_score,most_freq_best_param
aitchison-rbf_c_1.2720659399224665e-07_g_0.00032795653294858225,<function wrap.<locals>.calc at 0x7fffb45b7840>,0.7974358974358975,2.951643885487729
aitchison_c_1.2720659399224665e-07,<function wrap.<locals>.calc at 0x7fffb45b7268>,0.7884615384615385,0.0009246340368188418
heat-diffusion_t_0.09222727991273061,<function wrap.<locals>.calc at 0x7fffb45ba048>,0.7653846153846154,89219500222.78114
hilbertian_a_10_b_-1,<function wrap.<locals>.calc at 0x7fffbc602e18>,0.7647435897435897,10.59483473696542
generalized-js_a_1_b_1,<function wrap.<locals>.calc at 0x7fffbc602950>,0.7576923076923077,6.7284183630716985
rbf_g_1233.8900978965228,<function wrap.<locals>.calc at 0x7fffbc602620>,0.75,15333.84314198015
linear,<function kmat_linear at 0x7fffbc6bc950>,0.7192307692307692,13.448529409542619
