estimator_key,kmat_fun,avg_test_score,most_freq_best_param
aitchison-rbf_c_1.2720659399224665e-07_g_0.00032988960054444673,<function wrap.<locals>.calc at 0x7fffb45ee840>,0.7974358974358975,2.9924721967810863
heat-diffusion_t_0.09222727991273061,<function wrap.<locals>.calc at 0x7fffb45e4048>,0.7801282051282051,90391478203.77339
generalized-js_a_inf_b_inf,<function wrap.<locals>.calc at 0x7fffbc608b70>,0.7724358974358974,163.58763327159798
aitchison_c_0.0015278648420684422,<function wrap.<locals>.calc at 0x7fffb45ee510>,0.7660256410256411,0.04424175472983574
hilbertian_a_1_b_-1,<function wrap.<locals>.calc at 0x7fffbc608c80>,0.7647435897435898,5.78046732239497
rbf_g_126.4143711329564,<function wrap.<locals>.calc at 0x7fffbc6087b8>,0.7634615384615385,6158.211094363148
linear,<function kmat_linear at 0x7fffbc6bd950>,0.739102564102564,29.704584613995046
