estimator_key,kmat_fun,avg_test_score,most_freq_best_param
aitchison-rbf_c_2.9694738092410075e-09_g_0.00017066018157976663,<function wrap.<locals>.calc at 0x7fffb45b76a8>,0.8121794871794872,2.9566163717134124
aitchison_c_5.449287851858266e-06,<function wrap.<locals>.calc at 0x7fffb45b7378>,0.7974358974358975,0.002077343896553672
hilbertian_a_1_b_-1,<function wrap.<locals>.calc at 0x7fffbc608c80>,0.7801282051282052,27.740833059113864
heat-diffusion_t_0.10028201144701297,<function wrap.<locals>.calc at 0x7fffb45b7f28>,0.7653846153846154,1172465336747498.2
generalized-js_a_10_b_10,<function wrap.<locals>.calc at 0x7fffbc608378>,0.7647435897435898,2.019893505657079
rbf_g_128.52904530759056,<function wrap.<locals>.calc at 0x7fffbc6087b8>,0.7576923076923077,0.9768288560619213
linear,<function kmat_linear at 0x7fffbc6bd950>,0.7576923076923077,64.74717299277724
