estimator_key,kmat_fun,avg_test_score,most_freq_best_param
aitchison_c_5.6814513644136374e-06,<function wrap.<locals>.calc at 0x7fffb45ca378>,0.7967948717948719,0.004638859240512247
aitchison-rbf_c_5.6814513644136374e-06_g_8.576376020486149e-05,<function wrap.<locals>.calc at 0x7fffb45ca950>,0.7897435897435898,13.25451509692619
rbf_g_123.36827754674047,<function wrap.<locals>.calc at 0x7fffbc6087b8>,0.7807692307692308,5968.11746372878
heat-diffusion_t_0.10904020837841812,<function wrap.<locals>.calc at 0x7fffb45caea0>,0.7576923076923078,1.7290156045844445e+19
generalized-js_a_10_b_10,<function wrap.<locals>.calc at 0x7fffbc608378>,0.75,2.0416631290028495
hilbertian_a_1_b_-1,<function wrap.<locals>.calc at 0x7fffbc608c80>,0.7423076923076923,27.828255354393495
linear,<function kmat_linear at 0x7fffbc6bd950>,0.6884615384615385,65.16693780276377
