estimator_key,kmat_fun,avg_test_score,most_freq_best_param
aitchison-rbf_c_2.9694738092410075e-09_g_0.0001692191659213752,<function wrap.<locals>.calc at 0x7fffb45b76a8>,0.8057692307692308,337.6469902531303
generalized-js_a_1_b_0.5,<function wrap.<locals>.calc at 0x7fffbc608488>,0.7967948717948719,42.050912823045095
aitchison_c_1.2720659399224665e-07,<function wrap.<locals>.calc at 0x7fffb45b7268>,0.782051282051282,0.002042688963345301
rbf_g_126.29879363884444,<function wrap.<locals>.calc at 0x7fffbc6087b8>,0.7743589743589745,5691.519193825611
hilbertian_a_inf_b_-1,<function wrap.<locals>.calc at 0x7fffb45b7048>,0.7737179487179487,9.299056853526025
heat-diffusion_t_0.10028201144701297,<function wrap.<locals>.calc at 0x7fffb45b7f28>,0.7666666666666666,1242905217571385.0
linear,<function kmat_linear at 0x7fffbc6bd950>,0.7185897435897436,65.4770163883919
