estimator_key,kmat_fun,avg_test_score,most_freq_best_param
aitchison-rbf_c_2.9694738092410075e-09_g_0.00017144890228333438,<function wrap.<locals>.calc at 0x7fffb45b86a8>,0.8217948717948719,337.1578309447149
aitchison_c_5.449287851858266e-06,<function wrap.<locals>.calc at 0x7fffb45b8378>,0.8064102564102565,0.10757211785069148
heat-diffusion_t_0.11856330833063876,<function wrap.<locals>.calc at 0x7fffb45b8e18>,0.7743589743589743,1.7750394962629178e+20
generalized-js_a_inf_b_inf,<function wrap.<locals>.calc at 0x7fffbc608b70>,0.7583333333333333,160.9848621351875
rbf_g_127.75724836193436,<function wrap.<locals>.calc at 0x7fffbc6087b8>,0.7506410256410256,5747.771026864848
hilbertian_a_10_b_-1,<function wrap.<locals>.calc at 0x7fffbc608e18>,0.7423076923076923,2.1695134669788225
linear,<function kmat_linear at 0x7fffbc6bd950>,0.7121794871794871,143.88727643870232
