estimator_key,kmat_fun,avg_test_score,most_freq_best_param
aitchison-rbf_c_2.9694738092410075e-09_g_1.7003927840909657e-05,<function wrap.<locals>.calc at 0x7fffb45b7620>,0.7903846153846154,29.17289106674061
aitchison_c_1.2720659399224665e-07,<function wrap.<locals>.calc at 0x7fffb45b7268>,0.7897435897435898,0.00447134349673646
rbf_g_126.39328829166061,<function wrap.<locals>.calc at 0x7fffbc6027b8>,0.7653846153846154,6215.74298466838
heat-diffusion_t_0.09222727991273061,<function wrap.<locals>.calc at 0x7fffb45ba048>,0.7653846153846154,93823930914.75023
generalized-js_a_inf_b_0.5,<function wrap.<locals>.calc at 0x7fffbc6029d8>,0.7653846153846154,6.477546754105514
hilbertian_a_inf_b_-1,<function wrap.<locals>.calc at 0x7fffb45b7048>,0.7576923076923077,9.31281795255712
linear,<function kmat_linear at 0x7fffbc6bc950>,0.7346153846153847,13.568195052489118
