estimator_key,kmat_fun,avg_test_score,most_freq_best_param
aitchison-rbf_c_1.2720659399224665e-07_g_3.312193838381437e-05,<function wrap.<locals>.calc at 0x7fffb45c77b8>,0.7967948717948719,64.28288843289484
aitchison_c_8.325775323164911e-07,<function wrap.<locals>.calc at 0x7fffb45c72f0>,0.7967948717948719,0.0029315253576543358
heat-diffusion_t_0.10904020837841812,<function wrap.<locals>.calc at 0x7fffb45c7ea0>,0.7807692307692309,1.6281932010373827e+19
rbf_g_129.06047155659832,<function wrap.<locals>.calc at 0x7fffbc6027b8>,0.7653846153846154,5872.5229579624365
generalized-js_a_10_b_10,<function wrap.<locals>.calc at 0x7fffbc602378>,0.75,2.0217331335584943
linear,<function kmat_linear at 0x7fffbc6bc950>,0.7346153846153847,29.294169472302535
hilbertian_a_10_b_-1,<function wrap.<locals>.calc at 0x7fffbc602e18>,0.7262820512820514,10.558746841055878
