estimator_key,kmat_fun,avg_test_score,most_freq_best_param
aitchison-rbf_c_5.6814513644136374e-06_g_0.0008527914554293626,<function wrap.<locals>.calc at 0x7fffb45b69d8>,0.8057692307692308,2.9457476926534527
aitchison_c_0.0015438845577322648,<function wrap.<locals>.calc at 0x7fffb45b6510>,0.8051282051282052,0.04390518667325192
hilbertian_a_1_b_-1,<function wrap.<locals>.calc at 0x7fffbc608c80>,0.7980769230769231,27.850414164519883
generalized-js_a_1_b_0.5,<function wrap.<locals>.calc at 0x7fffbc608488>,0.7967948717948719,92.9449128738872
rbf_g_127.47353658909537,<function wrap.<locals>.calc at 0x7fffbc6087b8>,0.7884615384615385,6528.685080890949
heat-diffusion_t_0.10904020837841812,<function wrap.<locals>.calc at 0x7fffb45b6ea0>,0.7730769230769231,1.7706412985347758e+19
linear,<function kmat_linear at 0x7fffbc6bc950>,0.7192307692307692,1547.0332470602086
