estimator_key,kmat_fun,avg_test_score,most_freq_best_param
heat-diffusion_t_0.10904020837841812,<function wrap.<locals>.calc at 0x7fffa8766378>,0.7743589743589743,1.6603027220270012e+19
rbf_g_129.34347103156392,<function wrap.<locals>.calc at 0x7fffb4598840>,0.7730769230769232,5888.49837229595
generalized-js_a_10_b_1,<function wrap.<locals>.calc at 0x7fffb4598ae8>,0.7660256410256411,3.945422084534211
hilbertian_a_1_b_-10,<function wrap.<locals>.calc at 0x7fffa87611e0>,0.7660256410256411,2.172195519555842
aitchison_c_1.2720659399224665e-07,<function wrap.<locals>.calc at 0x7fffa87616a8>,0.7647435897435898,0.0004203275354634983
aitchison-rbf_c_5.449287851858266e-06_g_0.0008465912919322082,<function wrap.<locals>.calc at 0x7fffa8761e18>,0.7576923076923077,1.3401727149767795
linear,<function kmat_linear at 0x7fffbc6bc950>,0.7333333333333334,66.09998802986065
