estimator_key,kmat_fun,avg_test_score,most_freq_best_param
aitchison-rbf_c_1.2720659399224665e-07_g_0.00033174732840539524,<function wrap.<locals>.calc at 0x7fffb45cd840>,0.7897435897435897,2.9639325093741755
aitchison_c_8.325775323164911e-07,<function wrap.<locals>.calc at 0x7fffb45cd2f0>,0.7897435897435897,0.0006044530997197648
heat-diffusion_t_0.07800673977604666,<function wrap.<locals>.calc at 0x7fffb45d4158>,0.7730769230769232,472.3027563996689
rbf_g_128.2086403120312,<function wrap.<locals>.calc at 0x7fffbc6087b8>,0.7641025641025642,5965.450363767632
generalized-js_a_inf_b_inf,<function wrap.<locals>.calc at 0x7fffbc608b70>,0.75,1.411590619669286
hilbertian_a_1_b_-1,<function wrap.<locals>.calc at 0x7fffbc608c80>,0.7262820512820514,61.03046827510612
linear,<function kmat_linear at 0x7fffbc6bd950>,0.7185897435897437,13.492458425268357
