estimator_key,kmat_fun,avg_test_score,most_freq_best_param
aitchison_c_1.9435448264002837e-08,<function wrap.<locals>.calc at 0x7fffa8764620>,0.8512820512820513,0.0014867350754478616
aitchison-rbf_c_2.9694738092410075e-09_g_1.690266294521969e-05,<function wrap.<locals>.calc at 0x7fffa8764a60>,0.8358974358974358,29.16927914013676
generalized-js_a_inf_b_0.5,<function wrap.<locals>.calc at 0x7fffb4592e18>,0.7891025641025641,2.9396531545188895
hilbertian_a_inf_b_-1,<function wrap.<locals>.calc at 0x7fffa8764488>,0.7891025641025641,9.307764300104152
rbf_g_126.88501746376551,<function wrap.<locals>.calc at 0x7fffb4592840>,0.7653846153846154,6007.316423028441
heat-diffusion_t_0.09222727991273061,<function wrap.<locals>.calc at 0x7fffa8769488>,0.75,90191778503.23442
linear,<function kmat_linear at 0x7fffbc6bc950>,0.7275641025641025,13.338044099807778
