estimator_key,kmat_fun,avg_test_score,most_freq_best_param
aitchison-rbf_c_1.2720659399224665e-07_g_0.00032950037092925057,<function wrap.<locals>.calc at 0x7fffb45b5840>,0.8198717948717948,2.954709321154693
aitchison_c_5.449287851858266e-06,<function wrap.<locals>.calc at 0x7fffb45b5378>,0.7814102564102565,0.0009355391283366317
hilbertian_a_1_b_-1,<function wrap.<locals>.calc at 0x7fffbc608c80>,0.7814102564102564,27.782989101785304
heat-diffusion_t_0.09222727991273061,<function wrap.<locals>.calc at 0x7fffb45b8048>,0.7724358974358976,93265347025.06142
rbf_g_127.85807989198085,<function wrap.<locals>.calc at 0x7fffbc6087b8>,0.7576923076923077,6307.97091775618
generalized-js_a_inf_b_1,<function wrap.<locals>.calc at 0x7fffbc608a60>,0.7576923076923077,4.240744836700932
linear,<function kmat_linear at 0x7fffbc6bd950>,0.717948717948718,316.8639863933095
