estimator_key,kmat_fun,avg_test_score,most_freq_best_param
aitchison-rbf_c_3.2278889606197585e-09_g_0.00017243835581374906,<function wrap.<locals>.calc at 0x7fffb45e06a8>,0.7884615384615385,2.9540242386005224
rbf_g_127.88971911999865,<function wrap.<locals>.calc at 0x7fffbc6087b8>,0.7737179487179487,6364.670100762056
aitchison_c_0.0015438845577322648,<function wrap.<locals>.calc at 0x7fffb45e0510>,0.7730769230769231,0.04384831158465708
hilbertian_a_1_b_-1,<function wrap.<locals>.calc at 0x7fffbc608c80>,0.7653846153846154,27.775452322526448
heat-diffusion_t_0.10028201144701297,<function wrap.<locals>.calc at 0x7fffb45e0f28>,0.75,1251535040955873.8
generalized-js_a_inf_b_inf,<function wrap.<locals>.calc at 0x7fffbc608b70>,0.75,1.4132885175502528
linear,<function kmat_linear at 0x7fffbc6bd950>,0.741025641025641,65.33467479364113
