estimator_key,kmat_fun,avg_test_score,most_freq_best_param
aitchison-rbf_c_8.489833145005955e-06_g_0.001481986947949912,<function wrap.<locals>.calc at 0x7fffbc5dfae8>,0.9612903225806452,2.464368571694551
aitchison_c_7.207726683004171e-09,<function wrap.<locals>.calc at 0x7fffbc5df268>,0.9580645161290324,0.0005426980372626839
rbf_g_1.2151914283932481,<function wrap.<locals>.calc at 0x7fffbc609488>,0.9580645161290324,20.752152472313313
hilbertian_a_1_b_-1,<function wrap.<locals>.calc at 0x7fffbc609d90>,0.9516129032258064,50.58932366274822
generalized-js_a_inf_b_inf,<function wrap.<locals>.calc at 0x7fffbc609c80>,0.9483870967741936,28.021584597264148
linear,<function kmat_linear at 0x7fffbc6bd950>,0.9451612903225808,59.42294174460184
heat-diffusion_t_0.0948649813020085,<function wrap.<locals>.calc at 0x7fffa81cd0d0>,0.9287096774193548,934862442633.9966
