estimator_key,kmat_fun,avg_test_score,most_freq_best_param
aitchison_c_1.4491853787023124e-06,<function wrap.<locals>.calc at 0x7fffa81cd400>,0.9610752688172044,0.0013359268496820152
aitchison-rbf_c_0.00029137318244831583_g_0.0005720616460668841,<function wrap.<locals>.calc at 0x7fffa81cdbf8>,0.9610752688172044,24.7193173773528
hilbertian_a_1_b_-1,<function wrap.<locals>.calc at 0x7fffbc608d90>,0.957741935483871,24.1569965047314
generalized-js_a_1_b_1,<function wrap.<locals>.calc at 0x7fffbc608598>,0.957741935483871,7.62465317883733
rbf_g_1.2022561163105652,<function wrap.<locals>.calc at 0x7fffbc608488>,0.954516129032258,43.862782014754835
linear,<function kmat_linear at 0x7fffbc6bc950>,0.954516129032258,60.61298476946864
heat-diffusion_t_0.07838107013753745,<function wrap.<locals>.calc at 0x7fffa81d0268>,0.9191397849462366,0.2564326831503478
