estimator_key,kmat_fun,avg_test_score,most_freq_best_param
aitchison-rbf_c_0.00029137318244831583_g_0.0056989798429545645,<function wrap.<locals>.calc at 0x7fffbc5d4c80>,0.9609677419354838,2.3840023678968514
aitchison_c_0.00029137318244831583,<function wrap.<locals>.calc at 0x7fffbc5d4598>,0.9609677419354838,0.006917007471292136
generalized-js_a_1_b_1,<function wrap.<locals>.calc at 0x7fffbc609598>,0.954516129032258,1.7140110307055805
hilbertian_a_1_b_-10,<function wrap.<locals>.calc at 0x7fffbc609e18>,0.9544086021505377,1.0086767540654025
rbf_g_1.20616040454345,<function wrap.<locals>.calc at 0x7fffbc609488>,0.9512903225806453,20.860427184173997
linear,<function kmat_linear at 0x7fffbc6bd950>,0.9478494623655914,28.548012291847243
heat-diffusion_t_0.10773804319248033,<function wrap.<locals>.calc at 0x7fffbc5d4f28>,0.9220430107526882,1.1587098561017883e+19
