estimator_key,kmat_fun,avg_test_score,most_freq_best_param
aitchison-rbf_c_0.00029137318244831583_g_0.005858503237168098,<function wrap.<locals>.calc at 0x7fffb45bdc80>,0.9773118279569892,2.3897473161836134
aitchison_c_1.4491853787023124e-06,<function wrap.<locals>.calc at 0x7fffb45bd400>,0.9740860215053763,0.0028485961932876993
generalized-js_a_10_b_0.5,<function wrap.<locals>.calc at 0x7fffbc6086a8>,0.9609677419354841,10.979020847527853
linear,<function kmat_linear at 0x7fffbc6bc950>,0.9609677419354841,13.712531741484751
rbf_g_0.1188309205166164,<function wrap.<locals>.calc at 0x7fffbc608840>,0.9609677419354841,24.39222386100373
hilbertian_a_1_b_-1,<function wrap.<locals>.calc at 0x7fffbc608d90>,0.957741935483871,50.91781470331765
heat-diffusion_t_0.08353005503685018,<function wrap.<locals>.calc at 0x7fffa81c91e0>,0.9415053763440862,8628.319753670034
