estimator_key,kmat_fun,avg_test_score,most_freq_best_param
aitchison_c_8.489833145005955e-06,<function wrap.<locals>.calc at 0x7fffbc5d0488>,0.970752688172043,0.004317411422703935
aitchison-rbf_c_0.00029137318244831583_g_0.0005550168403776107,<function wrap.<locals>.calc at 0x7fffbc5d0bf8>,0.9675268817204301,24.667200789907763
rbf_g_1.2012088830032457,<function wrap.<locals>.calc at 0x7fffbc609488>,0.9578494623655913,9.932156058359611
generalized-js_a_1_b_1,<function wrap.<locals>.calc at 0x7fffbc609598>,0.9578494623655913,71.32663823071645
hilbertian_a_10_b_-1,<function wrap.<locals>.calc at 0x7fffbc609f28>,0.9546236559139786,9.281447350571401
linear,<function kmat_linear at 0x7fffbc6bd950>,0.9546236559139786,61.41975863786714
heat-diffusion_t_0.10773804319248033,<function wrap.<locals>.calc at 0x7fffbc5d0f28>,0.9282795698924732,1.117580570068143e+20
