estimator_key,kmat_fun,avg_test_score,most_freq_best_param
aitchison_c_8.489833145005955e-06,<function wrap.<locals>.calc at 0x7fffb45be488>,0.9674193548387097,0.009061183994436266
aitchison-rbf_c_7.207726683004171e-09_g_0.0003232957220540802,<function wrap.<locals>.calc at 0x7fffb45be7b8>,0.9609677419354838,1.2095215130306212
rbf_g_12.214254944773016,<function wrap.<locals>.calc at 0x7fffbc6099d8>,0.9506451612903227,3.5118611353472864
hilbertian_a_1_b_-1,<function wrap.<locals>.calc at 0x7fffbc609d90>,0.9477419354838711,50.93095292291214
generalized-js_a_10_b_0.5,<function wrap.<locals>.calc at 0x7fffbc6096a8>,0.9476344086021505,48.604060841288145
linear,<function kmat_linear at 0x7fffbc6bd950>,0.9409677419354839,59.86037407252092
heat-diffusion_t_0.08353005503685018,<function wrap.<locals>.calc at 0x7fffa81ca1e0>,0.9313978494623656,3956.507696649932
