estimator_key,kmat_fun,avg_test_score,most_freq_best_param
aitchison-rbf_c_9.455868430902929e-06_g_0.00015190851294972788,<function wrap.<locals>.calc at 0x7fffb45bba60>,0.9641935483870968,24.706857169352894
aitchison_c_2.9077169707266385e-07,<function wrap.<locals>.calc at 0x7fffb45bb378>,0.9640860215053764,0.0009674358548960767
rbf_g_1.2137061886426863,<function wrap.<locals>.calc at 0x7fffbc608488>,0.9576344086021505,20.986310170341813
generalized-js_a_inf_b_inf,<function wrap.<locals>.calc at 0x7fffbc608c80>,0.9511827956989247,28.2524678589598
hilbertian_a_1_b_-1,<function wrap.<locals>.calc at 0x7fffbc608d90>,0.9511827956989247,51.07487416280965
linear,<function kmat_linear at 0x7fffbc6bc950>,0.9479569892473119,60.73975648426448
heat-diffusion_t_0.0948649813020085,<function wrap.<locals>.calc at 0x7fffb45be0d0>,0.9250537634408603,977860158902.7692
