estimator_key,kmat_fun,avg_test_score,most_freq_best_param
aitchison_c_1.4491853787023124e-06,<function wrap.<locals>.calc at 0x7fffbc5e8400>,0.9643010752688171,0.002807298938469613
aitchison-rbf_c_2.473709701915579e-07_g_6.0234851214329315e-05,<function wrap.<locals>.calc at 0x7fffbc5e88c8>,0.9643010752688171,11.640120961298278
generalized-js_a_inf_b_inf,<function wrap.<locals>.calc at 0x7fffbc609c80>,0.9512903225806453,28.084635390046785
rbf_g_12.137339348896592,<function wrap.<locals>.calc at 0x7fffbc6099d8>,0.9481720430107528,15.84810459969203
hilbertian_a_1_b_-1,<function wrap.<locals>.calc at 0x7fffbc609d90>,0.9480645161290322,50.73819151998666
linear,<function kmat_linear at 0x7fffbc6bc950>,0.9480645161290322,28.80907215966847
heat-diffusion_t_0.10773804319248033,<function wrap.<locals>.calc at 0x7fffbc5e8f28>,0.9286021505376345,1.1451513836720162e+20
