estimator_key,kmat_fun,avg_test_score,most_freq_best_param
aitchison-rbf_c_8.489833145005955e-06_g_0.00014810161195190135,<function wrap.<locals>.calc at 0x7fffbc5eba60>,0.9610752688172044,11.670715707619719
aitchison_c_8.489833145005955e-06,<function wrap.<locals>.calc at 0x7fffbc5eb488>,0.9610752688172044,0.0042861800027165714
generalized-js_a_1_b_0.5,<function wrap.<locals>.calc at 0x7fffbc6097b8>,0.9578494623655913,3.643409907685369
rbf_g_1.2297016811594712,<function wrap.<locals>.calc at 0x7fffbc609488>,0.9546236559139786,20.979957177518884
linear,<function kmat_linear at 0x7fffbc6bc950>,0.9546236559139786,29.201284438217066
hilbertian_a_inf_b_-1,<function wrap.<locals>.calc at 0x7fffbc5eb158>,0.9546236559139786,0.8754341861251599
heat-diffusion_t_0.08901728545190833,<function wrap.<locals>.calc at 0x7fffa81ca158>,0.9319354838709678,64494106.801928155
