estimator_key,kmat_fun,avg_test_score,most_freq_best_param
aitchison_c_0.00029137318244831583,<function wrap.<locals>.calc at 0x7fffb45bc598>,0.9578494623655913,0.03002602432836794
aitchison-rbf_c_0.00029137318244831583_g_0.0005762266247544798,<function wrap.<locals>.calc at 0x7fffb45bcbf8>,0.957741935483871,24.745213262667804
rbf_g_1.2448750570229579,<function wrap.<locals>.calc at 0x7fffbc609488>,0.957741935483871,43.89834166457556
hilbertian_a_inf_b_-1,<function wrap.<locals>.calc at 0x7fffb45bc158>,0.954516129032258,8.104293372621946
generalized-js_a_inf_b_inf,<function wrap.<locals>.calc at 0x7fffbc609c80>,0.9511827956989247,28.01159686657968
linear,<function kmat_linear at 0x7fffbc6bc950>,0.9511827956989247,28.40306633263939
heat-diffusion_t_0.08901728545190833,<function wrap.<locals>.calc at 0x7fffb45bf158>,0.9219354838709679,2558495953.165461
