estimator_key,kmat_fun,avg_test_score,most_freq_best_param
aitchison-rbf_c_0.01_g_0.027824261698185984,<function wrap.<locals>.calc at 0x7fffa81cde18>,0.9644086021505377,0.5006814623481107
rbf_g_12.02265334830562,<function wrap.<locals>.calc at 0x7fffbc6089d8>,0.9611827956989247,3.6132098547011258
aitchison_c_1.4491853787023124e-06,<function wrap.<locals>.calc at 0x7fffa81cd400>,0.9611827956989247,0.0028065484583320414
generalized-js_a_1_b_1,<function wrap.<locals>.calc at 0x7fffbc608598>,0.9578494623655913,7.635802494914285
hilbertian_a_1_b_-1,<function wrap.<locals>.calc at 0x7fffbc608d90>,0.9546236559139786,50.87524038691142
linear,<function kmat_linear at 0x7fffbc6bc950>,0.9512903225806453,29.046929905698885
heat-diffusion_t_0.08353005503685018,<function wrap.<locals>.calc at 0x7fffa81d01e0>,0.9316129032258065,4045.1783361499593
