estimator_key,kmat_fun,avg_test_score,most_freq_best_param
aitchison-rbf_c_8.489833145005955e-06_g_0.00014480791076848862,<function wrap.<locals>.calc at 0x7fffb45bca60>,0.9611827956989247,24.54250852772595
aitchison_c_1.4491853787023124e-06,<function wrap.<locals>.calc at 0x7fffb45bc400>,0.9611827956989247,0.005805942936212245
rbf_g_1.2151583346787036,<function wrap.<locals>.calc at 0x7fffbc609488>,0.954516129032258,44.000261491769095
generalized-js_a_inf_b_inf,<function wrap.<locals>.calc at 0x7fffbc609c80>,0.9513978494623656,28.113145278026686
hilbertian_a_1_b_-1,<function wrap.<locals>.calc at 0x7fffbc609d90>,0.9513978494623656,50.89466369646601
linear,<function kmat_linear at 0x7fffbc6bc950>,0.9448387096774195,29.25167437510747
heat-diffusion_t_0.07838107013753745,<function wrap.<locals>.calc at 0x7fffb45bf268>,0.922258064516129,0.2649981807275547
