estimator_key,kmat_fun,avg_test_score,most_freq_best_param
aitchison-rbf_c_8.489833145005955e-06_g_0.0014823323428197538,<function wrap.<locals>.calc at 0x7fffbc5e8ae8>,0.967741935483871,2.478867421875102
aitchison_c_7.207726683004171e-09,<function wrap.<locals>.calc at 0x7fffbc5e8268>,0.9612903225806452,0.001112196682254949
generalized-js_a_inf_b_inf,<function wrap.<locals>.calc at 0x7fffbc609c80>,0.9547311827956989,28.096362858882816
hilbertian_a_1_b_-1,<function wrap.<locals>.calc at 0x7fffbc609d90>,0.9516129032258064,50.873265934202706
rbf_g_1.1798099473498043,<function wrap.<locals>.calc at 0x7fffbc609488>,0.9513978494623656,43.75561300971479
linear,<function kmat_linear at 0x7fffbc6bc950>,0.9449462365591398,61.764144573286345
heat-diffusion_t_0.10773804319248033,<function wrap.<locals>.calc at 0x7fffbc5e8f28>,0.9287096774193548,2.402018258333513e+20
