estimator_key,kmat_fun,avg_test_score,most_freq_best_param
aitchison_c_4.9736402181054315e-05,<function wrap.<locals>.calc at 0x7fffa81cd510>,0.970752688172043,0.015234942071828999
aitchison-rbf_c_8.489833145005955e-06_g_0.001490733459241351,<function wrap.<locals>.calc at 0x7fffa81cdae8>,0.9675268817204301,1.1800459900473395
rbf_g_1.2119908468670688,<function wrap.<locals>.calc at 0x7fffbc608488>,0.9610752688172044,20.56064900560604
generalized-js_a_inf_b_inf,<function wrap.<locals>.calc at 0x7fffbc608c80>,0.9578494623655913,28.011392894163805
hilbertian_a_inf_b_-1,<function wrap.<locals>.calc at 0x7fffa81cd158>,0.9546236559139786,8.10452429724265
linear,<function kmat_linear at 0x7fffbc6bc950>,0.9512903225806453,27.77650938954615
heat-diffusion_t_0.10773804319248033,<function wrap.<locals>.calc at 0x7fffa81cdf28>,0.9417204301075269,2.2294637244408873e+20
