estimator_key,kmat_fun,avg_test_score,most_freq_best_param
aitchison_c_4.222537557500614e-08,<function wrap.<locals>.calc at 0x7fffb45be2f0>,0.9644086021505377,0.0014376234290036725
aitchison-rbf_c_2.473709701915579e-07_g_0.0006115851792126737,<function wrap.<locals>.calc at 0x7fffb45be950>,0.9611827956989247,2.514573447957992
rbf_g_1.2033185544928382,<function wrap.<locals>.calc at 0x7fffbc609488>,0.9579569892473119,43.90075019556402
generalized-js_a_inf_b_inf,<function wrap.<locals>.calc at 0x7fffbc609c80>,0.957741935483871,28.07351819505554
hilbertian_a_1_b_-1,<function wrap.<locals>.calc at 0x7fffbc609d90>,0.9512903225806453,50.74443017619866
linear,<function kmat_linear at 0x7fffbc6bc950>,0.9512903225806453,61.79814437783704
heat-diffusion_t_0.08901728545190833,<function wrap.<locals>.calc at 0x7fffa81ca158>,0.9287096774193548,31115863.71434703
