estimator_key,kmat_fun,avg_test_score,most_freq_best_param
aitchison-rbf_c_9.455868430902929e-06_g_0.00015207538721490044,<function wrap.<locals>.calc at 0x7fffbc5eaa60>,0.9641935483870968,24.53319825198087
aitchison_c_5.392325074331701e-05,<function wrap.<locals>.calc at 0x7fffbc5ea510>,0.9641935483870968,0.01570716210666584
linear,<function kmat_linear at 0x7fffbc6bc950>,0.9576344086021505,61.66945500871907
generalized-js_a_inf_b_inf,<function wrap.<locals>.calc at 0x7fffbc609c80>,0.9544086021505377,28.07545406002981
hilbertian_a_1_b_-1,<function wrap.<locals>.calc at 0x7fffbc609d90>,0.9544086021505377,50.74907487623741
rbf_g_1.2143010790978461,<function wrap.<locals>.calc at 0x7fffbc609488>,0.9479569892473119,43.9975969329517
heat-diffusion_t_0.08353005503685018,<function wrap.<locals>.calc at 0x7fffa81ca1e0>,0.9187096774193548,4213.601795014514
