estimator_key,kmat_fun,avg_test_score,most_freq_best_param
aitchison-rbf_c_2.473709701915579e-07_g_6.161927666400818e-05,<function wrap.<locals>.calc at 0x7fffbc5d68c8>,0.9638709677419355,24.48805191396187
aitchison_c_0.01,<function wrap.<locals>.calc at 0x7fffbc5d66a8>,0.9608602150537635,0.03962676662577736
generalized-js_a_10_b_0.5,<function wrap.<locals>.calc at 0x7fffbc6096a8>,0.960752688172043,48.11312439464658
hilbertian_a_10_b_-1,<function wrap.<locals>.calc at 0x7fffbc609f28>,0.9575268817204302,19.351420624399676
rbf_g_1.2367729583299054,<function wrap.<locals>.calc at 0x7fffbc609488>,0.9511827956989247,9.940071073081183
linear,<function kmat_linear at 0x7fffbc6bc950>,0.9478494623655914,13.596599558535901
heat-diffusion_t_0.08353005503685018,<function wrap.<locals>.calc at 0x7fffa81ca1e0>,0.9316129032258065,4056.7959492213554
