estimator_key,kmat_fun,avg_test_score,most_freq_best_param
aitchison_c_4.9736402181054315e-05,<function wrap.<locals>.calc at 0x7fffbc5cf510>,0.9774193548387096,0.015094601783928633
aitchison-rbf_c_8.489833145005955e-06_g_0.00014171170335062897,<function wrap.<locals>.calc at 0x7fffbc5cfa60>,0.9741935483870968,11.653036316225053
rbf_g_1.2025814346525074,<function wrap.<locals>.calc at 0x7fffbc608488>,0.9708602150537635,20.947855989403127
linear,<function kmat_linear at 0x7fffbc6bc950>,0.9643010752688171,62.36324946059564
hilbertian_a_1_b_-1,<function wrap.<locals>.calc at 0x7fffbc608d90>,0.9611827956989247,51.101509168317364
generalized-js_a_1_b_1,<function wrap.<locals>.calc at 0x7fffbc608598>,0.9579569892473119,72.2860204238293
heat-diffusion_t_0.10773804319248033,<function wrap.<locals>.calc at 0x7fffbc5cff28>,0.9383870967741936,2.2422744248582944e+21
