estimator_key,kmat_fun,avg_test_score,most_freq_best_param
aitchison-rbf_c_2.473709701915579e-07_g_5.998788818761447e-05,<function wrap.<locals>.calc at 0x7fffb45be8c8>,0.9611827956989247,11.638596021508159
aitchison_c_4.9736402181054315e-05,<function wrap.<locals>.calc at 0x7fffb45be510>,0.9610752688172044,0.00731618058158019
rbf_g_1.1961026249541138,<function wrap.<locals>.calc at 0x7fffbc608488>,0.9548387096774194,20.618615351237015
generalized-js_a_1_b_0.5,<function wrap.<locals>.calc at 0x7fffbc6087b8>,0.9546236559139786,7.668520528262177
hilbertian_a_10_b_-1,<function wrap.<locals>.calc at 0x7fffbc608f28>,0.9513978494623656,4.401386829934343
linear,<function kmat_linear at 0x7fffbc6bc950>,0.9449462365591398,59.38050108488401
heat-diffusion_t_0.08901728545190833,<function wrap.<locals>.calc at 0x7fffa81ca158>,0.9190322580645163,61614328.57460644
