estimator_key,kmat_fun,avg_test_score,most_freq_best_param
aitchison_c_8.489833145005955e-06,<function wrap.<locals>.calc at 0x7fffb45bd488>,0.9705376344086021,0.009144827777153232
linear,<function kmat_linear at 0x7fffbc6bc950>,0.9705376344086021,61.43918666707506
aitchison-rbf_c_8.489833145005955e-06_g_0.00014826422088617917,<function wrap.<locals>.calc at 0x7fffb45bda60>,0.9673118279569893,24.71389408773712
generalized-js_a_inf_b_inf,<function wrap.<locals>.calc at 0x7fffbc609c80>,0.963978494623656,28.267129602410094
hilbertian_a_1_b_-1,<function wrap.<locals>.calc at 0x7fffbc609d90>,0.963978494623656,24.31027123473672
rbf_g_1.190741872246263,<function wrap.<locals>.calc at 0x7fffbc609488>,0.9608602150537635,20.979488507282174
heat-diffusion_t_0.08353005503685018,<function wrap.<locals>.calc at 0x7fffa81c91e0>,0.9381720430107527,3969.422051832222
