estimator_key,kmat_fun,avg_test_score,most_freq_best_param
aitchison_c_0.00029137318244831583,<function wrap.<locals>.calc at 0x7fffb45be598>,0.9643010752688171,0.030212612262492486
aitchison-rbf_c_2.473709701915579e-07_g_6.173416794029812e-05,<function wrap.<locals>.calc at 0x7fffb45be8c8>,0.9641935483870968,11.643658890083072
generalized-js_a_1_b_0.5,<function wrap.<locals>.calc at 0x7fffbc6087b8>,0.9641935483870968,3.6195255833320172
rbf_g_11.997423343909217,<function wrap.<locals>.calc at 0x7fffbc6089d8>,0.957741935483871,7.371564909856104
hilbertian_a_1_b_-inf,<function wrap.<locals>.calc at 0x7fffbc608ea0>,0.954516129032258,8.191282746277412
linear,<function kmat_linear at 0x7fffbc6bc950>,0.954516129032258,3.0545904619278628
heat-diffusion_t_0.0948649813020085,<function wrap.<locals>.calc at 0x7fffa81ca0d0>,0.938494623655914,458531303667.6399
