estimator_key,kmat_fun,avg_test_score,most_freq_best_param
generalized-js_a_1_b_1,<function wrap.<locals>.calc at 0x7fffbc608598>,0.9643010752688171,1.7212782490051954
aitchison_c_4.9736402181054315e-05,<function wrap.<locals>.calc at 0x7fffbc5e5510>,0.9610752688172044,0.007243477701683305
aitchison-rbf_c_0.01_g_0.028213049073317616,<function wrap.<locals>.calc at 0x7fffbc5e5e18>,0.9610752688172044,0.5034948397295411
rbf_g_12.323394558252357,<function wrap.<locals>.calc at 0x7fffbc6089d8>,0.9609677419354838,3.6964779621119246
linear,<function kmat_linear at 0x7fffbc6bc950>,0.957741935483871,13.917871187410004
hilbertian_a_10_b_-1,<function wrap.<locals>.calc at 0x7fffbc608f28>,0.9510752688172044,0.47350678329924
heat-diffusion_t_0.10773804319248033,<function wrap.<locals>.calc at 0x7fffbc5e5f28>,0.9381720430107527,2.394392561168677e+20
