estimator_key,kmat_fun,avg_test_score,most_freq_best_param
aitchison-rbf_c_8.489833145005955e-06_g_0.0015047576572363376,<function wrap.<locals>.calc at 0x7fffbc5ddae8>,0.964516129032258,2.473603944072346
aitchison_c_4.9736402181054315e-05,<function wrap.<locals>.calc at 0x7fffbc5dd510>,0.9611827956989247,0.015320956305757201
hilbertian_a_1_b_-1,<function wrap.<locals>.calc at 0x7fffbc608d90>,0.9580645161290324,11.490636511234586
rbf_g_1.1730019633214552,<function wrap.<locals>.calc at 0x7fffbc608488>,0.9580645161290324,43.65767341932129
generalized-js_a_1_b_1,<function wrap.<locals>.calc at 0x7fffbc608598>,0.9580645161290324,7.675959610148198
linear,<function kmat_linear at 0x7fffbc6bc950>,0.9483870967741936,61.60530872286912
heat-diffusion_t_0.10773804319248033,<function wrap.<locals>.calc at 0x7fffbc5ddf28>,0.9321505376344087,2.4235536665483398e+20
