estimator_key,kmat_fun,avg_test_score,most_freq_best_param
aitchison-rbf_c_8.489833145005955e-06_g_0.00014520417653438822,<function wrap.<locals>.calc at 0x7fffa81cda60>,0.9611827956989247,11.665762534713153
aitchison_c_8.489833145005955e-06,<function wrap.<locals>.calc at 0x7fffa81cd488>,0.9611827956989247,0.004310665296460485
generalized-js_a_1_b_0.5,<function wrap.<locals>.calc at 0x7fffbc6087b8>,0.954731182795699,3.6406516235521837
hilbertian_a_1_b_-1,<function wrap.<locals>.calc at 0x7fffbc608d90>,0.951505376344086,50.67087490316907
rbf_g_0.1215261758522043,<function wrap.<locals>.calc at 0x7fffbc608840>,0.9482795698924731,24.259882160425985
linear,<function kmat_linear at 0x7fffbc6bc950>,0.9417204301075269,58.87634698051415
heat-diffusion_t_0.10109682217047987,<function wrap.<locals>.calc at 0x7fffa81d0048>,0.9287096774193548,1.443180792072251e+16
