estimator_key,kmat_fun,avg_test_score,most_freq_best_param
aitchison-rbf_c_2.473709701915579e-07_g_6.185524197125831e-05,<function wrap.<locals>.calc at 0x7fffbc5d68c8>,0.9675268817204301,11.64954594504486
aitchison_c_2.473709701915579e-07,<function wrap.<locals>.calc at 0x7fffbc5d6378>,0.9641935483870968,0.001991491680195386
hilbertian_a_1_b_-1,<function wrap.<locals>.calc at 0x7fffbc609d90>,0.957741935483871,50.51222502978127
generalized-js_a_10_b_0.5,<function wrap.<locals>.calc at 0x7fffbc6096a8>,0.954516129032258,48.20836527997835
rbf_g_12.096311267384664,<function wrap.<locals>.calc at 0x7fffbc6099d8>,0.9510752688172044,68.063135939982
linear,<function kmat_linear at 0x7fffbc6bc950>,0.9411827956989247,13.466042101274803
heat-diffusion_t_0.07838107013753745,<function wrap.<locals>.calc at 0x7fffa81ca268>,0.9348387096774194,0.2531586635950141
