estimator_key,kmat_fun,avg_test_score,most_freq_best_param
aitchison-rbf_c_8.489833145005955e-06_g_0.000143853410003642,<function wrap.<locals>.calc at 0x7fffa81cda60>,0.9708602150537635,24.520325205450867
aitchison_c_4.9736402181054315e-05,<function wrap.<locals>.calc at 0x7fffa81cd510>,0.9676344086021507,0.01541856819822403
generalized-js_a_inf_b_inf,<function wrap.<locals>.calc at 0x7fffbc608c80>,0.9513978494623657,28.13224257695854
hilbertian_a_1_b_-1,<function wrap.<locals>.calc at 0x7fffbc608d90>,0.9513978494623657,50.998403341526306
rbf_g_1.1802833797387835,<function wrap.<locals>.calc at 0x7fffbc608488>,0.9513978494623657,43.67830756741078
linear,<function kmat_linear at 0x7fffbc6bc950>,0.9481720430107528,61.56109310276467
heat-diffusion_t_0.10773804319248033,<function wrap.<locals>.calc at 0x7fffa81cdf28>,0.9287096774193548,1.2214138582987817e+19
