estimator_key,kmat_fun,avg_test_score,most_freq_best_param
aitchison-rbf_c_0.01_g_0.027703238526168773,<function wrap.<locals>.calc at 0x7fffb45bee18>,0.9675268817204301,4.662433032914129
aitchison_c_0.0017535790777737641,<function wrap.<locals>.calc at 0x7fffb45be620>,0.957741935483871,0.015861894463475214
rbf_g_1.1770022460761016,<function wrap.<locals>.calc at 0x7fffbc608488>,0.9513978494623656,9.901359841539858
hilbertian_a_1_b_-1,<function wrap.<locals>.calc at 0x7fffbc608d90>,0.9512903225806453,50.94090633887833
generalized-js_a_inf_b_inf,<function wrap.<locals>.calc at 0x7fffbc608c80>,0.9480645161290322,28.112683010786863
linear,<function kmat_linear at 0x7fffbc6bc950>,0.9480645161290322,62.057274850115164
heat-diffusion_t_0.08353005503685018,<function wrap.<locals>.calc at 0x7fffa81ca1e0>,0.9318279569892474,4189.421210741895
