estimator_key,kmat_fun,avg_test_score,most_freq_best_param
aitchison-rbf_c_8.489833145005955e-06_g_0.00014961729058647532,<function wrap.<locals>.calc at 0x7fffbc5d7a60>,0.9609677419354838,24.56567004822831
aitchison_c_0.00029137318244831583,<function wrap.<locals>.calc at 0x7fffbc5d7598>,0.9578494623655913,0.03065420182996612
hilbertian_a_1_b_-1,<function wrap.<locals>.calc at 0x7fffbc609d90>,0.9546236559139786,24.093044191163486
rbf_g_1.2178514087971917,<function wrap.<locals>.calc at 0x7fffbc609488>,0.9546236559139786,44.1176683574244
linear,<function kmat_linear at 0x7fffbc6bd950>,0.9546236559139786,61.64398985089884
generalized-js_a_1_b_1,<function wrap.<locals>.calc at 0x7fffbc609598>,0.954516129032258,7.604765915829871
heat-diffusion_t_0.10109682217047987,<function wrap.<locals>.calc at 0x7fffbc5ec048>,0.9350537634408603,1.5727451932066436e+16
