estimator_key,kmat_fun,avg_test_score,most_freq_best_param
aitchison-rbf_c_6.22206061456785e-12_g_1.8752847722481295e-05,<function wrap.<locals>.calc at 0x7fffa8204378>,0.6840909090909092,450.54946283188605
aitchison_c_6.2220606145678505e-09,<function wrap.<locals>.calc at 0x7fffa81fbf28>,0.6583333333333334,0.008364060828083369
linear,<function kmat_linear at 0x7fffbc6bc950>,0.6287878787878788,2276.215408310102
heat-diffusion_t_0.08190397647458283,<function wrap.<locals>.calc at 0x7fffa8204b70>,0.6219696969696971,5.425259213640583e+19
generalized-js_a_inf_b_inf,<function wrap.<locals>.calc at 0x7fffa81fb840>,0.6204545454545455,1.7757781439797717
rbf_g_0.007397474895173107,<function wrap.<locals>.calc at 0x7fffa81fb158>,0.6136363636363636,170.43228624322413
hilbertian_a_1_b_-1,<function wrap.<locals>.calc at 0x7fffa81fb950>,0.5946969696969698,1.3854130415867696
