estimator_key,kmat_fun,avg_test_score,most_freq_best_param
aitchison_c_7.516252769175415e-12,<function wrap.<locals>.calc at 0x7fffb4050950>,0.7143939393939395,0.0029305198804244494
aitchison-rbf_c_7.516252769175415e-12_g_1.8987953923356312e-06,<function wrap.<locals>.calc at 0x7fffb4050e18>,0.6962121212121213,185.31251029042372
hilbertian_a_inf_b_-1,<function wrap.<locals>.calc at 0x7fffb4050840>,0.6886363636363637,5.1565583501086
generalized-js_a_inf_b_10,<function wrap.<locals>.calc at 0x7fffb4050378>,0.681060606060606,1.7485664413651258
heat-diffusion_t_0.08253377698446107,<function wrap.<locals>.calc at 0x7fffb40526a8>,0.6803030303030304,9.072915601815936e+23
rbf_g_0.07176958056167519,<function wrap.<locals>.calc at 0x7fffbc5dbbf8>,0.6613636363636365,169.30797179153976
linear,<function kmat_linear at 0x7fffbc6bd950>,0.6348484848484848,102.05279756591214
