estimator_key,kmat_fun,avg_test_score,most_freq_best_param
aitchison_c_6.22206061456785e-12,<function wrap.<locals>.calc at 0x7fffa81fcd90>,0.7083333333333334,5.301812778322901e-05
aitchison-rbf_c_6.22206061456785e-12_g_1.869211968710268e-06,<function wrap.<locals>.calc at 0x7fffa82052f0>,0.7075757575757576,185.25620858075547
heat-diffusion_t_0.08253377698446107,<function wrap.<locals>.calc at 0x7fffa8205ae8>,0.6810606060606061,8.300252736262377e+23
rbf_g_0.007948481691118739,<function wrap.<locals>.calc at 0x7fffa81fc158>,0.6265151515151516,167.39169208829614
generalized-js_a_inf_b_inf,<function wrap.<locals>.calc at 0x7fffa81fc840>,0.6257575757575757,207.2901281752915
hilbertian_a_inf_b_-1,<function wrap.<locals>.calc at 0x7fffa81fcc80>,0.5818181818181818,2.2865666005597163
linear,<function kmat_linear at 0x7fffbc6bd950>,0.5643939393939394,19.473757964146348
