estimator_key,kmat_fun,avg_test_score,most_freq_best_param
aitchison_c_7.516252769175414e-11,<function wrap.<locals>.calc at 0x7fffa81fce18>,0.7242424242424244,0.003931081664988477
aitchison-rbf_c_7.516252769175415e-10_g_4.620292704566844e-06,<function wrap.<locals>.calc at 0x7fffa8205488>,0.7075757575757575,185.48561609635277
heat-diffusion_t_0.07943246805483016,<function wrap.<locals>.calc at 0x7fffa8205d90>,0.6810606060606061,935.0206675701099
rbf_g_0.007508203558888316,<function wrap.<locals>.calc at 0x7fffa81fc158>,0.6636363636363638,167.40336091407536
linear,<function kmat_linear at 0x7fffbc6bc950>,0.6196969696969699,477.4112936514884
hilbertian_a_10_b_-1,<function wrap.<locals>.calc at 0x7fffa81fcae8>,0.6181818181818182,12.834231005032198
generalized-js_a_1_b_0.5,<function wrap.<locals>.calc at 0x7fffa81fc378>,0.6098484848484849,45.47851011822674
