estimator_key,kmat_fun,avg_test_score,most_freq_best_param
aitchison-rbf_c_6.22206061456785e-12_g_1.8508483717775988e-05,<function wrap.<locals>.calc at 0x7fffa8205378>,0.6795454545454545,445.0297186918009
aitchison_c_6.2220606145678505e-09,<function wrap.<locals>.calc at 0x7fffa81fcf28>,0.6530303030303031,0.00821782335425935
heat-diffusion_t_0.07943246805483016,<function wrap.<locals>.calc at 0x7fffa8205d90>,0.6393939393939394,896.1535411688143
generalized-js_a_1_b_0.5,<function wrap.<locals>.calc at 0x7fffa81fc378>,0.625,45.661690517452435
linear,<function kmat_linear at 0x7fffbc6bc950>,0.6143939393939395,3.9753802835480827
rbf_g_0.007279555049055117,<function wrap.<locals>.calc at 0x7fffa81fc158>,0.6143939393939393,167.39938739347707
hilbertian_a_inf_b_-1,<function wrap.<locals>.calc at 0x7fffa81fcc80>,0.5446969696969697,2.314861113039912
