estimator_key,kmat_fun,avg_test_score,most_freq_best_param
aitchison-rbf_c_7.516252769175415e-06_g_0.0009016300882061018,<function wrap.<locals>.calc at 0x7fffa8205840>,0.7310606060606062,444.30031127427424
aitchison_c_7.516252769175415e-12,<function wrap.<locals>.calc at 0x7fffa81fcd90>,0.721969696969697,0.00296571994454186
heat-diffusion_t_0.08253377698446107,<function wrap.<locals>.calc at 0x7fffa8205ae8>,0.712878787878788,8.824823544084957e+23
generalized-js_a_inf_b_10,<function wrap.<locals>.calc at 0x7fffa81fc7b8>,0.6848484848484848,210.63184513230829
rbf_g_0.007628847284511825,<function wrap.<locals>.calc at 0x7fffa81fc158>,0.6780303030303031,170.4322393244394
linear,<function kmat_linear at 0x7fffbc6bd950>,0.6242424242424243,3.9654588950269707
hilbertian_a_1_b_-1,<function wrap.<locals>.calc at 0x7fffa81fc950>,0.6151515151515151,1.3865539760438839
