estimator_key,kmat_fun,avg_test_score,most_freq_best_param
aitchison-rbf_c_6.22206061456785e-12_g_1.8610806524745213e-05,<function wrap.<locals>.calc at 0x7fffa8205378>,0.7151515151515152,444.53177210240176
aitchison_c_6.222060614567851e-11,<function wrap.<locals>.calc at 0x7fffa81fce18>,0.7060606060606062,0.0038324003202243667
heat-diffusion_t_0.07943246805483016,<function wrap.<locals>.calc at 0x7fffa8205d90>,0.6356060606060606,886.6699758254147
rbf_g_77.24012705761352,<function wrap.<locals>.calc at 0x7fffa81fc488>,0.5992424242424242,0.8617729110836165
generalized-js_a_1_b_0.5,<function wrap.<locals>.calc at 0x7fffa81fc378>,0.5833333333333333,45.304170502421826
linear,<function kmat_linear at 0x7fffbc6bd950>,0.581060606060606,464.46422840320326
hilbertian_a_inf_b_-1,<function wrap.<locals>.calc at 0x7fffa81fcc80>,0.5643939393939394,5.1008201945556735
