estimator_key,kmat_fun,avg_test_score,most_freq_best_param
aitchison_c_6.2220606145678505e-09,<function wrap.<locals>.calc at 0x7fffb4050ae8>,0.6712121212121211,0.0003402860680561914
aitchison-rbf_c_6.22206061456785e-12_g_1.8610806524745213e-05,<function wrap.<locals>.calc at 0x7fffb4050ea0>,0.6613636363636364,444.365688794759
heat-diffusion_t_0.0806587564674838,<function wrap.<locals>.calc at 0x7fffb4052840>,0.6159090909090909,237620480983.7802
rbf_g_77.31234647577148,<function wrap.<locals>.calc at 0x7fffbc5dbc80>,0.5901515151515151,0.8674764380323955
generalized-js_a_inf_b_10,<function wrap.<locals>.calc at 0x7fffb4050378>,0.5636363636363637,1.738934790314499
linear,<function kmat_linear at 0x7fffbc6bc950>,0.5212121212121211,9.058284985428676
hilbertian_a_1_b_-1,<function wrap.<locals>.calc at 0x7fffb4050510>,0.5098484848484849,6.71890808601066
