estimator_key,kmat_fun,avg_test_score,most_freq_best_param
aitchison_c_6.22206061456785e-10,<function wrap.<locals>.calc at 0x7fffb4050a60>,0.7106060606060607,0.005560268880814186
aitchison-rbf_c_6.22206061456785e-12_g_1.8873432988991482e-06,<function wrap.<locals>.calc at 0x7fffb4050e18>,0.7106060606060607,188.78991686475047
heat-diffusion_t_0.08253377698446107,<function wrap.<locals>.calc at 0x7fffb40526a8>,0.6590909090909092,8.569452361247241e+23
linear,<function kmat_linear at 0x7fffbc6bc950>,0.6409090909090909,212.46205135042314
generalized-js_a_inf_b_0.5,<function wrap.<locals>.calc at 0x7fffb4050268>,0.5954545454545455,1.5875177057144105
hilbertian_a_inf_b_-1,<function wrap.<locals>.calc at 0x7fffb4050840>,0.5954545454545455,2.3328079915324067
rbf_g_0.7553152822193118,<function wrap.<locals>.calc at 0x7fffbc5dab70>,0.5863636363636363,192.0641020945862
