estimator_key,kmat_fun,avg_test_score,most_freq_best_param
aitchison_c_6.22206061456785e-10,<function wrap.<locals>.calc at 0x7fffbc265ea0>,0.668939393939394,0.005447592575502213
aitchison-rbf_c_6.22206061456785e-10_g_4.370565945608648e-06,<function wrap.<locals>.calc at 0x7fffbc26e488>,0.6416666666666667,185.58399335159191
linear,<function kmat_linear at 0x7fffbc6bd950>,0.6075757575757577,3.9322965049566725
rbf_g_0.07329930553985455,<function wrap.<locals>.calc at 0x7fffbc265048>,0.6068181818181818,34.413716176756715
heat-diffusion_t_0.07943246805483016,<function wrap.<locals>.calc at 0x7fffbc26ed90>,0.5992424242424242,929.1274860771783
generalized-js_a_inf_b_10,<function wrap.<locals>.calc at 0x7fffbc2657b8>,0.5909090909090909,1.7423923406129267
hilbertian_a_10_b_-1,<function wrap.<locals>.calc at 0x7fffbc265ae8>,0.5636363636363636,2.6149489280148632
