estimator_key,kmat_fun,avg_test_score,most_freq_best_param
generalized-js_a_inf_b_1,<function wrap.<locals>.calc at 0x7fffb45bf048>,0.8547619047619047,1.6412380787880252
hilbertian_a_1_b_-inf,<function wrap.<locals>.calc at 0x7fffb45bf378>,0.8547619047619047,1.6412380787880252
rbf_g_0.053223037407918866,<function wrap.<locals>.calc at 0x7fffbc608b70>,0.7923809523809523,102.5369027572359
linear,<function kmat_linear at 0x7fffbc6bd950>,0.7914285714285715,56.14990869772616
aitchison_c_7.826114806032134e-05,<function wrap.<locals>.calc at 0x7fffb45bf950>,0.7866666666666667,0.005049382622613424
aitchison-rbf_c_1.5537994118497425e-05_g_0.0009174441386048443,<function wrap.<locals>.calc at 0x7fffb45bff28>,0.7866666666666666,263.59940772229714
heat-diffusion_t_0.09787635250924033,<function wrap.<locals>.calc at 0x7fffa81ce400>,0.6104761904761905,7.802216762147021e+23
