estimator_key,kmat_fun,avg_test_score,most_freq_best_param
hilbertian_a_1_b_-1,<function wrap.<locals>.calc at 0x7fffb45bf268>,0.7980952380952381,10.393286920037161
generalized-js_a_1_b_1,<function wrap.<locals>.calc at 0x7fffbc6089d8>,0.7919047619047619,14.407126414894934
aitchison_c_0.01,<function wrap.<locals>.calc at 0x7fffb45bfae8>,0.7852380952380953,0.03503941960838206
aitchison-rbf_c_1.5537994118497425e-05_g_0.0009273386264385239,<function wrap.<locals>.calc at 0x7fffb45bff28>,0.7771428571428572,2.4084471866867783
rbf_g_0.5390713581582935,<function wrap.<locals>.calc at 0x7fffbc608c80>,0.75,115.03889002991197
linear,<function kmat_linear at 0x7fffbc6bd950>,0.7495238095238095,55.920955068693836
heat-diffusion_t_0.09787635250924033,<function wrap.<locals>.calc at 0x7fffa81ce400>,0.6123809523809525,7.695399023878612e+23
