estimator_key,kmat_fun,avg_test_score,most_freq_best_param
aitchison-rbf_c_2.414292612264606e-08_g_0.00022430615687543275,<function wrap.<locals>.calc at 0x7fffbc5d3bf8>,0.8471428571428572,264.0975647782418
generalized-js_a_10_b_1,<function wrap.<locals>.calc at 0x7fffbc608840>,0.8123809523809523,7.4397784390157184
aitchison_c_1.5537994118497425e-05,<function wrap.<locals>.calc at 0x7fffbc5d38c8>,0.8123809523809523,0.001415993923381122
hilbertian_a_10_b_-10,<function wrap.<locals>.calc at 0x7fffbc5d3488>,0.8052380952380952,0.5324706329440029
linear,<function kmat_linear at 0x7fffbc6bd950>,0.7509523809523809,59.573495968952315
rbf_g_0.5140237488966418,<function wrap.<locals>.calc at 0x7fffbc608c80>,0.7285714285714286,114.6296488281291
heat-diffusion_t_0.09787635250924033,<function wrap.<locals>.calc at 0x7fffa81ce400>,0.6190476190476191,7.875006578917058e+23
