estimator_key,kmat_fun,avg_test_score,most_freq_best_param
aitchison-rbf_c_2.414292612264606e-08_g_0.0002289599193810659,<function wrap.<locals>.calc at 0x7fffa87720d0>,0.8400000000000001,2.4118456465519067
aitchison_c_6.12480729571954e-07,<function wrap.<locals>.calc at 0x7fffa8768bf8>,0.8338095238095239,0.0014563126738795795
generalized-js_a_inf_b_inf,<function wrap.<locals>.calc at 0x7fffa8768598>,0.7876190476190476,130.65821741149912
hilbertian_a_inf_b_-1,<function wrap.<locals>.calc at 0x7fffa87689d8>,0.7657142857142857,1.6098842763208112
rbf_g_5.5634937110150915,<function wrap.<locals>.calc at 0x7fffb4584f28>,0.7585714285714287,4.660707016986775
linear,<function kmat_linear at 0x7fffbc6bd950>,0.7452380952380954,54.05597304474438
heat-diffusion_t_0.09787635250924033,<function wrap.<locals>.calc at 0x7fffa8772840>,0.6242857142857143,7.714346361946491e+23
