estimator_key,kmat_fun,avg_test_score,most_freq_best_param
aitchison-rbf_c_6.12480729571954e-07_g_0.00040102614130414565,<function wrap.<locals>.calc at 0x7fffb45bfd90>,0.8123809523809523,2.4020221296563755
aitchison_c_6.12480729571954e-07,<function wrap.<locals>.calc at 0x7fffb45bf7b8>,0.8123809523809523,0.0006657789782234658
generalized-js_a_inf_b_1,<function wrap.<locals>.calc at 0x7fffb45bf048>,0.8076190476190476,1.646646999772648
hilbertian_a_1_b_-inf,<function wrap.<locals>.calc at 0x7fffb45bf378>,0.8076190476190476,1.646646999772648
rbf_g_0.05260059024018756,<function wrap.<locals>.calc at 0x7fffbc608b70>,0.779047619047619,102.52236406341069
linear,<function kmat_linear at 0x7fffbc6bd950>,0.7309523809523808,25.582289161119263
heat-diffusion_t_0.09787635250924033,<function wrap.<locals>.calc at 0x7fffa81ce400>,0.610952380952381,7.874992131729291e+23
