estimator_key,kmat_fun,avg_test_score,most_freq_best_param
aitchison-rbf_c_2.414292612264606e-08_g_2.286907765704513e-05,<function wrap.<locals>.calc at 0x7fffb45bfb70>,0.8414285714285714,10.674025047351234
aitchison_c_2.414292612264606e-08,<function wrap.<locals>.calc at 0x7fffb45bf6a8>,0.8276190476190477,0.000391001709731712
hilbertian_a_1_b_-1,<function wrap.<locals>.calc at 0x7fffb45bf268>,0.8133333333333332,10.438571563598032
generalized-js_a_1_b_0.5,<function wrap.<locals>.calc at 0x7fffbc608bf8>,0.7919047619047619,15.13575633468353
linear,<function kmat_linear at 0x7fffbc6bc950>,0.762857142857143,119.60261892749642
rbf_g_0.05236178509660527,<function wrap.<locals>.calc at 0x7fffbc608b70>,0.7571428571428571,102.48435165376165
heat-diffusion_t_0.09787635250924033,<function wrap.<locals>.calc at 0x7fffa81ce400>,0.5961904761904762,7.827069181702139e+23
