estimator_key,kmat_fun,avg_test_score,most_freq_best_param
aitchison-rbf_c_2.414292612264606e-08_g_0.0002270152089105243,<function wrap.<locals>.calc at 0x7fffa81cebf8>,0.828095238095238,2.409019702905271
aitchison_c_1.2160212582681293e-07,<function wrap.<locals>.calc at 0x7fffa81ce730>,0.8266666666666668,0.0010758192982001987
hilbertian_a_10_b_-inf,<function wrap.<locals>.calc at 0x7fffa81ce510>,0.8195238095238094,0.25661438151308463
generalized-js_a_inf_b_1,<function wrap.<locals>.calc at 0x7fffa81ce048>,0.8128571428571428,3.5949304729330884
rbf_g_0.05483422762873127,<function wrap.<locals>.calc at 0x7fffbc608b70>,0.778095238095238,102.51598816438533
linear,<function kmat_linear at 0x7fffbc6bd950>,0.7295238095238095,274.5485470149349
heat-diffusion_t_0.09787635250924033,<function wrap.<locals>.calc at 0x7fffa81d1400>,0.6185714285714287,7.92162553208866e+23
