estimator_key,kmat_fun,avg_test_score,most_freq_best_param
aitchison_c_3.08491847117262e-06,<function wrap.<locals>.calc at 0x7fffa81ce840>,0.8276190476190475,0.0009286654667769236
aitchison-rbf_c_1.5537994118497425e-05_g_9.148949975949386e-05,<function wrap.<locals>.calc at 0x7fffa81ceea0>,0.8266666666666665,10.675180724020986
hilbertian_a_10_b_-1,<function wrap.<locals>.calc at 0x7fffa81ce400>,0.8261904761904763,4.017516518284748
generalized-js_a_inf_b_0.5,<function wrap.<locals>.calc at 0x7fffbc608f28>,0.8195238095238094,2.4375116577077236
linear,<function kmat_linear at 0x7fffbc6bd950>,0.8047619047619048,125.60271418527509
rbf_g_5.311786318044216,<function wrap.<locals>.calc at 0x7fffbc6088c8>,0.7976190476190477,4.688768485500437
heat-diffusion_t_0.07875819493558413,<function wrap.<locals>.calc at 0x7fffa81d16a8>,0.5966666666666667,934.9642098090902
