estimator_key,kmat_fun,avg_test_score,most_freq_best_param
aitchison-rbf_c_1.5537994118497425e-05_g_0.0009149417969917045,<function wrap.<locals>.calc at 0x7fffb45bff28>,0.8328571428571427,2.4072982953728417
generalized-js_a_inf_b_0.5,<function wrap.<locals>.calc at 0x7fffbc608f28>,0.8271428571428572,55.818427860643766
hilbertian_a_10_b_-1,<function wrap.<locals>.calc at 0x7fffb45bf400>,0.8271428571428572,4.007579165022916
aitchison_c_3.08491847117262e-06,<function wrap.<locals>.calc at 0x7fffb45bf840>,0.8257142857142856,0.000942203098759366
linear,<function kmat_linear at 0x7fffbc6bd950>,0.7919047619047619,54.62453879654538
rbf_g_0.5435327978312099,<function wrap.<locals>.calc at 0x7fffbc608c80>,0.7919047619047619,52.43568872522728
heat-diffusion_t_0.0859109582035507,<function wrap.<locals>.calc at 0x7fffa81ce598>,0.5976190476190476,229338901815.68555
