estimator_key,kmat_fun,avg_test_score,most_freq_best_param
aitchison-rbf_c_1.5537994118497425e-05_g_9.07916417161438e-05,<function wrap.<locals>.calc at 0x7fffa81ceea0>,0.8061904761904761,10.67483261738903
aitchison_c_1.5537994118497425e-05,<function wrap.<locals>.calc at 0x7fffa81ce8c8>,0.7923809523809524,0.0030617156724083803
generalized-js_a_inf_b_1,<function wrap.<locals>.calc at 0x7fffa81ce048>,0.7723809523809523,82.78909777440876
hilbertian_a_1_b_-inf,<function wrap.<locals>.calc at 0x7fffa81ce378>,0.7723809523809523,82.78909777440876
rbf_g_0.05095668524909972,<function wrap.<locals>.calc at 0x7fffbc608b70>,0.7028571428571428,102.47207217524452
linear,<function kmat_linear at 0x7fffbc6bd950>,0.6876190476190477,11.884097605855192
heat-diffusion_t_0.07875819493558413,<function wrap.<locals>.calc at 0x7fffa81d16a8>,0.5966666666666668,934.6616066161055
