estimator_key,kmat_fun,avg_test_score,most_freq_best_param
aitchison-rbf_c_6.12480729571954e-07_g_0.00040950360285188866,<function wrap.<locals>.calc at 0x7fffa81ced90>,0.8195238095238097,2.3996728045154097
aitchison_c_0.0003941826241540511,<function wrap.<locals>.calc at 0x7fffa81ce9d8>,0.8,0.009745662882535222
generalized-js_a_inf_b_inf,<function wrap.<locals>.calc at 0x7fffa81ce158>,0.790952380952381,130.81251871021593
hilbertian_a_1_b_-1,<function wrap.<locals>.calc at 0x7fffa81ce268>,0.7857142857142857,4.763145355964045
rbf_g_0.05372947300830895,<function wrap.<locals>.calc at 0x7fffbc608b70>,0.7638095238095237,102.55077342973516
linear,<function kmat_linear at 0x7fffbc6bd950>,0.7557142857142857,575.8683587818086
heat-diffusion_t_0.09787635250924033,<function wrap.<locals>.calc at 0x7fffa81d1400>,0.6252380952380954,7.628182686265535e+23
