estimator_key,kmat_fun,avg_test_score,most_freq_best_param
heat-diffusion_t_0.10109682217047987,<function wrap.<locals>.calc at 0x7fffb25ae0d0>,-0.24073579182034988,1.6525334103051371e-16
generalized-js_a_inf_b_inf,<function wrap.<locals>.calc at 0x7fffbc608d08>,-0.24646930933916594,0.02275849782745427
aitchison-rbf_c_0.01_g_0.026412509670031035,<function wrap.<locals>.calc at 0x7fffb25aaea0>,-0.24647688485856928,1.2201113677404682
hilbertian_a_1_b_-1,<function wrap.<locals>.calc at 0x7fffbc608e18>,-0.24660028130170106,0.23884009094592423
aitchison_c_0.00029137318244831583,<function wrap.<locals>.calc at 0x7fffb25aa620>,-0.25215765210739294,853.7824333498493
rbf_g_12.59917186124553,<function wrap.<locals>.calc at 0x7fffbc608a60>,-0.25394591897773083,1.5436134333946385
linear,<function kmat_linear at 0x7fffbc6bc950>,-0.26209297184937486,0.8650507998335801
