estimator_key,kmat_fun,avg_test_score,most_freq_best_param
heat-diffusion_t_0.10109682217047987,<function wrap.<locals>.calc at 0x7fffb25ac0d0>,-0.23351272055072253,1.722886436253261e-16
aitchison-rbf_c_0.00029137318244831583_g_0.005464576559521409,<function wrap.<locals>.calc at 0x7fffb25a8d08>,-0.234418520987871,2.3956418173872414
generalized-js_a_inf_b_inf,<function wrap.<locals>.calc at 0x7fffbc608d08>,-0.23531966490108544,0.022858993528643703
hilbertian_a_inf_b_-1,<function wrap.<locals>.calc at 0x7fffb25a81e0>,-0.2361651776844622,0.7141484346629525
rbf_g_12.116434424154676,<function wrap.<locals>.calc at 0x7fffbc608a60>,-0.24105754273845817,1.6025920301231469
aitchison_c_0.00029137318244831583,<function wrap.<locals>.calc at 0x7fffb25a8620>,-0.24524074040824434,396.9480332777463
linear,<function kmat_linear at 0x7fffbc6bc950>,-0.26323140883715557,1.8508474847531533
