estimator_key,kmat_fun,avg_test_score,most_freq_best_param
heat-diffusion_t_0.0948649813020085,<function wrap.<locals>.calc at 0x7fffb25ac158>,-0.24027568996312806,2.668389297896117e-12
aitchison-rbf_c_0.0003075039582005885_g_0.005550206477064536,<function wrap.<locals>.calc at 0x7fffb25a8d08>,-0.24473608473690867,4.97052665687384
generalized-js_a_inf_b_inf,<function wrap.<locals>.calc at 0x7fffbc608d08>,-0.24652641061211727,0.022872482339153125
rbf_g_12.292170514981608,<function wrap.<locals>.calc at 0x7fffbc608a60>,-0.24935880799785198,1.598924010314854
aitchison_c_5.392325074331701e-05,<function wrap.<locals>.calc at 0x7fffb25a8598>,-0.24971872043738275,751.0351569361948
hilbertian_a_inf_b_-1,<function wrap.<locals>.calc at 0x7fffb25a81e0>,-0.250327883543107,1.4931191035042208
linear,<function kmat_linear at 0x7fffbc6bc950>,-0.271737817777285,1.8465738109523477
