estimator_key,kmat_fun,avg_test_score,most_freq_best_param
aitchison-rbf_c_0.00029137318244831583_g_0.005146950316489223,<function wrap.<locals>.calc at 0x7fffb25a9d08>,-0.24086356940924641,2.404595030796846
heat-diffusion_t_0.0948649813020085,<function wrap.<locals>.calc at 0x7fffb25ad158>,-0.2442715491902694,2.5605444972768533e-12
generalized-js_a_inf_b_inf,<function wrap.<locals>.calc at 0x7fffbc608d08>,-0.2445742591952448,0.022758980296202967
hilbertian_a_1_b_-inf,<function wrap.<locals>.calc at 0x7fffbc608f28>,-0.24474103386880547,1.46312132467713
aitchison_c_0.00029137318244831583,<function wrap.<locals>.calc at 0x7fffb25a9620>,-0.24882219571945882,841.9196581285344
rbf_g_12.264338151308419,<function wrap.<locals>.calc at 0x7fffbc608a60>,-0.2540272348713061,1.5292110876806964
linear,<function kmat_linear at 0x7fffbc6bc950>,-0.25868866778003147,1.7805950882378139
