estimator_key,kmat_fun,avg_test_score,most_freq_best_param
aitchison-rbf_c_0.00029137318244831583_g_0.0052528966435516555,<function wrap.<locals>.calc at 0x7fffb25a8d08>,-0.21397023366021428,2.3818384434952753
heat-diffusion_t_0.10773804319248033,<function wrap.<locals>.calc at 0x7fffb25ac048>,-0.21470533483025073,5.024691167370371e-21
aitchison_c_0.00029137318244831583,<function wrap.<locals>.calc at 0x7fffb25a8620>,-0.21943933339667523,404.7492397484107
rbf_g_12.135558892544145,<function wrap.<locals>.calc at 0x7fffbc608a60>,-0.22198101315988827,0.7373711613834903
generalized-js_a_inf_b_inf,<function wrap.<locals>.calc at 0x7fffbc608d08>,-0.2246588371083153,0.022887961313244956
hilbertian_a_inf_b_-1,<function wrap.<locals>.calc at 0x7fffb25a81e0>,-0.22602218741473398,0.711717523959099
linear,<function kmat_linear at 0x7fffbc6bc950>,-0.2313065204203383,1.7967525215383877
