estimator_key,kmat_fun,avg_test_score,most_freq_best_param
aitchison-rbf_c_0.0003075039582005885_g_0.005167708853352305,<function wrap.<locals>.calc at 0x7fffb25a8d08>,-0.252408492473133,2.3988757151511884
heat-diffusion_t_0.10109682217047987,<function wrap.<locals>.calc at 0x7fffb25ac0d0>,-0.2552719523677699,1.5812370519772142e-16
aitchison_c_5.392325074331701e-05,<function wrap.<locals>.calc at 0x7fffb25a8598>,-0.26007960295653376,1621.3672088325602
generalized-js_a_inf_b_inf,<function wrap.<locals>.calc at 0x7fffbc609d08>,-0.26234739751622727,0.022737548526492898
rbf_g_12.51960411785723,<function wrap.<locals>.calc at 0x7fffbc609a60>,-0.26236566987387916,1.4762870460030002
hilbertian_a_inf_b_-1,<function wrap.<locals>.calc at 0x7fffb25a81e0>,-0.2652749033467878,1.4770678537439779
linear,<function kmat_linear at 0x7fffbc6bd950>,-0.27583970060900775,1.7532256823566899
