estimator_key,kmat_fun,avg_test_score,most_freq_best_param
aitchison-rbf_c_0.00029137318244831583_g_0.005060625421519303,<function wrap.<locals>.calc at 0x7fffb25a8d08>,-0.2441394584284864,2.387923767058957
heat-diffusion_t_0.10773804319248033,<function wrap.<locals>.calc at 0x7fffb25ac048>,-0.24587829325651697,1.0537063165737423e-20
aitchison_c_0.00029137318244831583,<function wrap.<locals>.calc at 0x7fffb25a8620>,-0.25070849828464936,402.01405474848525
rbf_g_12.10563813721182,<function wrap.<locals>.calc at 0x7fffbc609a60>,-0.25405700132067094,1.5520719911987073
hilbertian_a_1_b_-1,<function wrap.<locals>.calc at 0x7fffbc609e18>,-0.25486195654802013,0.2379296691103826
generalized-js_a_inf_b_inf,<function wrap.<locals>.calc at 0x7fffbc609d08>,-0.25600257617754224,0.022726657429302584
linear,<function kmat_linear at 0x7fffbc6bc950>,-0.2713334706936137,1.7793723738112872
