estimator_key,kmat_fun,avg_test_score,most_freq_best_param
aitchison-rbf_c_0.00029137318244831583_g_0.005283146451647593,<function wrap.<locals>.calc at 0x7fffb25a9d08>,-0.21917692222212462,2.408915219091838
hilbertian_a_inf_b_-1,<function wrap.<locals>.calc at 0x7fffb25a91e0>,-0.2222551542952207,0.7153127876266377
heat-diffusion_t_0.0948649813020085,<function wrap.<locals>.calc at 0x7fffb25ad158>,-0.2222845170953794,1.3199429874399792e-12
generalized-js_a_inf_b_inf,<function wrap.<locals>.calc at 0x7fffbc609d08>,-0.22250934630719157,0.022874150665302295
aitchison_c_0.0017069656775937684,<function wrap.<locals>.calc at 0x7fffb25a96a8>,-0.22320117605135031,173.80052756104715
rbf_g_12.455497245378675,<function wrap.<locals>.calc at 0x7fffbc609a60>,-0.23093779395783692,1.6508027217917203
linear,<function kmat_linear at 0x7fffbc6bd950>,-0.24209478774434348,1.8942262258302505
