estimator_key,kmat_fun,avg_test_score,most_freq_best_param
aitchison-rbf_c_0.00029137318244831583_g_0.00544189398105069,<function wrap.<locals>.calc at 0x7fffb25a8d08>,-0.23299571504582137,2.3883675292306177
heat-diffusion_t_0.10773804319248033,<function wrap.<locals>.calc at 0x7fffb25ac048>,-0.2333666898238922,1.1083894278756702e-20
aitchison_c_4.9736402181054315e-05,<function wrap.<locals>.calc at 0x7fffb25a8598>,-0.23558101126711845,765.0675481384746
generalized-js_a_inf_b_inf,<function wrap.<locals>.calc at 0x7fffbc608d08>,-0.23678723438744959,0.022988217824604522
hilbertian_a_1_b_-10,<function wrap.<locals>.calc at 0x7fffbc608ea0>,-0.23766164951591034,0.6258713122665928
rbf_g_12.184666531388132,<function wrap.<locals>.calc at 0x7fffbc608a60>,-0.24019726617093046,0.765385531006489
linear,<function kmat_linear at 0x7fffbc6bc950>,-0.2545246825650852,1.850059373025963
