estimator_key,kmat_fun,avg_test_score,most_freq_best_param
heat-diffusion_t_0.0948649813020085,<function wrap.<locals>.calc at 0x7fffb25ac158>,-0.24632384131416515,1.259646767662048e-12
aitchison-rbf_c_0.00029137318244831583_g_0.005390003819454611,<function wrap.<locals>.calc at 0x7fffb25a8d08>,-0.24806559303324643,2.373889901416801
generalized-js_a_inf_b_inf,<function wrap.<locals>.calc at 0x7fffbc608d08>,-0.2510712045857853,0.02281964185385767
aitchison_c_0.00029137318244831583,<function wrap.<locals>.calc at 0x7fffb25a8620>,-0.252517610179076,831.3818087266418
rbf_g_12.257883792052503,<function wrap.<locals>.calc at 0x7fffbc608a60>,-0.2537256725510845,0.7533297139907333
hilbertian_a_1_b_-inf,<function wrap.<locals>.calc at 0x7fffbc608f28>,-0.2559061099442731,0.703913004779075
linear,<function kmat_linear at 0x7fffbc6bc950>,-0.2704082562199047,1.828601335428826
