estimator_key,kmat_fun,avg_test_score,most_freq_best_param
heat-diffusion_t_0.08353005503685018,<function wrap.<locals>.calc at 0x7fffb25ac268>,-0.24220251497907658,0.0006297881885676742
aitchison-rbf_c_0.00029137318244831583_g_0.005105328562044824,<function wrap.<locals>.calc at 0x7fffb25a8d08>,-0.24513170981033108,2.3972961359001834
generalized-js_a_inf_b_inf,<function wrap.<locals>.calc at 0x7fffbc608d08>,-0.24987119110736536,0.022782494299463156
hilbertian_a_10_b_-1,<function wrap.<locals>.calc at 0x7fffb25a8048>,-0.2500687869033749,0.6236439164659423
aitchison_c_0.00029137318244831583,<function wrap.<locals>.calc at 0x7fffb25a8620>,-0.25527489792024183,403.4811672696157
rbf_g_12.483244527369033,<function wrap.<locals>.calc at 0x7fffbc608a60>,-0.25937538873325955,1.5713994606898605
linear,<function kmat_linear at 0x7fffbc6bc950>,-0.2719329333521513,1.8248771044378211
