estimator_key,kmat_fun,avg_test_score,most_freq_best_param
aitchison-rbf_c_0.00029137318244831583_g_0.005004453808110932,<function wrap.<locals>.calc at 0x7fffb25a9d08>,-0.24137180281378087,2.402330390046206
generalized-js_a_inf_b_inf,<function wrap.<locals>.calc at 0x7fffbc609d08>,-0.24226269606032638,0.02271723659214331
hilbertian_a_1_b_-1,<function wrap.<locals>.calc at 0x7fffbc609e18>,-0.24265461659966947,0.23790220146351507
heat-diffusion_t_0.10773804319248033,<function wrap.<locals>.calc at 0x7fffb25ad048>,-0.24289099234782832,1.0578309961066601e-20
aitchison_c_0.00029137318244831583,<function wrap.<locals>.calc at 0x7fffb25a9620>,-0.24521116313999514,404.1286071507121
rbf_g_12.367000252688388,<function wrap.<locals>.calc at 0x7fffbc609a60>,-0.25408940459998963,1.5204721018561018
linear,<function kmat_linear at 0x7fffbc6bd950>,-0.25470460377472476,1.7702156529738586
