estimator_key,kmat_fun,avg_test_score,most_freq_best_param
aitchison_c_2.152866475984371e-05,<function wrap.<locals>.calc at 0x7fffbc5c81e0>,-103.76110656940659,70.1395464603443
aitchison-rbf_c_2.7798591614473272e-06_g_9.113551379203392e-05,<function wrap.<locals>.calc at 0x7fffbc5c87b8>,-106.26095737198023,0.00020669934747274965
generalized-js_a_inf_b_10,<function wrap.<locals>.calc at 0x7fffbc63f8c8>,-128.34427521031793,0.0002940789900094386
rbf_g_0.012172644063304988,<function wrap.<locals>.calc at 0x7fffbc63f1e0>,-134.879561320521,0.0005039529733039669
hilbertian_a_1_b_-1,<function wrap.<locals>.calc at 0x7fffbc63fa60>,-138.34773869124518,0.00020801218488486484
heat-diffusion_t_0.08131300513055852,<function wrap.<locals>.calc at 0x7fffbc5c8bf8>,-179.36631830465976,2.463143042173619e-25
linear,<function kmat_linear at 0x7fffbc6bea60>,-189.8768895877147,0.028358249238195608
