estimator_key,kmat_fun,avg_test_score,most_freq_best_param
aitchison-rbf_c_2.7798591614473272e-06_g_9.328674340715983e-05,<function wrap.<locals>.calc at 0x7fffbc5c87b8>,-112.09688479552094,0.00020584660978784094
aitchison_c_2.7798591614473272e-06,<function wrap.<locals>.calc at 0x7fffbc5c8158>,-114.27349628722156,2.2747304514050484
generalized-js_a_inf_b_10,<function wrap.<locals>.calc at 0x7fffbc63f8c8>,-127.90141457928503,0.0002945185688076891
hilbertian_a_1_b_-inf,<function wrap.<locals>.calc at 0x7fffbc63fb70>,-138.9291482622188,0.04109699195825911
rbf_g_0.012122817729419763,<function wrap.<locals>.calc at 0x7fffbc63f1e0>,-139.46741235353448,0.0027226314481593053
linear,<function kmat_linear at 0x7fffbc6bda60>,-145.34841335631225,0.06601906678466721
heat-diffusion_t_0.08131300513055852,<function wrap.<locals>.calc at 0x7fffbc5c8bf8>,-172.40534038418232,2.608586868013171e-25
