estimator_key,kmat_fun,avg_test_score,most_freq_best_param
aitchison-rbf_c_2.7798591614473272e-06_g_9.259875512548578e-05,<function wrap.<locals>.calc at 0x7fffbc5c87b8>,-96.53886257410707,0.00020600860170816296
aitchison_c_2.7798591614473272e-06,<function wrap.<locals>.calc at 0x7fffbc5c8158>,-98.58904011912256,363.538936029665
generalized-js_a_inf_b_10,<function wrap.<locals>.calc at 0x7fffbc63f8c8>,-112.21749295721979,0.0002954939718620155
hilbertian_a_1_b_-1,<function wrap.<locals>.calc at 0x7fffbc63fa60>,-114.99287123358889,0.03300020037142491
rbf_g_0.011787014129814791,<function wrap.<locals>.calc at 0x7fffbc63f1e0>,-119.35536522354099,0.0005039524294261356
linear,<function kmat_linear at 0x7fffbc6bea60>,-131.23738685474257,0.06569982032899688
heat-diffusion_t_0.08131300513055852,<function wrap.<locals>.calc at 0x7fffbc5c8bf8>,-170.14335821680487,2.6586199934445496e-25
