estimator_key,kmat_fun,avg_test_score,most_freq_best_param
aitchison-rbf_c_2.7798591614473272e-06_g_9.269522687473607e-05,<function wrap.<locals>.calc at 0x7fffbc5d27b8>,-91.97743172550527,0.00020622205283871148
aitchison_c_2.7798591614473272e-06,<function wrap.<locals>.calc at 0x7fffbc5d2158>,-92.61679040617048,154.74934681064607
generalized-js_a_1_b_0.5,<function wrap.<locals>.calc at 0x7fffbc63f158>,-110.91316397481748,0.02355735999772238
rbf_g_1.1281517716787925,<function wrap.<locals>.calc at 0x7fffbc63f598>,-113.55233180526359,0.030858794768413165
linear,<function kmat_linear at 0x7fffbc6bea60>,-116.8381429204607,0.027428554157969947
hilbertian_a_1_b_-1,<function wrap.<locals>.calc at 0x7fffbc63fa60>,-123.19070198311124,0.03257389096089896
heat-diffusion_t_0.08131300513055852,<function wrap.<locals>.calc at 0x7fffbc5d2bf8>,-173.36226877017228,2.392988193573006e-25
