estimator_key,kmat_fun,avg_test_score,most_freq_best_param
aitchison_c_2.152866475984371e-05,<function wrap.<locals>.calc at 0x7fffbc5c81e0>,-111.22129281625693,13.062799498198329
aitchison-rbf_c_0.00016672909648430675_g_0.00011400443284081944,<function wrap.<locals>.calc at 0x7fffbc5c88c8>,-112.25551278784192,0.00045651594882656344
generalized-js_a_1_b_0.5,<function wrap.<locals>.calc at 0x7fffbc63f158>,-127.28649245728403,0.00015150590343182555
rbf_g_0.012825325889383848,<function wrap.<locals>.calc at 0x7fffbc63f1e0>,-129.38402172283932,0.0005039491243223893
hilbertian_a_inf_b_-1,<function wrap.<locals>.calc at 0x7fffbc63fd90>,-143.52957590933661,0.042124868385738055
linear,<function kmat_linear at 0x7fffbc6bea60>,-158.96793861896666,0.028620804233278205
heat-diffusion_t_0.08131300513055852,<function wrap.<locals>.calc at 0x7fffbc5c8bf8>,-183.88182895950885,2.6569599419808367e-25
