estimator_key,kmat_fun,avg_test_score,most_freq_best_param
aitchison-rbf_c_2.7798591614473272e-06_g_9.126802120056308e-05,<function wrap.<locals>.calc at 0x7fffbc5c87b8>,-102.85232950567547,0.00020592499095073444
aitchison_c_2.7798591614473272e-06,<function wrap.<locals>.calc at 0x7fffbc5c8158>,-103.4319550027739,2.309717707335949
generalized-js_a_inf_b_10,<function wrap.<locals>.calc at 0x7fffbc63f8c8>,-119.40375278708207,0.00029325062223506393
rbf_g_0.012122817729419763,<function wrap.<locals>.calc at 0x7fffbc63f1e0>,-124.38856100554781,0.000503929419210181
hilbertian_a_1_b_-inf,<function wrap.<locals>.calc at 0x7fffbc63fb70>,-149.9835241173388,0.007614414540007156
heat-diffusion_t_0.08131300513055852,<function wrap.<locals>.calc at 0x7fffbc5c8bf8>,-164.52866350381947,2.5223891077167114e-25
linear,<function kmat_linear at 0x7fffbc6bea60>,-216.84380120305178,0.012278832160826066
