estimator_key,kmat_fun,avg_test_score,most_freq_best_param
aitchison-rbf_c_2.7798591614473272e-06_g_9.090435361722538e-06,<function wrap.<locals>.calc at 0x7fffbc5c8730>,-109.71147140340618,0.00045833860895072565
aitchison_c_2.7798591614473272e-06,<function wrap.<locals>.calc at 0x7fffbc5c8158>,-109.99099391137642,2.27007245272398
generalized-js_a_inf_b_10,<function wrap.<locals>.calc at 0x7fffbc63f8c8>,-128.89796688079173,0.0002917986776083125
rbf_g_0.011987238403253525,<function wrap.<locals>.calc at 0x7fffbc63f1e0>,-137.43114801058428,0.000503933351865271
linear,<function kmat_linear at 0x7fffbc6bea60>,-137.8360312262976,0.02839109353582002
hilbertian_a_1_b_-inf,<function wrap.<locals>.calc at 0x7fffbc63fb70>,-154.38500243320325,0.2215031522663708
heat-diffusion_t_0.08131300513055852,<function wrap.<locals>.calc at 0x7fffbc5c8bf8>,-182.06292895996876,2.550378046708349e-25
