estimator_key,kmat_fun,avg_test_score,most_freq_best_param
aitchison-rbf_c_2.7798591614473272e-06_g_9.227448957293764e-06,<function wrap.<locals>.calc at 0x7fffbc5c7730>,-44.46459166085742,0.0004579198230203473
aitchison_c_2.7798591614473272e-06,<function wrap.<locals>.calc at 0x7fffbc5c7158>,-44.66372893273648,2.3014199510216713
generalized-js_a_inf_b_10,<function wrap.<locals>.calc at 0x7fffbc63f8c8>,-61.63516748549944,0.0002936131795649997
rbf_g_0.011987238403253525,<function wrap.<locals>.calc at 0x7fffbc63f1e0>,-63.680422963975175,0.0005039464049332312
linear,<function kmat_linear at 0x7fffbc6bea60>,-66.70977659065933,0.012104396632046448
hilbertian_a_1_b_-inf,<function wrap.<locals>.calc at 0x7fffbc63fb70>,-73.56589121869733,0.01765832221539563
heat-diffusion_t_0.08131300513055852,<function wrap.<locals>.calc at 0x7fffbc5c7bf8>,-115.86378064406972,2.1816968999720363e-25
