Baseline,SVM-RBF,Lin/Log-L1,RF,LogCont-L1,KernelBiome,KB_Aitchison
15.76892503802174,6.488191180165359,9.09356216352104,9.911512281829978,11.0512922653704,9.58797624607454,10.202172951504624
15.76892503802174,2.354527177290157,0.5939775240141025,1.8461163094000044,-5.496759416781943,0.35379577527289996,-0.16317592994291985
15.76892503802174,9.14361853692062,13.273476044175311,13.508801148119971,16.29034723074874,12.287171640973703,12.742208348774186
15.76892503802174,-0.17694438065281304,2.2987867866634133,5.639156071168012,7.080299868181179,4.291979765490659,4.0237521048408045
15.76892503802174,10.042434002058819,11.075031920098825,12.859238044935953,15.025812641091584,12.347159542985153,13.620217936892558
