Baseline,SVM-RBF,Lin/Log-L1,RF,LogCont-L1,KernelBiome,KB_Aitchison
13.782110269934787,15.431026400932689,14.99084854328666,17.54804419601796,19.390953402616937,17.744945903356264,17.65138476525657
13.782110269934787,-1.2742833353635277,-0.4482625807104613,5.375053263596001,-1.6535949878025917,5.102765656287554,4.985854305804267
13.782110269934787,7.488407279552788,7.666966761377108,9.467309289551979,12.434800260502925,9.53733141582063,9.857431269618917
13.782110269934787,22.101060906305253,33.72065645443238,35.904465206408034,31.743610940115516,28.602587906597527,30.882794121693482
13.782110269934787,19.941738922320976,27.08030999160302,31.141328310448028,28.45069548281017,26.01900054879956,25.733128835205456
