Baseline,SVM-RBF,Lin/Log-L1,RF,LogCont-L1,KernelBiome,KB_Aitchison
15.58561404782609,18.7963048052044,48.17525869838926,33.48840723736987,18.489190506555794,33.10885109165207,31.58434940881712
15.58561404782609,4.131114710457716,2.189415266731904,6.268089498492193,3.4406041392272737,12.933112841615932,11.459891028605002
15.58561404782609,1.4876982315435665,1.1133260792864015,4.5153741226527675,7.906928236273221,2.891273400674601,3.2045538932687148
15.58561404782609,23.156392746064824,22.857904873234048,16.160979182531957,20.23393286477988,13.509343684037788,13.85302374427551
15.58561404782609,20.902562625484812,16.753009097609997,15.704165243452577,17.987507471164392,13.138437945913864,12.948547370931323
