Baseline,SVM-RBF,Lin/Log-L1,RF,LogCont-L1,KernelBiome,KB_Aitchison
15.171467989717394,17.655208255821638,26.616234719558015,30.901517701244156,29.71820552829869,29.723389995629404,30.34769754677982
15.171467989717394,7.134890052655966,-0.17389209932976968,4.942539333276246,4.24029857879721,3.663665591020104,2.469984191979954
15.171467989717394,1.5037699790992018,-0.8447744064522635,3.6671476976548547,2.6437814830236395,2.4806192534160356,0.22912443436951335
15.171467989717394,19.757077459102273,7.1816481767673235,21.26357664442337,26.09376714911253,19.889676962849048,19.448177502705594
15.171467989717394,18.64532612415486,5.256325100962423,14.987325509158456,19.11457630055546,12.613955831651577,11.825312000073417
