Baseline,SVM-RBF,Lin/Log-L1,RF,LogCont-L1,KernelBiome,KB_Aitchison
14.14702170304348,21.144469549586834,27.707900808559486,28.197833774297962,29.420078236923,30.62596460304274,30.61378491191939
14.14702170304348,19.191415786223555,35.76297230414059,25.17154921109398,21.987300765439567,25.95043499237335,26.705249033575058
14.14702170304348,15.569423678338968,17.59958366057785,15.467855479271977,20.446594422536844,16.896704908630724,16.338807035425624
14.14702170304348,26.191586940640644,27.019875871853685,29.432855375478038,28.40524950160057,28.738548372684818,28.19185459859174
14.14702170304348,14.91409514539276,17.878754007636168,13.073500581815976,18.44261392065721,13.187585619088239,11.880737744559937
