Baseline,SVM-RBF,Lin/Log-L1,RF,LogCont-L1,KernelBiome,KB_Aitchison
14.94717794295652,16.127974251959074,17.228660374726946,28.568265364205885,26.118881843431176,25.450119017609147,26.28375834730751
14.94717794295652,0.8563026436221364,-0.13269627156790464,2.218553134344359,-7.159530103704718,0.6671767141363301,-1.3781103657871743
14.94717794295652,25.460390788522165,31.280635883650348,34.18886673988001,31.357260707642688,27.709637880358084,30.759028780641003
14.94717794295652,13.957355057701715,4.05173284118222,29.198618770641925,22.871022892996827,18.71610112051941,18.995373645183545
14.94717794295652,10.390561321086581,9.718379750219372,9.069973372088905,11.533748782584437,12.254697126396497,14.066665545326316
