Baseline,SVM-RBF,Lin/Log-L1,RF,LogCont-L1,KernelBiome,KB_Aitchison
15.856453042239133,-2.5294219534922107,1.3685611398246227,5.2604723629546655,-8.274603256276805,5.4257425893520335,6.650225354209786
15.856453042239133,0.48009356720172036,1.2192654563304939,6.580148326903994,2.4091201064022876,6.147883419727226,5.019837118287903
15.856453042239133,2.195951297520663,0.057714781568653395,3.3902061276896576,2.4190800698017094,1.808094999416527,-1.4192593738773045
15.856453042239133,18.679644134973216,36.70749809524581,24.404682341071968,22.54929566926522,25.042499538361028,26.787725892113357
15.856453042239133,14.183288144968671,10.411758072178928,10.977053747343978,16.738477017303705,12.18617851881762,10.155613988383728
