Baseline,SVM-RBF,Lin/Log-L1,RF,LogCont-L1,KernelBiome,KB_Aitchison
13.914662403413045,35.66493511443669,33.50630346470071,25.01854552830392,29.069424623318376,28.822007627720588,28.961047774626145
13.914662403413045,4.608637278082906,2.4032716306367696,5.341568357241993,4.146683239347324,7.112504899963788,9.05170524165793
13.914662403413045,0.3103376738437724,0.4904984288813401,1.6401484493180045,-0.5872829742528136,0.6802434658638017,-0.9083794385312256
13.914662403413045,30.028473684683988,25.599849391341976,30.170454103105964,31.541831008779376,28.22578172021896,30.072971762104878
13.914662403413045,13.623994763525634,14.658695380907766,24.402936469705907,22.09132297845393,18.51367227136012,18.2839338524457
