Baseline,SVM-RBF,Lin/Log-L1,RF,LogCont-L1,KernelBiome,KB_Aitchison
14.960201096065221,14.032808046510626,12.183004460054965,9.532290757418517,6.808189169668456,10.754791222181376,11.246861182544967
14.960201096065221,2.658277885867962,0.22116394973133868,2.2276807114242025,-6.213798204273053,0.30620485500841355,0.0034686612735548294
14.960201096065221,23.155510804377073,31.656849698945244,32.19758554092949,29.176549048386047,29.20688538900815,33.14354298826848
14.960201096065221,16.048927000143017,20.37010585123243,26.2850404050679,29.049469626243454,25.630505489055246,29.38752205095748
14.960201096065221,12.198532235289328,10.449353366350465,10.365620947252676,16.879116820386624,12.238614358605659,10.77323663802852
