Baseline,SVM-RBF,Lin/Log-L1,RF,LogCont-L1,KernelBiome,KB_Aitchison
16.005807242630436,4.207641521267671,1.6572675207910454,6.154283592712376,3.1507238684172165,14.555582415582244,12.458215678466818
16.005807242630436,3.234622973993101,2.524209977415249,3.945556219050749,2.249727292483681,7.467026526112608,7.509293184402134
16.005807242630436,0.21178806864834954,0.7439454347720614,2.019173519156452,-0.7491860554084866,3.6219673591838273,2.664688134096224
16.005807242630436,17.058304202880347,24.386207260644195,14.191982512897612,18.26390019389091,20.69470914595754,19.728096677893067
16.005807242630436,16.246703064372266,16.374519560438976,16.299062635903717,18.643206978047726,11.085106221288765,12.32424677744796
