Baseline,SVM-RBF,Lin/Log-L1,RF,LogCont-L1,KernelBiome,KB_Aitchison
15.683989808844446,0.19953120805671531,0.6084942720265123,16.409052105136325,0.869652633679455,-2.3015062531913184,-1.3574049520335176
15.683989808844446,3.196074703744987,4.767951605430241,6.433190199730522,-0.34981961583971266,-3.046441795188491,-1.3447452326621114
15.683989808844446,8.518545013299507,-1.6110482241280963,4.060053793109363,3.3807539588000672,2.45048995334845,1.9803471226653837
15.683989808844446,55.32304981682421,61.67458527587732,36.03172837191773,33.57736230170873,44.99884076692374,43.04818045819976
15.683989808844446,18.071370873065316,19.983292058320757,16.721312478028707,18.418787226385877,11.48561516195813,12.581374716135132
15.683989808844446,16.10529672235359,12.532174776591038,11.163130509732419,16.90159620789439,9.712676122163343,10.120982237165059
