Baseline,SVM-RBF,Lin/Log-L1,RF,LogCont-L1,KernelBiome,KB_Aitchison
15.467487140111112,15.838546129661697,18.379208356003836,26.0981424498579,26.079068426282078,26.377671912316753,26.31825457010819
15.467487140111112,2.7291129132173673,1.8776937189382035,2.796487035045839,0.19668718818677355,3.463000449514329,3.5720496973482376
15.467487140111112,5.882484812805503,0.06628649524446956,2.808269977692615,3.8111957592269965,0.2340416320301557,-0.9590166234547173
15.467487140111112,18.683420739271227,32.63116757217425,21.889502458047986,23.806402339580565,25.412233161416026,25.90081131918981
15.467487140111112,19.515241569481574,20.252459084415705,24.69663477037997,28.622882070279847,28.92043847220063,29.45897058028218
15.467487140111112,14.079829697072721,9.781338162477505,9.688869182366494,16.58835158890202,11.124023235830965,10.638825780730006
