Baseline,SVM-RBF,Lin/Log-L1,RF,LogCont-L1,KernelBiome,KB_Aitchison
16.061231541543478,-2.8339056509858622,0.455532293619922,8.264267952387677,-9.408884093081488,9.417722159147687,8.320848167155457
16.061231541543478,7.189650012034452,2.0160164015652797,8.060109757156592,2.6094467184323396,15.156586172051789,12.986924017018303
16.061231541543478,2.592886069011467,0.8644755120194785,4.520475965339771,-2.0492560231777084,4.5575598968423385,4.347117374289832
16.061231541543478,10.570638554561455,13.042568715500567,12.479765092132869,16.61904696916231,12.542751170393776,12.380370453342216
16.061231541543478,27.728971652717593,24.607467622804627,27.7083829820817,33.14949395943116,23.902342997245363,25.780752410089885
