Baseline,SVM-RBF,Lin/Log-L1,RF,LogCont-L1,KernelBiome,KB_Aitchison
15.36137154128261,-2.3701219008824594,0.9181658348708872,4.573272908391996,-8.804911702300082,5.339858192967485,6.401013359293424
15.36137154128261,12.18753765224628,10.358409076195917,22.946937221697954,26.44135914546711,19.276523842609144,18.62400421816045
15.36137154128261,8.021873581929299,2.092561247449085,26.512822944993943,24.462144586591727,17.230665838911946,16.54705438459563
15.36137154128261,13.697470364842378,12.378732226504566,10.723981871680667,17.471826912627733,12.190736636862967,10.205022534757152
15.36137154128261,18.69139487668536,15.551192036464547,9.712138742673977,12.75182637909253,9.415948001307816,9.68841311608997
