Baseline,SVM-RBF,Lin/Log-L1,RF,LogCont-L1,KernelBiome,KB_Aitchison
15.22687082595652,6.993482508853489,16.244431550366947,9.859043753223975,10.262714042486904,10.323063344198864,9.95552261345594
15.22687082595652,0.39578789324683505,1.6758240874882742,6.827068558609991,3.0014763523032455,6.642514739385259,6.401794742561746
15.22687082595652,20.994778088131305,24.772198949377753,12.982871851325951,18.86229414808261,18.236976050900758,19.10077901391424
15.22687082595652,13.239091635679268,14.965391992157155,15.719270530649995,20.3134144864434,17.11059295869492,16.310846713982436
15.22687082595652,11.641070348099598,12.224329814751512,10.878645931521959,13.158278270445198,11.883895062053613,12.992922688443404
