Baseline,SVM-RBF,Lin/Log-L1,RF,LogCont-L1,KernelBiome,KB_Aitchison
15.196124082608696,8.215691819180353,22.578899863871705,15.964961859021972,15.427818458018432,17.763934610799886,17.336899907951725
15.196124082608696,2.848524203252996,1.4335335334393862,4.448464482067994,2.498020397076692,6.009459545322921,6.631113753634537
15.196124082608696,27.97971039805374,21.5423557312727,31.735507974616016,32.486682484238536,33.20828054973522,32.10582931511986
15.196124082608696,21.581029240541852,16.58680293701793,14.787325346425947,20.351963024862073,16.890024673788716,13.560373587401719
15.196124082608696,16.278090423222068,17.2950823741551,16.187735232059946,18.8455980122301,16.064334792319027,12.612130248844018
