Baseline,SVM-RBF,Lin/Log-L1,RF,LogCont-L1,KernelBiome,KB_Aitchison
15.143770140347828,15.926949507390187,16.448895231411036,26.28866839880993,24.70109482873032,25.65877669545454,26.69193435718762
15.143770140347828,2.787247437193347,2.3212957415861215,3.744889950443992,-2.191657641981747,5.720882784073208,6.478481743337477
15.143770140347828,23.194753314073605,25.222718302164765,29.272311085982007,34.91341068556293,27.49838329752334,27.28836953279164
15.143770140347828,25.586426727310126,33.970310180694696,30.712356833727952,29.858989111039378,28.688412363652333,31.38571688503891
15.143770140347828,17.80287585361591,17.758685102291203,8.861274177633994,12.67134064854891,9.793590279245288,10.35334507207559
