Baseline,SVM-RBF,Lin/Log-L1,RF,LogCont-L1,KernelBiome,KB_Aitchison
14.350861271369569,17.684250716403227,16.944167314923646,28.022601966785913,28.14630351112183,26.435393675735863,26.722862821506638
14.350861271369569,3.578293129615915,1.9360323321355049,4.040074102261991,2.6410719765007205,6.442029263631345,6.422409671281676
14.350861271369569,1.9129061908880658,-0.5863756749495539,3.420734488419997,-7.186793113650859,0.23107474253821003,0.0745842663981442
14.350861271369569,30.25814796933637,26.172029800583033,30.814006651948006,33.61839839839967,30.668157723695245,31.380839422627616
14.350861271369569,19.035290417942463,19.337090673710875,25.721767373481992,28.169020364062384,28.252594971287724,28.602675627120604
