Baseline,SVM-RBF,Lin/Log-L1,RF,LogCont-L1,KernelBiome,KB_Aitchison
15.994295526130434,10.041312360893698,12.340126085652068,8.714260013937883,10.034409138480719,9.355096194783311,8.161139812892799
15.994295526130434,11.420948523505306,10.501037507569112,11.304104120840151,10.976197843442154,11.962704558136128,12.76766535452763
15.994295526130434,2.0028954010045634,0.6283617929804401,2.151523020261639,-5.512895096831179,0.561979632334241,0.17756405604026426
15.994295526130434,6.4362873301022905,-0.03624643154122986,3.97703734175841,3.1213356158446013,3.3162090115736156,2.081005082706776
15.994295526130434,20.197478294306293,18.467041680678975,8.295373623728425,12.045716454900948,9.503943658177883,9.896832840087255
