Baseline,SVM-RBF,Lin/Log-L1,RF,LogCont-L1,KernelBiome,KB_Aitchison
15.958894019456523,1.917703349199801,2.8003474537647928,2.8084815223114714,-1.380732895398407,2.7718761574834794,3.006691384723693
15.958894019456523,1.3992728802808507,0.09381553435251577,3.0276655389644036,-5.031433333529837,0.768192245204288,-1.8797630437937478
15.958894019456523,16.95574232575216,25.245683195468477,13.691808692614638,18.237725406368405,18.421828750737408,20.0837347467915
15.958894019456523,-0.42400035094077637,2.513739971326059,6.068945499715213,7.595591732534363,3.5567226740148232,2.8210277966126167
15.958894019456523,19.36197447821156,32.327109420301134,23.68751144473132,22.219555893725232,25.57021438447427,27.417552179392693
