Baseline,SVM-RBF,Lin/Log-L1,RF,LogCont-L1,KernelBiome,KB_Aitchison
15.111130135543478,2.628590257360182,3.0131729821372453,3.191667383779609,4.410963295903684,5.024240341289415,3.9237033190846535
15.111130135543478,7.078063927268143,-2.6337171745041936,3.785615195718543,2.9139587793589135,3.360154235002266,2.3805077861226707
15.111130135543478,28.08422668168832,22.786480717626418,32.73778733707932,31.995010930742612,32.493980723252875,32.22302239491929
15.111130135543478,25.661386123060353,22.738368036265065,29.454285736687407,28.433377890995786,27.955786231471176,27.739310214482785
15.111130135543478,18.48658898723751,18.77554154959215,9.289216276262026,12.82236220994723,9.52525685068515,9.561971249048066
