Baseline,SVM-RBF,Lin/Log-L1,RF,LogCont-L1,KernelBiome,KB_Aitchison
15.787163291711114,3.2675417526831723,3.836767819808564,4.008795615320184,2.7973382889314777,7.570476584161556,7.774275431118344
15.787163291711114,20.981332680025414,27.004556826714527,17.44668928313725,18.599074755788724,20.805224164981784,19.723662026564575
15.787163291711114,13.097558629563572,18.44007931204807,14.647694962720147,17.044469935045015,15.238575201472912,14.717194136305277
15.787163291711114,2.2054099175856052,4.1293845258256745,7.794188754953365,8.148503115378304,5.002768036454102,4.851470212002976
15.787163291711114,16.285470777157876,16.083981613799335,16.261717621923584,20.972352031022815,16.118206308159582,16.240330126145185
15.787163291711114,15.607888924272725,14.483800835779697,16.62306346570505,18.973349835759326,12.272995187597086,13.148167917787426
