Baseline,SVM-RBF,Lin/Log-L1,RF,LogCont-L1,KernelBiome,KB_Aitchison
14.089511139608696,17.187718616404467,16.540597471294774,21.666293891179937,25.690636211574127,22.15408605697167,22.06329121548095
14.089511139608696,21.115321791744798,15.531390455364381,17.395411450537978,20.483788969021163,18.785081646660203,19.30067748392191
14.089511139608696,40.46642507138621,37.081588515217064,31.476350999222962,28.881893237204856,35.477922431616584,35.814580124648565
14.089511139608696,1.9197965066358353,2.5828331718186197,3.0098100755570685,1.1476676218469777,4.070766631215916,4.159282580108819
14.089511139608696,4.4463107213763,0.06807745921302044,2.806281570473478,-2.293102677521313,-0.6073025238636838,-1.8094790616331782
