Baseline,SVM-RBF,Lin/Log-L1,RF,LogCont-L1,KernelBiome,KB_Aitchison
14.99079719106522,9.603179055424874,31.901813175854763,16.007253729779976,15.719593141570629,20.451842409742245,20.475675062206697
14.99079719106522,26.071178892253435,31.96986642246828,21.09173374405999,22.32075898480857,24.749056492906654,24.69075297843099
14.99079719106522,36.728739005229244,52.1504654100582,32.56997140806391,21.07940945023072,37.19485649138246,35.34720030676669
14.99079719106522,5.762184828539693,-1.483442821067837,2.2972540137420037,3.550476031596223,-3.401063843748382,-1.7621252070758544
14.99079719106522,55.21294039134408,60.590507076190754,36.44989923589199,33.27702751078901,44.62490185736772,43.69818641383702
