Baseline,SVM-RBF,Lin/Log-L1,RF,LogCont-L1,KernelBiome,KB_Aitchison
14.830943825869566,-2.099378574612345,0.11099466986033457,5.847434857766004,-5.15529031334103,6.43838864397377,6.5860186128632545
14.830943825869566,55.00047000540091,61.239707677627514,36.477092872363976,35.687335746293776,42.69646986184417,44.01083666953832
14.830943825869566,29.002142529170225,24.285714413687806,32.000055130358696,29.41444310670439,28.997357262156527,28.521935772709014
14.830943825869566,18.01558007331717,10.861723293412577,15.75650502973698,18.46961009360948,12.016462752429621,11.501359929586823
14.830943825869566,11.651641501356899,10.317975391139452,11.200101122127307,14.433811189157224,13.723091658987121,14.667641301854148
