Baseline,SVM-RBF,Lin/Log-L1,RF,LogCont-L1,KernelBiome,KB_Aitchison
14.950535674565218,9.167505540871552,10.711727970323224,10.591972722318655,10.55592922806054,11.823413011614608,12.53424628366535
14.950535674565218,7.0917728256561015,-0.2912547957480741,4.817170363808565,4.183020629561014,3.6877259253541332,2.61380233557267
14.950535674565218,23.473639876867118,32.43736024261067,35.63197184388048,30.798035707568474,28.386796006513062,31.554302998524612
14.950535674565218,22.535968638916785,25.434118134655147,32.792656091251295,28.82135080316141,27.511503109019948,28.167567899787997
14.950535674565218,19.425088393544048,11.638173814260792,15.485680707402894,19.15604663361257,13.348090821258374,13.064967734827768
