Baseline,SVM-RBF,Lin/Log-L1,RF,LogCont-L1,KernelBiome,KB_Aitchison
14.657105688152173,1.946667432855854,-0.20234491980326474,12.569379694386068,1.555627075288231,2.2216085151923526,-1.5178548313677052
14.657105688152173,41.303206202802365,20.997088011062573,29.675402415159606,30.79318398724299,34.644864131963914,33.533882730982015
14.657105688152173,1.589042176903991,-0.2413436318508202,2.9122007090796003,-5.04083711196591,0.9305154658780275,-1.8167044366971954
14.657105688152173,30.84269740613788,8.241136745062198,32.138483751660935,31.551327089591567,31.941643251902185,31.466289401821058
14.657105688152173,7.908058293704862,8.667903409408325,17.11026208771373,20.003185809183833,19.551499396466195,19.33279150350731
