Baseline,SVM-RBF,Lin/Log-L1,RF,LogCont-L1,KernelBiome,KB_Aitchison
15.550748049608696,20.054043156500132,25.092426881044144,29.57214938063452,29.244573854177602,30.35844539323874,30.665202433611157
15.550748049608696,10.263401699690949,10.172908549893405,12.175604798595549,10.691756701678916,13.616179072375477,13.084238306935065
15.550748049608696,3.2135921167213475,1.563412717431766,2.9682094036605706,3.219450048813794,4.3779116690073785,4.64820417112001
15.550748049608696,0.5789068945335885,1.6367858633394534,8.168023581831614,3.1421757509412283,4.064144177506133,5.161792184920371
15.550748049608696,2.078279121079687,0.06425372537297935,3.060230955070032,3.229356908580824,-3.303920648654863,-1.6285750976654576
