Baseline,SVM-RBF,Lin/Log-L1,RF,LogCont-L1,KernelBiome,KB_Aitchison
14.931186449152177,28.76888895783323,27.404750541930042,32.45010674997587,29.030833910544292,30.325597211433546,30.906854244145336
14.931186449152177,-2.749634321414973,-0.1909369852790057,5.119766014593594,-7.940682391182056,6.396077571629366,6.5460146959447485
14.931186449152177,0.08193175784570883,1.4017642856632682,6.1470795154486595,2.3656785412075996,6.30396884254227,5.5678195997226325
14.931186449152177,2.1897294127941045,1.0280660255611895,2.912498961372124,2.2145340979828676,1.1022521340769753,-0.24795941844621794
14.931186449152177,29.05175347849347,27.849128766159545,31.331902947265892,28.368025266873563,29.77271330058388,30.720729133362454
