Baseline,SVM-RBF,Lin/Log-L1,RF,LogCont-L1,KernelBiome,KB_Aitchison
15.297907175869566,42.92796261142087,37.81564954334276,28.04913600435434,31.235039076986943,35.15288116591579,34.536643520703414
15.297907175869566,1.7589391909799765,-0.5600043780325308,3.039585174257921,-4.788545591482259,0.6455824523054687,-2.1099435031606912
15.297907175869566,19.147796277963703,25.89250075379454,15.068946807790228,18.10110761651849,18.571576038523453,19.526156225183612
15.297907175869566,2.7125872059104985,-1.7955038136432218,3.3601920870407636,3.07959026303572,2.4408072806527255,-0.46511414887769575
15.297907175869566,19.981997098007408,25.73151843525634,15.238373051160472,19.969149730090372,16.787836392431018,13.427168585586386
