estimator_key,kmat_fun,avg_test_score,most_freq_best_param
aitchison_c_3.0694109408994135e-08,<function wrap.<locals>.calc at 0x7fffb4482e18>,0.8095959595959595,0.00034369005879643166
aitchison-rbf_c_7.075314274751601e-06_g_3.408510858553623e-05,<function wrap.<locals>.calc at 0x7fffb4484620>,0.8073737373737373,11.91740742228983
generalized-js_a_1_b_0.5,<function wrap.<locals>.calc at 0x7fffb4482400>,0.7890909090909091,6.987608921263121
hilbertian_a_1_b_-1,<function wrap.<locals>.calc at 0x7fffb4482950>,0.7777777777777777,8.865208887750589
linear,<function kmat_linear at 0x7fffbc6bc950>,0.7686868686868686,65.39140718776348
rbf_g_13.267563904735262,<function wrap.<locals>.calc at 0x7fffb4482268>,0.7595454545454545,1.4870358496249076
heat-diffusion_t_0.10484569792884468,<function wrap.<locals>.calc at 0x7fffb4484ae8>,0.7551010101010102,1.7605206709080023e+23
