estimator_key,kmat_fun,avg_test_score,most_freq_best_param
aitchison-rbf_c_5.006007208650377e-09_g_6.33112879389338e-05,<function wrap.<locals>.calc at 0x7fffb446d378>,0.8027777777777778,3.2780470807517137
aitchison_c_5.006007208650377e-09,<function wrap.<locals>.calc at 0x7fffb444ed90>,0.8005050505050505,0.00012636386261293664
generalized-js_a_1_b_0.5,<function wrap.<locals>.calc at 0x7fffb444e400>,0.7686363636363637,6.981955214810027
linear,<function kmat_linear at 0x7fffbc6bd950>,0.7685858585858586,31.638586938404874
rbf_g_1.3295465874195147,<function wrap.<locals>.calc at 0x7fffb444e1e0>,0.7685858585858586,12.079392140784453
hilbertian_a_1_b_-1,<function wrap.<locals>.calc at 0x7fffb444e950>,0.7618181818181818,4.291314149060064
heat-diffusion_t_0.10484569792884468,<function wrap.<locals>.calc at 0x7fffb446dae8>,0.7551010101010102,1.7619181399540085e+23
