estimator_key,kmat_fun,avg_test_score,most_freq_best_param
aitchison-rbf_c_7.075314274751601e-06_g_3.426504244565402e-05,<function wrap.<locals>.calc at 0x7fffb4491620>,0.8093939393939393,11.917495831452106
aitchison_c_5.006007208650377e-09,<function wrap.<locals>.calc at 0x7fffb448dd90>,0.8026767676767677,0.0002601550338349903
generalized-js_a_1_b_0.5,<function wrap.<locals>.calc at 0x7fffb448d400>,0.7823737373737373,14.326389473235796
hilbertian_a_1_b_-1,<function wrap.<locals>.calc at 0x7fffb448d950>,0.7641919191919191,8.81445256165217
rbf_g_1.3102592340330321,<function wrap.<locals>.calc at 0x7fffb448d1e0>,0.7595959595959596,12.098047239537156
linear,<function kmat_linear at 0x7fffbc6bc950>,0.7572727272727273,64.69593445799538
heat-diffusion_t_0.10484569792884468,<function wrap.<locals>.calc at 0x7fffb4491ae8>,0.7551010101010102,1.7723408944606022e+23
