estimator_key,kmat_fun,avg_test_score,most_freq_best_param
aitchison_c_3.0694109408994135e-08,<function wrap.<locals>.calc at 0x7fffb4444e18>,0.8095959595959596,0.00016703799229018823
aitchison-rbf_c_0.00026599462917043296_g_0.00015448235493565655,<function wrap.<locals>.calc at 0x7fffb446a7b8>,0.805,11.91673391513595
generalized-js_a_1_b_0.5,<function wrap.<locals>.calc at 0x7fffb4444400>,0.7845454545454545,14.329735699115803
linear,<function kmat_linear at 0x7fffbc6bd950>,0.7711111111111111,63.93195088639794
rbf_g_1.328922342768756,<function wrap.<locals>.calc at 0x7fffb44441e0>,0.7664646464646465,12.095487338099796
hilbertian_a_inf_b_-1,<function wrap.<locals>.calc at 0x7fffb4444c80>,0.7620202020202019,1.3676278238252177
heat-diffusion_t_0.10484569792884468,<function wrap.<locals>.calc at 0x7fffb446aae8>,0.7551010101010102,1.9687044613012425e+23
