estimator_key,kmat_fun,avg_test_score,most_freq_best_param
aitchison-rbf_c_1.881995596776819e-07_g_0.00012590630406962618,<function wrap.<locals>.calc at 0x7fffb445d510>,0.8163636363636364,3.27258434661145
aitchison_c_1.1539371868041482e-06,<function wrap.<locals>.calc at 0x7fffb444df28>,0.8095454545454546,0.0006979536580180819
generalized-js_a_1_b_0.5,<function wrap.<locals>.calc at 0x7fffb444d400>,0.7891414141414141,6.993058400275789
hilbertian_a_1_b_-1,<function wrap.<locals>.calc at 0x7fffb444d950>,0.7822727272727273,8.871745604601081
linear,<function kmat_linear at 0x7fffbc6bc950>,0.7753535353535354,65.29524944329728
rbf_g_1.3212622274444454,<function wrap.<locals>.calc at 0x7fffb444d1e0>,0.7664141414141413,12.095269524169309
heat-diffusion_t_0.10484569792884468,<function wrap.<locals>.calc at 0x7fffb445dae8>,0.7551010101010102,1.8088937521571306e+23
