estimator_key,kmat_fun,avg_test_score,most_freq_best_param
aitchison-rbf_c_5.006007208650377e-09_g_6.351466065989996e-05,<function wrap.<locals>.calc at 0x7fffb44a3378>,0.8164646464646464,28.81238408765509
aitchison_c_1.1539371868041482e-06,<function wrap.<locals>.calc at 0x7fffb4499f28>,0.8118686868686869,0.00033573020582677914
hilbertian_a_1_b_-1,<function wrap.<locals>.calc at 0x7fffb4499950>,0.7937373737373737,8.822472045485895
generalized-js_a_1_b_0.5,<function wrap.<locals>.calc at 0x7fffb4499400>,0.7846969696969697,14.348997104399292
rbf_g_1.3414427059742087,<function wrap.<locals>.calc at 0x7fffb44991e0>,0.7641919191919191,12.078141275933397
heat-diffusion_t_0.10484569792884468,<function wrap.<locals>.calc at 0x7fffb44a3ae8>,0.7551010101010102,1.7711912315012784e+23
linear,<function kmat_linear at 0x7fffbc6bd950>,0.7551010101010102,65.1631254883618
