estimator_key,kmat_fun,avg_test_score,most_freq_best_param
aitchison-rbf_c_0.00026599462917043296_g_0.0015371063803518326,<function wrap.<locals>.calc at 0x7fffb449b840>,0.8186363636363637,3.2375491603855138
aitchison_c_5.006007208650377e-09,<function wrap.<locals>.calc at 0x7fffb4480d90>,0.804949494949495,0.0001262841882127962
generalized-js_a_1_b_0.5,<function wrap.<locals>.calc at 0x7fffb4480400>,0.7868686868686868,6.97792202385502
linear,<function kmat_linear at 0x7fffbc6bd950>,0.7732828282828283,65.74198863223161
hilbertian_a_1_b_-1,<function wrap.<locals>.calc at 0x7fffb4480950>,0.7710101010101009,8.848843889292285
rbf_g_1.3302771527027821,<function wrap.<locals>.calc at 0x7fffb44801e0>,0.7664646464646465,12.080642328185393
heat-diffusion_t_0.10484569792884468,<function wrap.<locals>.calc at 0x7fffb449bae8>,0.7551010101010102,1.786982806988289e+23
