estimator_key,kmat_fun,avg_test_score,most_freq_best_param
aitchison-rbf_c_1.881995596776819e-07_g_1.2639140084255174e-05,<function wrap.<locals>.calc at 0x7fffb447d488>,0.8072727272727273,11.917223316697976
aitchison_c_1.881995596776819e-07,<function wrap.<locals>.calc at 0x7fffb4455ea0>,0.8072727272727273,0.0002305762511296256
generalized-js_a_1_b_0.5,<function wrap.<locals>.calc at 0x7fffb4455400>,0.7823232323232323,14.399008811605588
hilbertian_a_1_b_-1,<function wrap.<locals>.calc at 0x7fffb4455950>,0.7709595959595958,8.851265451838891
linear,<function kmat_linear at 0x7fffbc6bc950>,0.7641919191919192,65.59330997193722
rbf_g_1320.5460750181649,<function wrap.<locals>.calc at 0x7fffb4455378>,0.7551010101010102,4375.326322048027
heat-diffusion_t_0.10484569792884468,<function wrap.<locals>.calc at 0x7fffb447dae8>,0.7551010101010102,1.855038464671096e+23
