estimator_key,kmat_fun,avg_test_score,most_freq_best_param
aitchison-rbf_c_7.075668492092679e-06_g_0.0003417921323055982,<function wrap.<locals>.calc at 0x7fffb44806a8>,0.8141919191919191,1.580056984762353
aitchison_c_3.069679862273829e-08,<function wrap.<locals>.calc at 0x7fffb448be18>,0.8073737373737373,0.00016587813437278943
generalized-js_a_1_b_0.5,<function wrap.<locals>.calc at 0x7fffb448b400>,0.7869191919191919,6.962362152156217
hilbertian_a_1_b_-1,<function wrap.<locals>.calc at 0x7fffb448b950>,0.7687373737373737,4.281376049107718
linear,<function kmat_linear at 0x7fffbc6bd950>,0.7663636363636364,65.26017380321758
rbf_g_1.3490672361886629,<function wrap.<locals>.calc at 0x7fffb448b1e0>,0.7573737373737374,12.092210630646782
heat-diffusion_t_0.10484569792884468,<function wrap.<locals>.calc at 0x7fffb4480ae8>,0.7551010101010102,1.7572676055907726e+23
