estimator_key,kmat_fun,avg_test_score,most_freq_best_param
aitchison-rbf_c_7.075314274751601e-06_g_3.4086538197477895e-05,<function wrap.<locals>.calc at 0x7fffb4454620>,0.805050505050505,11.917545049492272
aitchison_c_7.075314274751601e-06,<function wrap.<locals>.calc at 0x7fffb4454048>,0.8004545454545455,0.0005360068185698311
hilbertian_a_1_b_-1,<function wrap.<locals>.calc at 0x7fffb4478950>,0.7777777777777778,8.840479501608387
generalized-js_a_10_b_0.5,<function wrap.<locals>.calc at 0x7fffb4478510>,0.7777777777777778,8.31829101524605
rbf_g_134.19421717315126,<function wrap.<locals>.calc at 0x7fffb44782f0>,0.7551010101010102,1073.530175796032
heat-diffusion_t_0.10484569792884468,<function wrap.<locals>.calc at 0x7fffb4454ae8>,0.7551010101010102,1.8938611403150017e+23
linear,<function kmat_linear at 0x7fffbc6bd950>,0.7460606060606061,133.9791241555536
