estimator_key,kmat_fun,avg_test_score,most_freq_best_param
aitchison-rbf_c_0.00026599462917043296_g_0.000154113728481786,<function wrap.<locals>.calc at 0x7fffb44b07b8>,0.805050505050505,11.91609602186335
aitchison_c_0.00026599462917043296,<function wrap.<locals>.calc at 0x7fffb44b0158>,0.802878787878788,0.004275580198662965
generalized-js_a_1_b_0.5,<function wrap.<locals>.calc at 0x7fffb449b400>,0.7801010101010102,14.368540520577673
hilbertian_a_inf_b_-1,<function wrap.<locals>.calc at 0x7fffb449bc80>,0.7665151515151515,1.37053642976509
rbf_g_1.3150233625859624,<function wrap.<locals>.calc at 0x7fffb449b1e0>,0.7618686868686869,12.097889444654532
linear,<function kmat_linear at 0x7fffbc6bd950>,0.7618686868686868,64.45862868399678
heat-diffusion_t_0.10484569792884468,<function wrap.<locals>.calc at 0x7fffb44b0ae8>,0.7551010101010102,1.8917185930035092e+23
