estimator_key,kmat_fun,avg_test_score,most_freq_best_param
aitchison-rbf_c_5.006007208650377e-09_g_6.372443959209389e-06,<function wrap.<locals>.calc at 0x7fffb44b02f0>,0.8095454545454543,11.91735820538642
aitchison_c_5.006007208650377e-09,<function wrap.<locals>.calc at 0x7fffb448bd90>,0.7981818181818181,0.00012563503124693494
generalized-js_a_inf_b_0.5,<function wrap.<locals>.calc at 0x7fffb448b6a8>,0.7686868686868686,0.9536504101105543
hilbertian_a_inf_b_-1,<function wrap.<locals>.calc at 0x7fffb448bc80>,0.7664141414141414,1.3668688000866684
rbf_g_1.33640853890098,<function wrap.<locals>.calc at 0x7fffb448b1e0>,0.7640909090909092,12.093645555541876
linear,<function kmat_linear at 0x7fffbc6bd950>,0.7618181818181818,31.573980377140764
heat-diffusion_t_0.10484569792884468,<function wrap.<locals>.calc at 0x7fffb44b0ae8>,0.7551010101010102,2.09101068873748e+23
