estimator_key,kmat_fun,avg_test_score,most_freq_best_param
aitchison-rbf_c_0.00026599462917043296_g_0.0015414156676096674,<function wrap.<locals>.calc at 0x7fffb4486840>,0.8141919191919194,3.234383818465202
aitchison_c_0.0016309341776124288,<function wrap.<locals>.calc at 0x7fffb44861e0>,0.8049999999999999,0.012316267523153642
generalized-js_a_1_b_0.5,<function wrap.<locals>.calc at 0x7fffb449a400>,0.7869191919191918,6.95446715925827
hilbertian_a_inf_b_-1,<function wrap.<locals>.calc at 0x7fffb449ac80>,0.7755555555555554,1.3682125057594818
linear,<function kmat_linear at 0x7fffbc6bd950>,0.7687373737373738,31.796262977880144
rbf_g_1.3329253121160711,<function wrap.<locals>.calc at 0x7fffb449a1e0>,0.7596969696969698,5.853733699077309
heat-diffusion_t_0.10484569792884468,<function wrap.<locals>.calc at 0x7fffb4486ae8>,0.7551010101010102,1.8055085886008944e+23
