estimator_key,kmat_fun,avg_test_score,most_freq_best_param
aitchison-rbf_c_7.075314274751601e-06_g_3.3977737945368844e-05,<function wrap.<locals>.calc at 0x7fffb4451620>,0.8140909090909091,11.916730269837524
aitchison_c_7.075314274751601e-06,<function wrap.<locals>.calc at 0x7fffb4451048>,0.8073232323232323,0.0005369018433386113
linear,<function kmat_linear at 0x7fffbc6bd950>,0.7822727272727272,66.80407397897423
hilbertian_a_1_b_-1,<function wrap.<locals>.calc at 0x7fffb4441950>,0.7755050505050505,8.890289238806426
generalized-js_a_1_b_0.5,<function wrap.<locals>.calc at 0x7fffb4441400>,0.7732828282828283,14.480061323220601
rbf_g_1.321624564239062,<function wrap.<locals>.calc at 0x7fffb44411e0>,0.7595454545454545,12.094894940109818
heat-diffusion_t_0.10484569792884468,<function wrap.<locals>.calc at 0x7fffb4451ae8>,0.7551010101010102,1.772669003230535e+23
