estimator_key,kmat_fun,avg_test_score,most_freq_best_param
aitchison-rbf_c_1.881995596776819e-07_g_1.2638185413287795e-05,<function wrap.<locals>.calc at 0x7fffb444f488>,0.8073737373737375,11.91621539383859
aitchison_c_1.1539371868041482e-06,<function wrap.<locals>.calc at 0x7fffb4463f28>,0.8027777777777778,0.00033722797764593475
generalized-js_a_1_b_0.5,<function wrap.<locals>.calc at 0x7fffb4463400>,0.7982828282828283,14.386926316188221
hilbertian_a_1_b_-1,<function wrap.<locals>.calc at 0x7fffb4463950>,0.7869191919191918,18.242265955703708
linear,<function kmat_linear at 0x7fffbc6bd950>,0.7642424242424243,31.943101480827
rbf_g_1.3299801649056668,<function wrap.<locals>.calc at 0x7fffb44631e0>,0.7642424242424243,12.09294353534873
heat-diffusion_t_0.10484569792884468,<function wrap.<locals>.calc at 0x7fffb444fae8>,0.7551010101010102,1.7638352667033554e+23
