estimator_key,kmat_fun,avg_test_score,most_freq_best_param
aitchison_c_4.338360206819058e-05,<function wrap.<locals>.calc at 0x7fffb44460d0>,0.8140404040404041,0.0009601456164687637
aitchison-rbf_c_7.075668492092679e-06_g_3.407834508367873e-05,<function wrap.<locals>.calc at 0x7fffb4446620>,0.8118181818181818,11.916529781858294
generalized-js_a_1_b_0.5,<function wrap.<locals>.calc at 0x7fffb4454400>,0.7913636363636364,14.358725266337107
hilbertian_a_1_b_-1,<function wrap.<locals>.calc at 0x7fffb4454950>,0.7756060606060606,8.827002830105199
linear,<function kmat_linear at 0x7fffbc6bd950>,0.7733333333333334,64.90816801988001
rbf_g_1.342039318358073,<function wrap.<locals>.calc at 0x7fffb44541e0>,0.7711111111111111,12.091977921488477
heat-diffusion_t_0.10484569792884468,<function wrap.<locals>.calc at 0x7fffb4446ae8>,0.7551010101010102,1.8719301539277793e+23
