estimator_key,kmat_fun,avg_test_score,most_freq_best_param
aitchison_c_0.0002123092956448365,<function wrap.<locals>.calc at 0x7fffbc555730>,-0.3642981463289432,1774.1722513976845
aitchison-rbf_c_0.0002123092956448365_g_5.9978489160015615e-05,<function wrap.<locals>.calc at 0x7fffbc555d90>,-0.3643259885071062,0.24419466855717414
generalized-js_a_inf_b_inf,<function wrap.<locals>.calc at 0x7fffbc630e18>,-0.3647193906125171,0.035073615697911
hilbertian_a_1_b_-1,<function wrap.<locals>.calc at 0x7fffbc630f28>,-0.3700966964401215,0.30863140663604877
rbf_g_1.2162250172170068,<function wrap.<locals>.calc at 0x7fffbc6308c8>,-0.3897302335433402,0.06416602447279728
linear,<function kmat_linear at 0x7fffbc6bd950>,-0.3998681056804565,0.028827854163025943
heat-diffusion_t_0.08462725279542421,<function wrap.<locals>.calc at 0x7fffbc542158>,-0.49475002769595966,4.981966671162048e-24
