estimator_key,kmat_fun,avg_test_score,most_freq_best_param
aitchison-rbf_c_0.0002123092956448365_g_6.0650742786507754e-05,<function wrap.<locals>.calc at 0x7fffbc551d90>,-0.3680421548423822,0.24400145555279887
generalized-js_a_inf_b_inf,<function wrap.<locals>.calc at 0x7fffbc630e18>,-0.3683550439258264,0.03505044759367592
aitchison_c_0.0002123092956448365,<function wrap.<locals>.calc at 0x7fffbc551730>,-0.3690958508016149,1826.5670294625345
hilbertian_a_1_b_-1,<function wrap.<locals>.calc at 0x7fffbc630f28>,-0.3709083191823584,0.30767291893881415
rbf_g_1.225464640382309,<function wrap.<locals>.calc at 0x7fffbc6308c8>,-0.38474231858756247,0.06416063124197534
linear,<function kmat_linear at 0x7fffbc6bd950>,-0.3855867137008286,0.014499049855326749
heat-diffusion_t_0.08462725279542421,<function wrap.<locals>.calc at 0x7fffbc544158>,-0.4936468908388326,5.1404678552088325e-24
