estimator_key,kmat_fun,avg_test_score,most_freq_best_param
aitchison-rbf_c_4.50752370172065e-06_g_8.864893653307514e-05,<function wrap.<locals>.calc at 0x7fffbc54fc80>,-0.3702755325861941,0.8827191308770441
generalized-js_a_inf_b_inf,<function wrap.<locals>.calc at 0x7fffbc630e18>,-0.37081816258807254,0.03507738336338662
aitchison_c_0.0002123092956448365,<function wrap.<locals>.calc at 0x7fffbc54f730>,-0.37195492804243024,1774.6681500025102
hilbertian_a_1_b_-1,<function wrap.<locals>.calc at 0x7fffbc630f28>,-0.3754711115112491,0.30894948597827326
rbf_g_119.98278983928273,<function wrap.<locals>.calc at 0x7fffbc630598>,-0.39608034974147716,0.9598299811796415
linear,<function kmat_linear at 0x7fffbc6bd950>,-0.4056264741198482,0.014862118848009382
heat-diffusion_t_0.08462725279542421,<function wrap.<locals>.calc at 0x7fffbc544158>,-0.49203991488027266,5.239016464030907e-24
