estimator_key,kmat_fun,avg_test_score,most_freq_best_param
aitchison_c_3.109657695899725e-05,<function wrap.<locals>.calc at 0x7fffbc5576a8>,-0.3654220994616012,5760.828741883231
aitchison-rbf_c_4.538894768442491e-06_g_9.00247163562074e-06,<function wrap.<locals>.calc at 0x7fffbc557bf8>,-0.3659116370637453,0.24366190661970505
generalized-js_a_inf_b_inf,<function wrap.<locals>.calc at 0x7fffbc630e18>,-0.3717640562729506,0.035063528077444055
hilbertian_a_10_b_-1,<function wrap.<locals>.calc at 0x7fffbc557158>,-0.37340599950081393,0.9489988288196013
rbf_g_122.22082235234673,<function wrap.<locals>.calc at 0x7fffbc630598>,-0.39257564041066106,0.9607334951384853
linear,<function kmat_linear at 0x7fffbc6bd950>,-0.40747764027078326,0.014755708649860717
heat-diffusion_t_0.08462725279542421,<function wrap.<locals>.calc at 0x7fffbc54e158>,-0.49557464097483184,5.194953416359864e-24
