estimator_key,kmat_fun,avg_test_score,most_freq_best_param
generalized-js_a_inf_b_inf,<function wrap.<locals>.calc at 0x7fffbc62fe18>,-0.36944334734248907,0.03504590132797603
aitchison_c_3.0935241751353996e-05,<function wrap.<locals>.calc at 0x7fffbc5416a8>,-0.36981648708873677,5736.306114379653
aitchison-rbf_c_0.0002123092956448365_g_0.0006031783197448862,<function wrap.<locals>.calc at 0x7fffbc541e18>,-0.37154027602822026,1.8122788007048152
hilbertian_a_1_b_-1,<function wrap.<locals>.calc at 0x7fffbc62ff28>,-0.3801208781737836,0.6292327725253042
rbf_g_121.88910237854418,<function wrap.<locals>.calc at 0x7fffbc62f598>,-0.3876038415820356,1.9646958342412444
linear,<function kmat_linear at 0x7fffbc6bc950>,-0.39781720727659975,0.029433205022751874
heat-diffusion_t_0.08462725279542421,<function wrap.<locals>.calc at 0x7fffbc549158>,-0.4822734841135567,5.1310643497217124e-24
