estimator_key,kmat_fun,avg_test_score,most_freq_best_param
generalized-js_a_inf_b_inf,<function wrap.<locals>.calc at 0x7fffbc630e18>,-0.36752788029208794,0.035049722166149884
aitchison-rbf_c_0.0002123092956448365_g_6.042720826519106e-05,<function wrap.<locals>.calc at 0x7fffbc555d90>,-0.36906369349581086,0.2440855800404346
aitchison_c_0.0014570837163486404,<function wrap.<locals>.calc at 0x7fffbc5557b8>,-0.3692050187231226,655.5681847803098
hilbertian_a_10_b_-1,<function wrap.<locals>.calc at 0x7fffbc555158>,-0.3714935555185867,0.9473203789344367
rbf_g_1.2029855376229521,<function wrap.<locals>.calc at 0x7fffbc6308c8>,-0.376443562290028,0.06416287209140137
linear,<function kmat_linear at 0x7fffbc6bd950>,-0.37918149249368416,0.014809661846322299
heat-diffusion_t_0.08462725279542421,<function wrap.<locals>.calc at 0x7fffbc544158>,-0.4941548661466907,5.222721987365761e-24
