estimator_key,kmat_fun,avg_test_score,most_freq_best_param
aitchison-rbf_c_0.00021304682040440058_g_6.154901715791553e-05,<function wrap.<locals>.calc at 0x7fffbc554d90>,-0.3700516824072806,0.24399524235395761
generalized-js_a_inf_b_inf,<function wrap.<locals>.calc at 0x7fffbc630e18>,-0.37059101696975866,0.03506707545602694
aitchison_c_0.00021304682040440058,<function wrap.<locals>.calc at 0x7fffbc554730>,-0.3707493659248368,1828.963208103019
hilbertian_a_1_b_-10,<function wrap.<locals>.calc at 0x7fffbc554048>,-0.3708600186526788,0.544684905934246
rbf_g_1.2324452818823253,<function wrap.<locals>.calc at 0x7fffbc6308c8>,-0.39194362914263686,0.06415941586601548
linear,<function kmat_linear at 0x7fffbc6bd950>,-0.3943591350498714,0.015000991148614726
heat-diffusion_t_0.08462725279542421,<function wrap.<locals>.calc at 0x7fffbc544158>,-0.4922047516859681,5.2455410909779004e-24
