estimator_key,kmat_fun,avg_test_score,most_freq_best_param
generalized-js_a_inf_b_inf,<function wrap.<locals>.calc at 0x7fffbc630e18>,-0.381444305723431,0.03508181188954041
aitchison-rbf_c_0.0002123092956448365_g_6.0833262725064325e-05,<function wrap.<locals>.calc at 0x7fffbc555d90>,-0.38261418274851555,0.24408082877073242
aitchison_c_0.0002123092956448365,<function wrap.<locals>.calc at 0x7fffbc555730>,-0.38357533961565243,1804.2000370200158
hilbertian_a_10_b_-10,<function wrap.<locals>.calc at 0x7fffbc5551e0>,-0.38363651225598866,4.188421921610025
rbf_g_122.40277002285173,<function wrap.<locals>.calc at 0x7fffbc630598>,-0.4064814119512796,0.46929365387019195
linear,<function kmat_linear at 0x7fffbc6bd950>,-0.41158187005346125,0.030523991384820624
heat-diffusion_t_0.08462725279542421,<function wrap.<locals>.calc at 0x7fffbc542158>,-0.501754522352671,5.224211090206106e-24
