estimator_key,kmat_fun,avg_test_score,most_freq_best_param
generalized-js_a_inf_b_inf,<function wrap.<locals>.calc at 0x7fffbc630e18>,-0.39265131222324995,0.035075613472145044
aitchison-rbf_c_0.0002123092956448365_g_6.024153088790369e-05,<function wrap.<locals>.calc at 0x7fffbc551d90>,-0.39574985415951225,0.24411678904944784
aitchison_c_0.0014570837163486404,<function wrap.<locals>.calc at 0x7fffbc5517b8>,-0.3962284559200818,659.0624292608288
hilbertian_a_inf_b_-1,<function wrap.<locals>.calc at 0x7fffbc5512f0>,-0.39995872616311384,1.1103155074161857
rbf_g_1.2095013335874574,<function wrap.<locals>.calc at 0x7fffbc6308c8>,-0.41450120018088743,0.06415720540098847
linear,<function kmat_linear at 0x7fffbc6bd950>,-0.4183636862255501,0.030104166507356082
heat-diffusion_t_0.08462725279542421,<function wrap.<locals>.calc at 0x7fffbc544158>,-0.5104937753502675,5.22019175915308e-24
