estimator_key,kmat_fun,avg_test_score,most_freq_best_param
aitchison-rbf_c_0.00021467509425040005_g_6.070775219913685e-05,<function wrap.<locals>.calc at 0x7fffbc545d90>,-0.37144317474350264,0.24423687381579903
aitchison_c_0.00021467509425040005,<function wrap.<locals>.calc at 0x7fffbc545730>,-0.3752658897723959,1770.956601024818
generalized-js_a_inf_b_inf,<function wrap.<locals>.calc at 0x7fffbc630e18>,-0.37529184915095365,0.03507449684548191
hilbertian_a_inf_b_-10,<function wrap.<locals>.calc at 0x7fffbc545378>,-0.3790592942829556,8.750102403358046
rbf_g_1.2126278509111972,<function wrap.<locals>.calc at 0x7fffbc6308c8>,-0.3967026876107963,0.06416043374338187
linear,<function kmat_linear at 0x7fffbc6bc950>,-0.4056211343332515,0.014735600748265344
heat-diffusion_t_0.08462725279542421,<function wrap.<locals>.calc at 0x7fffbc557158>,-0.4926941075026138,5.1673195603016964e-24
