estimator_key,kmat_fun,avg_test_score,most_freq_best_param
aitchison-rbf_c_0.0002123092956448365_g_6.057363349225039e-05,<function wrap.<locals>.calc at 0x7fffbc551d90>,-0.3675060063099528,0.24414381884798747
aitchison_c_0.0002123092956448365,<function wrap.<locals>.calc at 0x7fffbc551730>,-0.368796452322046,3695.852628213453
generalized-js_a_inf_b_inf,<function wrap.<locals>.calc at 0x7fffbc62fe18>,-0.36905954166343286,0.035081215595710084
hilbertian_a_10_b_-1,<function wrap.<locals>.calc at 0x7fffbc551158>,-0.3724859789237578,0.9506945493659317
rbf_g_1.210684940002,<function wrap.<locals>.calc at 0x7fffbc62f8c8>,-0.39386437162631655,0.06416441409965047
linear,<function kmat_linear at 0x7fffbc6bd950>,-0.3995765303794675,0.030346524212416917
heat-diffusion_t_0.08462725279542421,<function wrap.<locals>.calc at 0x7fffbc544158>,-0.4838973622909505,5.218834958455438e-24
