estimator_key,kmat_fun,avg_test_score,most_freq_best_param
aitchison_c_0.0014570837163486404,<function wrap.<locals>.calc at 0x7fffbc5507b8>,-0.3606180780083359,663.6715110591434
generalized-js_a_inf_b_inf,<function wrap.<locals>.calc at 0x7fffbc630e18>,-0.36133662912860415,0.03508945356588811
hilbertian_a_1_b_-1,<function wrap.<locals>.calc at 0x7fffbc630f28>,-0.3614605855851093,0.6328414074328618
aitchison-rbf_c_0.0002123092956448365_g_6.047600194568543e-05,<function wrap.<locals>.calc at 0x7fffbc550d90>,-0.36206115029786157,0.4992945154015651
rbf_g_1.2014675572196638,<function wrap.<locals>.calc at 0x7fffbc6308c8>,-0.37389733824308236,0.06415594444843008
linear,<function kmat_linear at 0x7fffbc6bd950>,-0.3756245933271882,0.030542024805445343
heat-diffusion_t_0.08462725279542421,<function wrap.<locals>.calc at 0x7fffbc544158>,-0.4877302564097062,5.219589764297031e-24
