estimator_key,kmat_fun,avg_test_score,most_freq_best_param
aitchison-rbf_c_4.50752370172065e-06_g_9.01445190943962e-05,<function wrap.<locals>.calc at 0x7fffbc550c80>,-0.3463130275899882,0.8798757952947894
aitchison_c_1.3944133541268637e-08,<function wrap.<locals>.calc at 0x7fffbc550488>,-0.346355030009882,52333.87453832018
generalized-js_a_inf_b_inf,<function wrap.<locals>.calc at 0x7fffbc630e18>,-0.34681749128905137,0.035093217433313846
hilbertian_a_10_b_-1,<function wrap.<locals>.calc at 0x7fffbc550158>,-0.34807260085444025,0.9519369490540712
rbf_g_12.090482243605226,<function wrap.<locals>.calc at 0x7fffbc6309d8>,-0.3683496178243512,0.241367027463043
linear,<function kmat_linear at 0x7fffbc6bd950>,-0.36922924612257174,0.015289127621156794
heat-diffusion_t_0.08462725279542421,<function wrap.<locals>.calc at 0x7fffbc544158>,-0.4783351476430783,5.241654464201806e-24
