estimator_key,kmat_fun,avg_test_score,most_freq_best_param
aitchison-rbf_c_0.01_g_0.027619631617431688,<function wrap.<locals>.calc at 0x7fffa81a39d8>,0.8666666666666668,2.2365932195323697
generalized-js_a_inf_b_1,<function wrap.<locals>.calc at 0x7fffa81a1730>,0.85,1.6995396054263698
hilbertian_a_1_b_-inf,<function wrap.<locals>.calc at 0x7fffa81a1a60>,0.85,1.6995396054263698
aitchison_c_0.01,<function wrap.<locals>.calc at 0x7fffa81a3268>,0.85,0.07202650709447304
linear,<function kmat_linear at 0x7fffbc6bd950>,0.8099999999999999,60.584144450214175
rbf_g_0.08588956138116746,<function wrap.<locals>.calc at 0x7fffa81a1158>,0.7933333333333332,327.7265608777099
heat-diffusion_t_0.10234809261791362,<function wrap.<locals>.calc at 0x7fffa81a3ae8>,0.7766666666666666,1.9018676497896475e+24
