estimator_key,kmat_fun,avg_test_score,most_freq_best_param
hilbertian_a_10_b_-1,<function wrap.<locals>.calc at 0x7fffa81a0ae8>,0.8666666666666668,1.9032311051349378
aitchison-rbf_c_0.01_g_0.028084002604592404,<function wrap.<locals>.calc at 0x7fffa81a29d8>,0.85,2.2355049312389026
generalized-js_a_inf_b_0.5,<function wrap.<locals>.calc at 0x7fffa81a06a8>,0.8466666666666667,402.8947908386357
aitchison_c_0.0017577790139091706,<function wrap.<locals>.calc at 0x7fffa81a21e0>,0.8099999999999999,0.046321994852394154
heat-diffusion_t_0.10234809261791362,<function wrap.<locals>.calc at 0x7fffa81a2ae8>,0.78,1.8641847102577582e+24
rbf_g_0.008240157443575268,<function wrap.<locals>.calc at 0x7fffa81a00d0>,0.7566666666666666,323.986540619169
linear,<function kmat_linear at 0x7fffbc6bc950>,0.6566666666666666,11.223859631985357
