estimator_key,kmat_fun,avg_test_score,most_freq_best_param
aitchison-rbf_c_0.01_g_0.0027167084450682765,<function wrap.<locals>.calc at 0x7fffa81a3950>,0.8699999999999999,12.605401664620222
aitchison_c_0.01,<function wrap.<locals>.calc at 0x7fffa81a3268>,0.8533333333333335,0.07229276192736758
generalized-js_a_inf_b_0.5,<function wrap.<locals>.calc at 0x7fffa81a16a8>,0.85,1.1656294140739871
hilbertian_a_1_b_-1,<function wrap.<locals>.calc at 0x7fffa81a1950>,0.85,4.998189769530648
heat-diffusion_t_0.10234809261791362,<function wrap.<locals>.calc at 0x7fffa81a3ae8>,0.78,1.9752974817135202e+24
rbf_g_0.08415802086479568,<function wrap.<locals>.calc at 0x7fffa81a1158>,0.7566666666666666,61.55149164074771
linear,<function kmat_linear at 0x7fffbc6bd950>,0.7366666666666666,5.104625055938854
