estimator_key,kmat_fun,avg_test_score,most_freq_best_param
generalized-js_a_1_b_0.5,<function wrap.<locals>.calc at 0x7fffa87670d0>,0.8633333333333333,17.11997689385514
aitchison-rbf_c_0.01_g_0.026955165690404275,<function wrap.<locals>.calc at 0x7fffa87696a8>,0.8466666666666667,2.2547953761929844
hilbertian_a_10_b_-1,<function wrap.<locals>.calc at 0x7fffa87677b8>,0.8466666666666667,4.446100766333051
aitchison_c_0.01,<function wrap.<locals>.calc at 0x7fffa8767ea0>,0.8466666666666667,0.07299877517232516
rbf_g_0.841544274304689,<function wrap.<locals>.calc at 0x7fffbc5cfd08>,0.8099999999999999,29.79030708005337
linear,<function kmat_linear at 0x7fffbc6bd950>,0.7733333333333333,27.978598959817955
heat-diffusion_t_0.10234809261791362,<function wrap.<locals>.calc at 0x7fffa87697b8>,0.76,1.9734483578862587e+24
