estimator_key,kmat_fun,avg_test_score,most_freq_best_param
hilbertian_a_10_b_-inf,<function wrap.<locals>.calc at 0x7fffa81a1bf8>,0.85,0.12159362417575537
aitchison-rbf_c_0.01_g_0.027276177015047035,<function wrap.<locals>.calc at 0x7fffa81a39d8>,0.85,2.235879376337249
generalized-js_a_10_b_0.5,<function wrap.<locals>.calc at 0x7fffa81a1510>,0.85,4.834519838402784
linear,<function kmat_linear at 0x7fffbc6bd950>,0.7966666666666666,26.468876798679908
aitchison_c_9.546784086892808e-06,<function wrap.<locals>.calc at 0x7fffa81a3048>,0.7933333333333333,0.0020611924703236306
rbf_g_0.08354118023738993,<function wrap.<locals>.calc at 0x7fffa81a1158>,0.7933333333333333,327.58125935888046
heat-diffusion_t_0.10234809261791362,<function wrap.<locals>.calc at 0x7fffa81a3ae8>,0.7766666666666666,1.951413024627694e+24
