estimator_key,kmat_fun,avg_test_score,most_freq_best_param
aitchison-rbf_c_0.01_g_0.026615549563013742,<function wrap.<locals>.calc at 0x7fffa81a29d8>,0.85,2.233734785934058
hilbertian_a_1_b_-1,<function wrap.<locals>.calc at 0x7fffa81a0950>,0.8300000000000001,5.023174418842565
generalized-js_a_1_b_1,<function wrap.<locals>.calc at 0x7fffa81a0488>,0.8300000000000001,6.180675648401926
aitchison_c_0.0017577790139091706,<function wrap.<locals>.calc at 0x7fffa81a21e0>,0.8133333333333335,0.02039748170744005
heat-diffusion_t_0.10234809261791362,<function wrap.<locals>.calc at 0x7fffa81a2ae8>,0.7566666666666666,2.0874568501606382e+24
rbf_g_800.4085718995182,<function wrap.<locals>.calc at 0x7fffa81a0378>,0.74,39487.46983358456
linear,<function kmat_linear at 0x7fffbc6bc950>,0.72,5.183652773985169
