estimator_key,kmat_fun,avg_test_score,most_freq_best_param
aitchison-rbf_c_0.01_g_0.026294999432259762,<function wrap.<locals>.calc at 0x7fffa81a49d8>,0.8533333333333333,2.2371920846160727
aitchison_c_0.01,<function wrap.<locals>.calc at 0x7fffa81a4268>,0.8533333333333333,0.07317570543255429
generalized-js_a_1_b_1,<function wrap.<locals>.calc at 0x7fffa81a2488>,0.7966666666666666,6.227879908931699
hilbertian_a_1_b_-1,<function wrap.<locals>.calc at 0x7fffa81a2950>,0.78,5.035131889470063
heat-diffusion_t_0.10234809261791362,<function wrap.<locals>.calc at 0x7fffa81a4ae8>,0.7766666666666666,2.0880103109797283e+24
rbf_g_0.08076529390020352,<function wrap.<locals>.calc at 0x7fffa81a2158>,0.7533333333333333,142.01920043676753
linear,<function kmat_linear at 0x7fffbc6bd950>,0.7233333333333333,5.444195539460114
