estimator_key,kmat_fun,avg_test_score,most_freq_best_param
generalized-js_a_inf_b_0.5,<function wrap.<locals>.calc at 0x7fffa8769378>,0.8866666666666667,1.1738966168313965
hilbertian_a_10_b_-1,<function wrap.<locals>.calc at 0x7fffa87697b8>,0.8866666666666667,1.930274058322082
aitchison_c_0.0017577790139091706,<function wrap.<locals>.calc at 0x7fffa8769e18>,0.8533333333333333,0.04815134881891663
rbf_g_0.07322405368501841,<function wrap.<locals>.calc at 0x7fffb45a8c80>,0.85,327.51923803599624
aitchison-rbf_c_0.01_g_0.026519887892612583,<function wrap.<locals>.calc at 0x7fffa876b6a8>,0.8333333333333334,2.2332965957312303
heat-diffusion_t_0.10234809261791362,<function wrap.<locals>.calc at 0x7fffa876b7b8>,0.78,1.968176151352367e+24
linear,<function kmat_linear at 0x7fffbc6bd950>,0.77,11.670868514740286
