estimator_key,kmat_fun,avg_test_score,most_freq_best_param
aitchison_c_0.0017577790139091706,<function wrap.<locals>.calc at 0x7fffb45bd9d8>,0.8866666666666669,0.046094234586118686
aitchison-rbf_c_0.01_g_0.027101480230612356,<function wrap.<locals>.calc at 0x7fffa81c8268>,0.8699999999999999,2.2249307321842364
generalized-js_a_1_b_1,<function wrap.<locals>.calc at 0x7fffbc607e18>,0.8699999999999999,13.994582690411749
hilbertian_a_1_b_-1,<function wrap.<locals>.calc at 0x7fffb45bd1e0>,0.8666666666666668,4.992869561297829
heat-diffusion_t_0.10234809261791362,<function wrap.<locals>.calc at 0x7fffa81c8378>,0.78,1.9898193702539174e+24
linear,<function kmat_linear at 0x7fffbc6bd950>,0.7766666666666666,27.263723861369684
rbf_g_863.1775917310534,<function wrap.<locals>.calc at 0x7fffbc607ae8>,0.76,39551.90824802553
