estimator_key,kmat_fun,avg_test_score,most_freq_best_param
hilbertian_a_1_b_-1,<function wrap.<locals>.calc at 0x7fffa8769620>,0.8466666666666667,11.608336056384518
aitchison-rbf_c_0.01_g_0.026830978570651427,<function wrap.<locals>.calc at 0x7fffa876b6a8>,0.8300000000000001,2.2318939996106315
generalized-js_a_1_b_1,<function wrap.<locals>.calc at 0x7fffa8769158>,0.8300000000000001,14.273442439858561
aitchison_c_0.00177624490322889,<function wrap.<locals>.calc at 0x7fffa8769e18>,0.8099999999999999,0.047433044177252616
heat-diffusion_t_0.10234809261791362,<function wrap.<locals>.calc at 0x7fffa876b7b8>,0.78,1.9283072391489695e+24
rbf_g_812.3138257100408,<function wrap.<locals>.calc at 0x7fffa8769048>,0.76,39499.630928476676
linear,<function kmat_linear at 0x7fffbc6bd950>,0.7166666666666666,27.779905017076032
