estimator_key,kmat_fun,avg_test_score,most_freq_best_param
generalized-js_a_1_b_1,<function wrap.<locals>.calc at 0x7fffa8768158>,0.8699999999999999,6.193671460325085
aitchison-rbf_c_0.0003089787061739496_g_0.003216543840919291,<function wrap.<locals>.calc at 0x7fffa876a510>,0.85,2.311759850748759
hilbertian_a_1_b_-inf,<function wrap.<locals>.calc at 0x7fffa8768730>,0.85,1.7142199331993768
aitchison_c_0.01,<function wrap.<locals>.calc at 0x7fffa8768ea0>,0.8133333333333332,0.07341362392699213
heat-diffusion_t_0.10234809261791362,<function wrap.<locals>.calc at 0x7fffa876a7b8>,0.7766666666666666,1.956438924292893e+24
rbf_g_781.0607429036445,<function wrap.<locals>.calc at 0x7fffa8768048>,0.76,39473.875006215094
linear,<function kmat_linear at 0x7fffbc6bd950>,0.7566666666666666,27.237823700932008
