estimator_key,kmat_fun,avg_test_score,most_freq_best_param
aitchison-rbf_c_0.01_g_0.02698368322170421,<function wrap.<locals>.calc at 0x7fffa876b6a8>,0.8300000000000001,2.227774153091402
generalized-js_a_1_b_1,<function wrap.<locals>.calc at 0x7fffa8769158>,0.8300000000000001,6.133277874007914
hilbertian_a_10_b_-1,<function wrap.<locals>.calc at 0x7fffa87697b8>,0.8300000000000001,1.9208604146224613
aitchison_c_0.01,<function wrap.<locals>.calc at 0x7fffa8769ea0>,0.8099999999999999,0.07225691558360936
heat-diffusion_t_0.10234809261791362,<function wrap.<locals>.calc at 0x7fffa876b7b8>,0.78,1.9163702084492554e+24
rbf_g_855.0557700486643,<function wrap.<locals>.calc at 0x7fffa8769048>,0.76,39516.15061797093
linear,<function kmat_linear at 0x7fffbc6bc950>,0.74,12.089653403675717
