estimator_key,kmat_fun,avg_test_score,most_freq_best_param
aitchison-rbf_c_0.0003089787061739496_g_0.0032292855836366045,<function wrap.<locals>.calc at 0x7fffa876a510>,0.89,2.315316432086863
hilbertian_a_1_b_-1,<function wrap.<locals>.calc at 0x7fffa8768620>,0.8699999999999999,11.475070826893365
generalized-js_a_1_b_0.5,<function wrap.<locals>.calc at 0x7fffa87680d0>,0.8699999999999999,16.915902930246055
rbf_g_0.08467524801933722,<function wrap.<locals>.calc at 0x7fffb45b8c80>,0.8533333333333333,141.96484166182339
aitchison_c_0.0017577790139091706,<function wrap.<locals>.calc at 0x7fffa8768e18>,0.85,0.020235928483861635
linear,<function kmat_linear at 0x7fffbc6bc950>,0.8300000000000001,26.812397921042304
heat-diffusion_t_0.10234809261791362,<function wrap.<locals>.calc at 0x7fffa876a7b8>,0.7966666666666666,1.9397381725144532e+24
