Baseline,SVM-RBF,Lin/Log-L1,RF,LogCont-L1,KernelBiome,KB_Aitchison
0.6942697441749999,0.7371673549755478,0.7222184941704595,0.769979822810209,0.48148148148148145,0.6475773933864472,0.7939141121440673
0.75428679772385,0.7804301034687946,0.7222184941704595,0.9035106110724906,0.48148148148148145,0.9696671419235917,0.9431879867016064
0.6503582019270603,0.79104952982843,0.7222184941704595,0.8934739095557996,0.48148148148148145,0.9815799711702643,0.9538169017605701
0.9027153758969997,0.8015560319548901,0.7222184941704595,0.8507784734671883,0.48148148148148145,0.9802425442507973,0.9344639468800824
0.6125231679954621,0.5533632674919591,0.7222184941704595,0.6717176755458496,0.48148148148148145,0.5729956475138137,0.5992015220879374
