Baseline,SVM-RBF,Lin/Log-L1,RF,LogCont-L1,KernelBiome,KB_Aitchison
0.7282975291045173,0.7733097648676006,0.5678534644415668,0.5828700336700336,0.5610487597099418,0.5728245977855554,0.6267898502926441
0.860815307453102,0.6698767628291982,0.43526593887012666,0.5278518518518518,-0.21917399811211835,0.5798053124880727,0.6066143204721978
0.7877412046254335,0.684045312931456,0.5151364607699565,0.5496700336700338,-0.3861364447575434,0.5721692873965113,0.4602192110201794
0.5776119338400482,0.811809651478298,0.8279616300432545,0.8274768518518517,0.924825828848344,0.8266340232760938,0.8729749160423763
0.9976405719045137,0.6685153607304515,0.9241012703340182,0.94,0.783951118474946,0.9827072750525786,0.9588984887974759
0.9392154396084429,0.827829726365961,0.7930885415368985,0.7933851851851852,0.14944384354724827,0.9236578074604168,0.8224415613977911
