Baseline,SVM-RBF,Lin/Log-L1,RF,LogCont-L1,KernelBiome,KB_Aitchison
0.5286742146533108,0.7427145244249573,0.8640512428812157,0.7913797823712002,0.6387078369655174,0.8048306653191587,0.779448678174458
0.7104310535026066,0.7507531928241562,0.8370780299767847,0.7661947304108225,0.8477949828746537,0.6789153242471341,0.7521133896731244
0.9706876154628912,0.7630314301538959,0.8524120091216194,0.794196290681116,0.33401439316700865,0.8845987387640843,0.7805606146743036
0.5455247894681884,0.7859485894085803,0.9115987299241364,0.9095895234373232,1.1060615191074226,0.8949080538721201,0.9263226852437646
0.6792872176081539,0.599601033393222,0.42871776011736185,0.6497670688983755,0.12872939809164113,0.5528465449553878,0.5479042996495191
