Baseline,SVM-RBF,Lin/Log-L1,RF,LogCont-L1,KernelBiome,KB_Aitchison
0.958130038051809,0.6774642011093385,0.35254382026411124,0.4753160626127352,-0.15384134717343387,0.36278953776067957,0.6191103652561101
0.8332468537604996,0.7812568397697598,0.9695270027409337,0.8452712440033022,1.0247561914391188,0.9354307032852883,0.8933853906525615
0.5703221274556765,0.7087605917659384,0.5569817706028936,0.7026862299049557,0.6394120365660851,0.6427707132558068,0.8783553909706328
0.9471565823404577,0.8108985260532974,0.7676807254554957,0.6046291740215378,-0.3474403193487632,0.6075327830337613,0.6502316908776763
0.732179977989123,0.6851287604795318,0.6744878941545605,0.7828979064658383,0.8403793795713979,0.5070741203911167,0.8855255339718913
0.968155215124872,0.7694976544601446,0.9810793365898128,0.8206162230996532,0.9505430937888912,0.8559131641384575,0.9317613293970034
