Baseline,SVM-RBF,Lin/Log-L1,RF,LogCont-L1,KernelBiome,KB_Aitchison
0.7418006861487769,0.6835233533024868,0.20738545401388703,0.581334107196958,-0.4842572910624903,0.20333577600965863,0.37175081705733115
0.7146662065659302,0.7114558676796148,0.5832056940596324,0.6166420215971585,-0.015638360290651854,0.6338478905643142,0.6452120914012847
0.9857628867609516,0.7637998477115969,0.8869874947073989,0.9041791557388215,1.1577275030449636,0.9193055198203914,0.9301453451174424
0.9142391718874485,0.7215742827225655,0.735435778323653,0.7610354333647648,0.8370102070743346,0.5141997713513455,0.8316239408223631
0.6573615091513437,0.742121747202002,0.7016012769685456,0.711353350406492,0.431264913037223,0.696682581304785,0.857497463000524
0.5830515686819617,0.75288303402058,0.9575470045149598,0.8798165437796002,1.956875597329056,0.9415894312691672,0.9735259333740374
