Baseline,SVM-RBF,Lin/Log-L1,RF,LogCont-L1,KernelBiome,KB_Aitchison
0.5286742146533108,0.6979874344969899,0.41389124017202644,0.5587310344827585,0.4834183807939736,0.6025313656224133,0.6034441373293625
0.7104310535026066,0.8046462420282701,0.7887313188921816,0.8288643678160921,0.0941315466099174,0.8885796121570411,0.8370108734447771
0.9706876154628912,0.5760340406418146,0.3402465954090671,0.4872977011494253,-0.29105871732599436,0.4273849485400893,0.316992679411442
0.5455247894681884,0.670104901051428,0.5200941655112205,0.7051333333333334,0.7778709869799123,0.8675249855929111,0.8992602664863453
0.6792872176081539,0.8747252698227425,0.9312309524528906,0.786564367816092,1.0537155138190115,0.9329267701532132,0.9215973326039589
0.5311259751402722,0.8503038022685849,0.9528077275595034,0.7760738916256157,0.6682475441377207,0.9382153190095625,0.9626132790084362
