Baseline,SVM-RBF,Lin/Log-L1,RF,LogCont-L1,KernelBiome,KB_Aitchison
0.9186475202774326,0.8069023265543697,0.9899509648181393,0.7474350538513825,0.4716981132075472,0.7703880142467683,0.8133414069648981
0.622609561174325,0.7824992736076085,0.46672530167024023,0.80070626982161,0.4716981132075472,0.7651219409209278,0.8419618970799684
0.7182990756761114,0.8078397267469458,0.7354665315800052,0.7840880845052671,0.4716981132075472,0.7861368714251328,0.8703968573358138
0.8873677928156207,0.8147776864092589,0.999964205930276,0.8275128221738848,0.4716981132075472,0.9169826172917854,0.7954971545485029
0.8293691076884202,0.9180102811172518,0.9999233750270359,0.7742435744019577,0.4716981132075472,0.9601576114912967,0.9087332719374935
0.9237543865394604,0.5937955405942347,0.9999998877051606,0.8334946835128236,0.4716981132075472,0.9487331407580998,0.9156180450848096
