Baseline,SVM-RBF,Lin/Log-L1,RF,LogCont-L1,KernelBiome,KB_Aitchison
0.9260396878259576,0.7801087342489705,0.5428198605343817,0.6318408747396065,0.28188133152730055,0.5847926367803585,0.6079663970631913
0.8858508215000167,0.6324116607740361,0.9128735110632558,0.9106530538025698,0.7912219203719608,0.8759394260777607,0.9064888621610782
0.5962533189748117,0.86886316923846,0.8843450886193635,0.9097365906051283,0.9646641697874536,0.8887149999436811,0.8935080357347424
0.8507627122299584,0.6445629665927359,0.4036307233363348,0.6771764506120815,0.29570892479119526,0.6417160030186756,0.6089394846926534
0.9071466289496917,0.7883939430018987,0.8965526255492182,0.7925161544411176,1.0135097411747884,0.8147506058242137,0.627671579897167
0.613931346337784,0.7518973491207548,0.8526687093870776,0.8244786608170729,-0.08371750942679368,0.748787871797007,0.7126678406785494
