Baseline,SVM-RBF,Lin/Log-L1,RF,LogCont-L1,KernelBiome,KB_Aitchison
0.8124156833556105,0.8534874035314638,0.849475781749673,0.7675020274698674,1.1866450397144692,0.8404185109038088,0.7600073340367625
0.8256462961769868,0.30755309526409,0.5342222458330336,0.8188474175517467,0.3136543230671836,0.45119871686495516,0.6841731707529288
0.5356782618650211,0.16000714475254052,0.2315264307412519,0.36879121931941694,-1.4125795399459842,0.016473582897736476,0.21277384966049576
0.9854310884384351,0.8693125945800882,0.8406920734893186,0.8010645551276617,1.4485182654371476,0.9018527687227127,0.9473134891113401
0.9987542465708814,0.7358516207057253,0.9914585547381808,0.8476772955726005,0.30076076425459003,0.9746333138988941,0.8776499572460665
