Baseline,SVM-RBF,Lin/Log-L1,RF,LogCont-L1,KernelBiome,KB_Aitchison
0.8124714355633574,0.5758867599522662,0.2597378036564605,0.6373198156744682,-0.27292915897544934,0.27331018582436967,0.3439610535929054
0.6798476900386778,0.7929005931382298,0.8141266633343708,0.8485727248910262,0.23465783092424325,0.850401833571204,0.8771525687250118
0.5249917102974164,0.830581776046351,0.9379672900929795,0.8110010844418237,1.1305227865656078,0.9335617612071516,0.8962285151210952
0.9621613976489692,0.7787203630066323,0.8790665890002952,0.8849658236231354,0.7475835182510597,0.877681333293429,0.9544545703773906
0.6115351706409398,0.7772204995798009,0.7464836838867769,0.7092504698985536,0.8751093926320066,0.7662432886141186,0.9004016749442658
0.5836271187190704,0.5915068305065929,0.9867378255241147,0.8726495415155728,0.8188284526114193,0.8319829016055994,0.9259205382803228
