Baseline,SVM-RBF,Lin/Log-L1,RF,LogCont-L1,KernelBiome,KB_Aitchison
0.958130038051809,0.2946847024675105,0.0021001656565157005,0.5947255550062892,-0.24365709763151433,0.33688917215344566,0.5243428566204502
0.8332468537604996,0.7620742088928769,0.25298789342595396,0.7391057161385622,0.47166962461607376,0.7760611119867092,0.7727509054937427
0.5703221274556765,0.2392598388192922,0.0023954166474434518,0.5303700072359357,-0.6765276589341481,0.1590699820324255,0.31560834437773727
0.9471565823404577,0.5755032094140491,0.636618362187873,0.6479986911720794,-0.04551010636751418,0.5071931354062715,0.3692327050501126
0.732179977989123,0.5270358168438154,0.4259772439594719,0.6062003534604979,0.0632170360542007,0.7049006348532204,0.5
0.968155215124872,0.7458779806588464,0.9999988585549048,0.8714369720809728,0.7876077574083252,0.8838239033476258,0.8854975299522964
