Baseline,SVM-RBF,Lin/Log-L1,RF,LogCont-L1,KernelBiome,KB_Aitchison
0.5760781237189413,0.6685281098882598,0.0053114535070968956,0.5783485010005737,-0.16067461281453926,0.32303649929943745,0.5703446008469875
0.7510843951036321,0.894996236629709,0.9936908742286252,0.7277162196938262,0.41454863876896103,0.8405976721749794,0.8035028153758569
0.8979761411964977,0.903520851483436,0.995607608882619,0.8230383665071985,0.9005950936669618,0.8482181295688729,0.81035877910246
0.6238641963518816,0.6430758780873987,0.00014969801268998047,0.5942273213846739,-0.20530057565581367,0.35721532217658375,0.5997113391803067
0.6845842558450658,0.8134337727658083,0.6074897369017601,0.7357108778107604,0.8575895686605755,0.6829682612834005,0.8141852910711325
0.9715374172971551,0.8044370268043102,0.7843480279017274,0.6097713506715551,0.08733947814573179,0.7015610876947865,0.6775823805491358
