Baseline,SVM-RBF,Lin/Log-L1,RF,LogCont-L1,KernelBiome,KB_Aitchison
0.6939149121911907,0.36856724967704124,0.0007930462472451298,0.517,0.4716981132075472,0.37674670314833564,0.5
0.9154651228271817,0.7326054856267828,0.9495320102603458,0.776,0.4716981132075472,0.7248732877561418,0.8298183863218969
0.7819704903144149,0.6935036091138438,0.9780740631433719,0.775,0.4716981132075472,0.7950368162504966,0.80665609923389
0.6153687637384386,0.843629620730814,0.9999933933034121,0.846,0.4716981132075472,0.909723207596287,0.9092540578124041
0.8523373477985619,0.6772270576011249,0.142393307475351,0.751,0.4716981132075472,0.7041077460833027,0.7428285134884908
0.925418521430255,0.6616342174793864,0.6401115452890672,0.7303333333333333,0.4716981132075472,0.7631268714125669,0.8200839905444043
