Baseline,SVM-RBF,Lin/Log-L1,RF,LogCont-L1,KernelBiome,KB_Aitchison
0.9957176011258104,0.6907056260218349,0.7222204894898099,0.7642559791285818,0.48148148148148145,0.6911226208922283,0.8117809113247123
0.5228466634591326,0.7341530060292316,0.7222204894898099,0.8339870592518769,0.48148148148148145,0.7237044014957296,0.8252933439529765
0.7752174828229079,0.8190842627182778,0.7222204894898099,0.810464957607598,0.48148148148148145,0.9338958677274831,0.8553406160204959
0.6948906141364419,0.5694673625751724,0.7222204894898099,0.6930102060276845,0.48148148148148145,0.40722373869429523,0.5512645744029284
0.573970091262348,0.8051016842278486,0.7222204894898099,0.8654183137572267,0.48148148148148145,0.885273207868064,0.8754623797422201
