Baseline,SVM-RBF,Lin/Log-L1,RF,LogCont-L1,KernelBiome,KB_Aitchison
0.9419705688474578,0.605039213136843,0.9586893119613931,0.581809523809524,0.26092016998723,0.7635070990931929,0.8398019504407342
0.6707723091269233,0.7006107696785147,0.9789569221682471,0.5837181818181818,-0.0930060788959243,0.5561342216690423,0.6276827256816601
0.8122055085167281,0.837708860654495,0.9999600662990177,0.8179,1.2346390308964033,0.9620420094155514,0.9741981963193962
0.6936087092223292,0.8543891186140735,0.9930028582898599,0.7976,0.36172760068879695,0.8926665737742646,0.8501140955153925
0.6602547237397915,0.7632599555304258,0.8474732521447323,0.7083848484848485,0.935342599336051,0.7881838987153806,0.9251743067944014
0.6587684353887051,0.6580944573099824,0.9999962096273252,0.85165,0.27488477986521687,0.9451034210075503,0.8793983166078396
