Baseline,SVM-RBF,Lin/Log-L1,RF,LogCont-L1,KernelBiome,KB_Aitchison
0.8124156833556105,0.773799093429279,0.6404472524748371,0.5814071428571428,-0.5819477637751669,0.45813096360271827,0.5990997871392465
0.8256462961769868,0.5583998389490612,0.40566799602370585,0.4983571428571429,-0.9551932442857423,0.1494712271167529,0.3656454416950287
0.5356782618650211,0.868362518283168,0.9380868324785189,0.8776666666666666,2.0699694132668722,0.9586217416852717,0.9338946900659771
0.9854310884384351,0.9010533406048662,0.9827563978695203,0.8926947368421052,0.49058590672542485,0.9717810712495762,0.9381546195118159
0.9987542465708814,0.7723405322993195,0.9784355629684025,0.8751114035087719,-0.48495325967789354,0.9507215143224872,0.9200459444005908
0.6080437018712912,0.7734036137633361,0.75275210131191,0.7328238095238094,1.400394338130517,0.8855717260891083,0.8639976405202943
