Baseline,SVM-RBF,Lin/Log-L1,RF,LogCont-L1,KernelBiome,KB_Aitchison
0.7418006861487769,0.7523642211097593,0.552130836643151,0.6090085470085471,0.4716981132075472,0.6839553282159903,0.6830133424662838
0.7146662065659302,0.5774593775739094,0.8517051429417432,0.7823141025641026,0.4716981132075472,0.8167829853286351,0.7652571078486484
0.9857628867609516,0.8761959655196492,0.8070064762412154,0.8749252136752137,0.4716981132075472,0.8775122082317812,0.7914599741509913
0.9142391718874485,0.6926731163427546,0.95160094279623,0.78195,0.4716981132075472,0.8213722765268401,0.8380007637514374
0.6573615091513437,0.8620751319989913,0.9820336694364414,0.9013474358974359,0.4716981132075472,0.9484297467161472,0.8917225129902085
0.5830515686819617,0.828497583540973,0.9839022906611127,0.873,0.4716981132075472,0.8538598546137937,0.8702968993537644
