Baseline,SVM-RBF,Lin/Log-L1,RF,LogCont-L1,KernelBiome,KB_Aitchison
0.9260396878259576,0.7276046494157293,0.9787467570663722,0.8700757340443473,0.9643811989505102,0.8798398087861995,0.8922676546049245
0.8858508215000167,0.7295630588700147,0.3694528855916389,0.5692559144437002,-0.07380164224620583,0.4038855233944294,0.3730462845951869
0.5962533189748117,0.6061948807241534,0.5767438107785949,0.7831007153937244,0.4110333031614786,0.6983406399784006,0.6007843755095409
0.8507627122299584,0.7806455047742693,0.9447613778928238,0.8409053951574087,1.4998797701188422,0.8457167967405242,0.907052658530122
0.9071466289496917,0.5294397097552275,0.18979637757926737,0.3944610283151637,-1.133015333710619,0.07190683683059264,0.13247461896260615
0.613931346337784,0.794767021669536,0.7806360336633853,0.695500605716004,-0.2098807348376565,0.4428552441386872,0.5890314179556412
