Baseline,SVM-RBF,Lin/Log-L1,RF,LogCont-L1,KernelBiome,KB_Aitchison
0.5760781237189413,0.8256665071323368,0.6370869480254883,0.6267412587412586,-0.8314033516026251,0.5437511252756999,0.655185821775375
0.7510843951036321,0.7662077862703637,0.8062949696741063,0.6848603063603065,-0.18699129001892284,0.7101007294184628,0.7341266866999485
0.8979761411964977,0.7669052698881281,0.8685590503871339,0.8654555444555444,0.8890590055407126,0.8439540885343596,0.844248734500289
0.6238641963518816,0.8446476096722773,0.6567256459955397,0.6097142857142858,-0.19560236069921338,0.6689341969168182,0.7125340255092275
0.6845842558450658,0.6911061359295975,0.770651872185533,0.6236666666666667,-0.7359454119124187,0.6143892202052069,0.6326182605368752
0.9715374172971551,0.8417835987978236,0.8646447008114897,0.9136730769230769,1.0870791725072455,0.8504107708873462,0.908872130792888
