Baseline,SVM-RBF,Lin/Log-L1,RF,LogCont-L1,KernelBiome,KB_Aitchison
0.774294436759269,0.831563857429685,0.9999981661958872,0.8918360958464425,1.3863788772563783,0.8866308279966155,0.8642438961658246
0.8503334446280968,0.13195338602428666,0.0015922743363035452,0.6203977577676597,-0.3672035599925287,0.16555168229409978,0.4619174664285386
0.8845191516919113,0.8202912786632328,0.9850494972218039,0.8148662203185598,-0.04344266504258226,0.774279321077928,0.7755892392259929
0.5573482996198698,0.5856471662300037,0.3402378369230677,0.7966254896304243,0.12272311319981483,0.7607708997118272,0.8467464051700543
0.9067782052244387,0.9170415931017356,0.9995936925802512,0.8630640397003957,-0.07525892920876937,0.9618614540582232,0.7875260850117255
0.5342166438442832,0.37696800751253123,0.247864751659247,0.6363479537709813,-1.0245647625444216,0.566858546632672,0.6363120781168999
