Baseline,SVM-RBF,Lin/Log-L1,RF,LogCont-L1,KernelBiome,KB_Aitchison
0.6942697441749999,0.7776388649641099,0.5660376969183051,0.706,0.5094339622641509,0.8635244959743005,0.7655139904406023
0.75428679772385,0.7540257410482681,0.5660376969183051,0.62,0.5094339622641509,0.6768170327139376,0.6539663469452249
0.6503582019270603,0.755792297000731,0.5660376969183051,0.876,0.5094339622641509,0.8857921581188638,0.8784226278709791
0.9027153758969997,0.7663966637394763,0.5660376969183051,0.838,0.5094339622641509,0.9073311257726596,0.8748666712731499
0.6125231679954621,0.559526840953271,0.5660376969183051,0.358,0.5094339622641509,0.0997340935045315,0.31322151649494157
0.646053279409594,0.7700586677124741,0.5660376969183051,0.932,0.5094339622641509,0.8829685509993801,0.8826774726003388
