Baseline,SVM-RBF,Lin/Log-L1,RF,LogCont-L1,KernelBiome,KB_Aitchison
0.5286742146533108,0.710917982182302,0.743249975800136,0.6652232566723736,0.4716981132075472,0.8168603878088186,0.7342781399245105
0.7104310535026066,0.7502936722400334,0.8211987585640226,0.7743014740894202,0.4716981132075472,0.7620223152204353,0.8473129041118267
0.9706876154628912,0.6570747969657353,0.11619459454186655,0.6737229873102839,0.4716981132075472,0.35402401600665423,0.3710239926337563
0.5455247894681884,0.8040684234370825,0.9525997135803675,0.8047796249608964,0.4716981132075472,0.7583393656398304,0.90694189086095
0.6792872176081539,0.7880019028951469,0.7850809612122668,0.7711972705243736,0.4716981132075472,0.885129069580009,0.7736767323749959
0.5311259751402722,0.7699970739103973,0.8880133249112043,0.7738161084549074,0.4716981132075472,0.7675550732720255,0.5326740302453945
