Baseline,SVM-RBF,Lin/Log-L1,RF,LogCont-L1,KernelBiome,KB_Aitchison
0.8124714355633574,0.640921619430574,0.553728921382051,0.6213260869565217,0.5094339622641509,0.6878346535831134,0.6797789726435277
0.6798476900386778,0.8210186850766964,0.768541318364098,0.6301273291925465,0.5094339622641509,0.8754868580875494,0.9144009095253066
0.5249917102974164,0.84697592398548,0.8736361234012044,0.8189848171152518,0.5094339622641509,0.8871954720039372,0.9692545113106449
0.9621613976489692,0.6902804803212833,0.7168975548440105,0.7358260869565217,0.5094339622641509,0.7682641009595046,0.6779349241302818
0.6115351706409398,0.5984567427836165,0.7216358319023443,0.7966908212560387,0.5094339622641509,0.5407021326490701,0.846381620444403
0.5836271187190704,0.8639001666237598,0.9527582357212218,0.8814444444444445,0.5094339622641509,0.9602099077666874,0.981110550925121
