Baseline,SVM-RBF,Lin/Log-L1,RF,LogCont-L1,KernelBiome,KB_Aitchison
0.5740072536349559,0.8381758965282304,0.8458855108672734,0.7903086562560246,0.8565840640698544,0.7224128076939421,0.8096937961478127
0.9630482005788701,0.7810059742111596,0.574678748980402,0.7256381118881119,1.1541789810926515,0.7739050621759901,0.8223391877366355
0.5525341186506882,0.9055533058028429,0.9351163021387613,0.7977092556566241,0.23153984315309872,0.8116752229073335,0.849057584104586
0.7817532262106959,0.38337574776653255,0.22646423657974749,0.29360372960372955,-1.3702604681474613,0.147236479640032,0.3046652829114418
0.936161132883244,0.8075262659650033,0.9225134306671652,0.9249881453943374,1.706376450428999,0.9527904622278962,0.8998058945935137
0.7120710627875335,0.8557948644781869,0.8683367411814293,0.8274205794205794,1.0653564387060608,0.7186014154186382,0.6751477191950979
