Baseline,SVM-RBF,Lin/Log-L1,RF,LogCont-L1,KernelBiome,KB_Aitchison
0.7282975291045173,0.8417634101559315,0.5660376969183051,0.822576136130636,0.5094339622641509,0.9150411964512049,0.7919416559413528
0.860815307453102,0.7112676587465152,0.5660376969183051,0.739649040973324,0.5094339622641509,0.7525865267248074,0.808398846265418
0.7877412046254335,0.6111803342052637,0.5660376969183051,0.6997340775222652,0.5094339622641509,0.3219235693672847,0.5772507132530141
0.5776119338400482,0.8213029875604235,0.5660376969183051,0.8930467339484806,0.5094339622641509,0.9706702321183771,0.9202256310127954
0.9976405719045137,0.6339257312843687,0.5660376969183051,0.7161679544409879,0.5094339622641509,0.6346106060619079,0.6568278062091887
0.9392154396084429,0.7585466600411174,0.5660376969183051,0.8690936609129185,0.5094339622641509,0.9684350269719034,0.8702700288298012
