Baseline,SVM-RBF,Lin/Log-L1,RF,LogCont-L1,KernelBiome,KB_Aitchison
0.6942697441749999,0.8527538266550984,0.9993424058215176,0.7596666666666667,-0.21858662370037707,0.6508553281236962,0.6842528789483199
0.75428679772385,0.8075482245407817,0.9999916975439305,0.898,0.6759855020164764,0.86764123456272,0.957609485723113
0.6503582019270603,0.8133088629764513,0.9462403990475047,0.7435,0.5464770167363322,0.7863699592648804,0.8761782950510926
0.9027153758969997,0.8045215031857589,0.8638773165830662,0.7737619047619047,0.816982973518828,0.8569584323206149,0.9137308978421423
0.6125231679954621,0.6955976467126675,0.06034420492993977,0.549,-0.29157687285529144,0.6594396887474908,0.3523479162877795
0.646053279409594,0.8222128215889829,0.9985983622796358,0.827,-0.4230832430332242,0.7548621176386823,0.6022076464595328
