Baseline,SVM-RBF,Lin/Log-L1,RF,LogCont-L1,KernelBiome,KB_Aitchison
0.9419705688474578,0.6588797652353005,0.44225392560284954,0.46623809523809523,-0.4074046788840906,0.6601877847002041,0.6404795409330856
0.6707723091269233,0.784466198635591,0.9819817031728826,0.892,0.7832511807143256,0.8437508185629711,0.8461490368512291
0.8122055085167281,0.5491748336671762,0.5290750456509723,0.7873809523809524,0.10256419207449619,0.7290188043755474,0.5757577888998582
0.6936087092223292,0.8035599759890973,0.9633672522049554,0.828,0.6545879691633403,0.8858602669395774,0.913773888366517
0.6602547237397915,0.7897426883142229,0.795527416275685,0.7717142857142857,0.44636007047886683,0.8798406848213024,0.7844780769080227
0.6587684353887051,0.810278020521488,0.9559296606298273,0.8852142857142856,2.1186784512014825,0.9570421577096168,0.9399523398271855
