Baseline,SVM-RBF,Lin/Log-L1,RF,LogCont-L1,KernelBiome,KB_Aitchison
0.7011592075319684,0.7893431411597839,0.5660376969183051,0.8764373419530203,1.0181948738229891,0.887643140917699,0.9269562803424571
0.6620065478138579,0.8385714936460895,0.5660376969183051,0.8825395533080368,1.394278453516637,0.9392037247378794,0.9803721703106489
0.8503591294951491,0.7932655303278309,0.5660376969183051,0.8165852839774791,0.6356330173767376,0.6413441591209875,0.7914097531987776
0.6346298660454828,0.7433607650664483,0.5660376969183051,0.6155957259252248,0.10972705177238556,0.3167663099644642,0.5471257069045407
0.7106303044695155,0.7632505200596768,0.5660376969183051,0.5581409719137465,0.015129460226789071,0.6970808847714693,0.752435523087338
0.5954911651896546,0.8041806939527563,0.5660376969183051,0.8579183715602807,1.130647040353022,0.9062871780285531,0.9003367945884794
