Baseline,SVM-RBF,Lin/Log-L1,RF,LogCont-L1,KernelBiome,KB_Aitchison
0.9186475202774326,0.7412775537920803,0.7222222221276952,0.9,0.48148148148148145,0.9020365622116183,0.8769295651503504
0.622609561174325,0.7109294140239987,0.7222222221276952,0.6124348484848485,0.48148148148148145,0.8689359437231848,0.7661399215454854
0.7182990756761114,0.805164090544191,0.7222222221276952,0.6617681818181818,0.48148148148148145,0.8126715106705252,0.7020813661605259
0.8873677928156207,0.8658490298704279,0.7222222221276952,0.8229500000000001,0.48148148148148145,0.784862788033604,0.851523887776018
0.8293691076884202,0.5173147040217214,0.7222222221276952,0.6165833333333334,0.48148148148148145,0.7305787332537125,0.633179775446631
