estimator_key,kmat_fun,avg_test_score,most_freq_best_param
aitchison-rbf_c_1.4755504245748791e-07_g_0.0004541509351118546,<function wrap.<locals>.calc at 0x7fffbc39c268>,0.7924242424242425,410.6326346503088
aitchison_c_1.4755504245748791e-08,<function wrap.<locals>.calc at 0x7fffbc399ae8>,0.7257575757575758,0.0006714280783850304
rbf_g_1739.9587274596051,<function wrap.<locals>.calc at 0x7fffbc3dfd90>,0.715909090909091,18077.51303691814
generalized-js_a_inf_b_inf,<function wrap.<locals>.calc at 0x7fffbc399400>,0.715909090909091,1.5153185425143436
hilbertian_a_1_b_-inf,<function wrap.<locals>.calc at 0x7fffbc399620>,0.715909090909091,1.937358602993047
linear,<function kmat_linear at 0x7fffbc6bd950>,0.715909090909091,31.796480697734204
heat-diffusion_t_0.07934032218028157,<function wrap.<locals>.calc at 0x7fffbc39c950>,0.7075757575757576,0.06387245564214149
