estimator_key,kmat_fun,avg_test_score,most_freq_best_param
aitchison-rbf_c_1.4174553388171868e-09_g_0.00013632584539663965,<function wrap.<locals>.calc at 0x7fffbc39c0d0>,0.8272727272727274,411.8265014834692
aitchison_c_1.417455338817187e-08,<function wrap.<locals>.calc at 0x7fffbc399ae8>,0.8106060606060606,0.001464625186812552
generalized-js_a_1_b_1,<function wrap.<locals>.calc at 0x7fffbc399048>,0.7348484848484849,12.201269266851753
hilbertian_a_inf_b_-1,<function wrap.<locals>.calc at 0x7fffbc399840>,0.7174242424242425,1.8840066571316403
rbf_g_0.1694908822918808,<function wrap.<locals>.calc at 0x7fffbc3e0b70>,0.7166666666666667,157.62174810978496
linear,<function kmat_linear at 0x7fffbc6bc950>,0.7075757575757576,32.16988557061515
heat-diffusion_t_0.08034112339068386,<function wrap.<locals>.calc at 0x7fffbc39c8c8>,0.6984848484848485,955.8709837685946
