estimator_key,kmat_fun,avg_test_score,most_freq_best_param
aitchison-rbf_c_1.4174553388171868e-09_g_0.00013633313267244162,<function wrap.<locals>.calc at 0x7fffbc3bdbf8>,0.8295454545454545,405.05315131404603
aitchison_c_1.417455338817187e-11,<function wrap.<locals>.calc at 0x7fffbc3bd510>,0.8045454545454545,0.005230073566682314
rbf_g_1709.6781561098112,<function wrap.<locals>.calc at 0x7fffbc6399d8>,0.709848484848485,17922.621966547194
generalized-js_a_inf_b_inf,<function wrap.<locals>.calc at 0x7fffbc639f28>,0.709848484848485,1.4954925696287729
linear,<function kmat_linear at 0x7fffbc6bd950>,0.709848484848485,6.42020007586489
heat-diffusion_t_0.08447217207908736,<function wrap.<locals>.calc at 0x7fffbc3c6268>,0.7015151515151515,5.446367375599975e+19
hilbertian_a_1_b_-inf,<function wrap.<locals>.calc at 0x7fffbc3bd1e0>,0.7015151515151515,0.8643347668594764
