estimator_key,kmat_fun,avg_test_score,most_freq_best_param
aitchison-rbf_c_1.5784248267284156e-11_g_5.8619264442721995e-05,<function wrap.<locals>.calc at 0x7fffbc3c4a60>,0.7765151515151516,412.20805026917844
aitchison_c_1.5784248267284155e-09,<function wrap.<locals>.calc at 0x7fffbc3c4620>,0.740909090909091,0.010534723181053673
rbf_g_1681.767933648358,<function wrap.<locals>.calc at 0x7fffbc6399d8>,0.7075757575757576,18075.85180596874
generalized-js_a_inf_b_inf,<function wrap.<locals>.calc at 0x7fffbc639f28>,0.7075757575757576,1.5198905608784905
heat-diffusion_t_0.08447217207908736,<function wrap.<locals>.calc at 0x7fffbc3cb268>,0.7075757575757576,5.9982553679171305e+19
hilbertian_a_10_b_-1,<function wrap.<locals>.calc at 0x7fffbc3c4268>,0.7075757575757576,2.131940906241164
linear,<function kmat_linear at 0x7fffbc6bd950>,0.7075757575757576,6.603261184064564
