estimator_key,kmat_fun,avg_test_score,most_freq_best_param
aitchison-rbf_c_1.4174553388171868e-09_g_0.00013734727157767217,<function wrap.<locals>.calc at 0x7fffbc39c0d0>,0.7863636363636364,413.3356443254343
aitchison_c_1.417455338817187e-10,<function wrap.<locals>.calc at 0x7fffbc3999d8>,0.7484848484848485,0.00013655152730772345
heat-diffusion_t_0.07934032218028157,<function wrap.<locals>.calc at 0x7fffbc39c950>,0.7242424242424244,0.06414055681114388
hilbertian_a_1_b_-1,<function wrap.<locals>.calc at 0x7fffbc399510>,0.7242424242424242,5.471438195548988
rbf_g_1733.3936540084082,<function wrap.<locals>.calc at 0x7fffbc3ecd90>,0.715909090909091,18077.454856355984
generalized-js_a_10_b_1,<function wrap.<locals>.calc at 0x7fffbc399158>,0.715909090909091,1.7793093656073449
linear,<function kmat_linear at 0x7fffbc6bd950>,0.715909090909091,14.42664011628743
