estimator_key,kmat_fun,avg_test_score,most_freq_best_param
aitchison-rbf_c_1.4174553388171868e-09_g_1.3729508306620682e-05,<function wrap.<locals>.calc at 0x7fffbc39c048>,0.7522727272727273,172.22178824607516
aitchison_c_1.417455338817187e-08,<function wrap.<locals>.calc at 0x7fffbc399ae8>,0.7431818181818182,0.0006647251366041114
rbf_g_1722.41935101985,<function wrap.<locals>.calc at 0x7fffbc3e0d90>,0.7075757575757576,18077.243685610134
linear,<function kmat_linear at 0x7fffbc6bd950>,0.7075757575757576,6.6599152234757675
generalized-js_a_1_b_0.5,<function wrap.<locals>.calc at 0x7fffbc3e0f28>,0.7075757575757576,3.4990950694646883
hilbertian_a_1_b_-1,<function wrap.<locals>.calc at 0x7fffbc399510>,0.7075757575757576,2.4776436928557666
heat-diffusion_t_0.08034112339068386,<function wrap.<locals>.calc at 0x7fffbc39c8c8>,0.6992424242424242,1004.1838357752666
