estimator_key,kmat_fun,avg_test_score,most_freq_best_param
aitchison-rbf_c_1.417455338817187e-11_g_5.799760986412474e-05,<function wrap.<locals>.calc at 0x7fffbc399ea0>,0.7446969696969697,405.8320088570914
aitchison_c_1.4174553388171868e-09,<function wrap.<locals>.calc at 0x7fffbc399a60>,0.7348484848484849,0.010215045486816472
rbf_g_1668.342595016466,<function wrap.<locals>.calc at 0x7fffbc3e7d90>,0.709848484848485,17921.133065485297
hilbertian_a_1_b_-1,<function wrap.<locals>.calc at 0x7fffbc399510>,0.709848484848485,5.4173245940615
linear,<function kmat_linear at 0x7fffbc6bc950>,0.709848484848485,6.539232592513732
generalized-js_a_1_b_0.5,<function wrap.<locals>.calc at 0x7fffbc3e7f28>,0.709848484848485,7.641981561231906
heat-diffusion_t_0.08447217207908736,<function wrap.<locals>.calc at 0x7fffbc39c6a8>,0.7015151515151515,5.776385001499728e+19
