estimator_key,kmat_fun,avg_test_score,most_freq_best_param
aitchison-rbf_c_1.417455338817187e-11_g_5.7634285916263014e-05,<function wrap.<locals>.calc at 0x7fffbc3bca60>,0.7916666666666667,412.37153139651775
aitchison_c_1.417455338817187e-10,<function wrap.<locals>.calc at 0x7fffbc3bc598>,0.765909090909091,0.0002993941173433192
rbf_g_1679.9472150698648,<function wrap.<locals>.calc at 0x7fffbc6399d8>,0.715909090909091,18075.823798206977
generalized-js_a_inf_b_inf,<function wrap.<locals>.calc at 0x7fffbc639f28>,0.715909090909091,1.5198330466614058
hilbertian_a_10_b_-1,<function wrap.<locals>.calc at 0x7fffbc3bc268>,0.715909090909091,0.9630974725652067
heat-diffusion_t_0.07934032218028157,<function wrap.<locals>.calc at 0x7fffbc3c7510>,0.715909090909091,0.06570349379719519
linear,<function kmat_linear at 0x7fffbc6bc950>,0.6977272727272728,32.549144354318585
