estimator_key,kmat_fun,avg_test_score,most_freq_best_param
aitchison-rbf_c_1.4174553388171869e-07_g_0.0004529326560132394,<function wrap.<locals>.calc at 0x7fffbc3c7d90>,0.8098484848484848,411.2685270700538
aitchison_c_1.417455338817187e-08,<function wrap.<locals>.calc at 0x7fffbc3c76a8>,0.7500000000000001,0.0006642989557015568
rbf_g_1683.0850661417105,<function wrap.<locals>.calc at 0x7fffbc6399d8>,0.715909090909091,18076.853679141725
generalized-js_a_inf_b_10,<function wrap.<locals>.calc at 0x7fffbc639ea0>,0.715909090909091,1.4292089549132
linear,<function kmat_linear at 0x7fffbc6bc950>,0.715909090909091,3.00137211361604
heat-diffusion_t_0.07934032218028157,<function wrap.<locals>.calc at 0x7fffbc3c9510>,0.7075757575757576,0.06346933631360206
hilbertian_a_1_b_-inf,<function wrap.<locals>.calc at 0x7fffbc3c71e0>,0.690909090909091,0.8783257129668404
