estimator_key,kmat_fun,avg_test_score,most_freq_best_param
aitchison-rbf_c_1.417455338817187e-11_g_5.782363362584337e-05,<function wrap.<locals>.calc at 0x7fffbc399ea0>,0.7848484848484849,413.6617488068239
aitchison_c_1.4174553388171868e-09,<function wrap.<locals>.calc at 0x7fffbc399a60>,0.7765151515151516,0.00043104389988836504
generalized-js_a_inf_b_10,<function wrap.<locals>.calc at 0x7fffbc399378>,0.7325757575757577,1.4286436508750786
rbf_g_1705.3997042627775,<function wrap.<locals>.calc at 0x7fffbc3e0d90>,0.715909090909091,18076.215914770062
hilbertian_a_1_b_-inf,<function wrap.<locals>.calc at 0x7fffbc399620>,0.715909090909091,1.9433051148969478
heat-diffusion_t_0.07934032218028157,<function wrap.<locals>.calc at 0x7fffbc39c950>,0.715909090909091,0.06475360489129783
linear,<function kmat_linear at 0x7fffbc6bc950>,0.715909090909091,31.96763060500385
