estimator_key,kmat_fun,avg_test_score,most_freq_best_param
aitchison-rbf_c_1.417455338817187e-11_g_5.7924986689697885e-05,<function wrap.<locals>.calc at 0x7fffbc3c6a60>,0.7742424242424243,412.7348241776651
aitchison_c_1.417455338817187e-11,<function wrap.<locals>.calc at 0x7fffbc3c6510>,0.7575757575757576,0.005318469114583861
heat-diffusion_t_0.08447217207908736,<function wrap.<locals>.calc at 0x7fffbc3cb268>,0.7250000000000001,5.695867696554778e+19
generalized-js_a_10_b_0.5,<function wrap.<locals>.calc at 0x7fffbc6397b8>,0.7242424242424244,5.322487312216953
rbf_g_1680.7889347566224,<function wrap.<locals>.calc at 0x7fffbc6399d8>,0.715909090909091,18075.836724855435
hilbertian_a_10_b_-10,<function wrap.<locals>.calc at 0x7fffbc3c62f0>,0.715909090909091,0.2828846733981318
linear,<function kmat_linear at 0x7fffbc6bd950>,0.715909090909091,14.57455079680547
