estimator_key,kmat_fun,avg_test_score,most_freq_best_param
aitchison-rbf_c_1.4174553388171869e-07_g_0.00045518560982258543,<function wrap.<locals>.calc at 0x7fffbc39c268>,0.7916666666666667,411.0408121654079
aitchison_c_1.4174553388171869e-07,<function wrap.<locals>.calc at 0x7fffbc399b70>,0.7484848484848485,0.0011233619336847417
rbf_g_1677.2650694139188,<function wrap.<locals>.calc at 0x7fffbc3dfd90>,0.715909090909091,18075.77855508282
generalized-js_a_10_b_10,<function wrap.<locals>.calc at 0x7fffbc3991e0>,0.715909090909091,1.038892176714017
hilbertian_a_1_b_-10,<function wrap.<locals>.calc at 0x7fffbc399598>,0.715909090909091,0.982408325703752
heat-diffusion_t_0.08341991081494048,<function wrap.<locals>.calc at 0x7fffbc39c730>,0.6992424242424242,3606253430267706.5
linear,<function kmat_linear at 0x7fffbc6bd950>,0.6992424242424242,6.600974169811238
