estimator_key,kmat_fun,avg_test_score,most_freq_best_param
aitchison-rbf_c_1.417455338817187e-11_g_5.834737886935999e-05,<function wrap.<locals>.calc at 0x7fffbc3c7a60>,0.8128787878787879,405.5578098267377
aitchison_c_1.4174553388171868e-09,<function wrap.<locals>.calc at 0x7fffbc3c7620>,0.8037878787878787,0.00042728346046857054
rbf_g_1680.9032346538434,<function wrap.<locals>.calc at 0x7fffbc6399d8>,0.709848484848485,17921.344529902948
hilbertian_a_10_b_-inf,<function wrap.<locals>.calc at 0x7fffbc3c7378>,0.709848484848485,0.13589631534918217
heat-diffusion_t_0.08447217207908736,<function wrap.<locals>.calc at 0x7fffbc3cf268>,0.709848484848485,5.412414210814804e+19
generalized-js_a_10_b_1,<function wrap.<locals>.calc at 0x7fffbc6398c8>,0.7015151515151515,3.8891841002113443
linear,<function kmat_linear at 0x7fffbc6bd950>,0.7015151515151515,6.387279578812982
