estimator_key,kmat_fun,avg_test_score,most_freq_best_param
aitchison-rbf_c_1.4174553388171869e-07_g_0.00045440557072829363,<function wrap.<locals>.calc at 0x7fffbc39c268>,0.7924242424242425,411.8183065849554
aitchison_c_1.417455338817187e-08,<function wrap.<locals>.calc at 0x7fffbc399ae8>,0.765909090909091,0.0006613328114811567
rbf_g_1692.961320375775,<function wrap.<locals>.calc at 0x7fffbc3dcd90>,0.715909090909091,18077.101471357313
generalized-js_a_1_b_0.5,<function wrap.<locals>.calc at 0x7fffbc3dcf28>,0.715909090909091,7.742232500599614
heat-diffusion_t_0.07934032218028157,<function wrap.<locals>.calc at 0x7fffbc39c950>,0.7068181818181819,0.0670315925640714
hilbertian_a_10_b_-10,<function wrap.<locals>.calc at 0x7fffbc399730>,0.7068181818181818,0.28302453800228544
linear,<function kmat_linear at 0x7fffbc6bd950>,0.6977272727272728,6.605705213933994
