estimator_key,kmat_fun,avg_test_score,most_freq_best_param
aitchison_c_6.886881592467404e-07,<function wrap.<locals>.calc at 0x7fffbc512ea0>,0.5911111111111111,0.0009422420686608406
aitchison-rbf_c_6.886881592467405e-08_g_1.3742583165442987e-05,<function wrap.<locals>.calc at 0x7fffbc515488>,0.5588888888888889,11.101237937463537
linear,<function kmat_linear at 0x7fffbc6bd950>,0.5466666666666666,10870.182982009332
generalized-js_a_1_b_0.5,<function wrap.<locals>.calc at 0x7fffbc512268>,0.538888888888889,2.6513199378356322
rbf_g_1739.6299186415674,<function wrap.<locals>.calc at 0x7fffbc5121e0>,0.5277777777777778,23045.623626373967
heat-diffusion_t_0.07947998863647485,<function wrap.<locals>.calc at 0x7fffbc515bf8>,0.5277777777777778,1718.2102239809374
hilbertian_a_1_b_-10,<function wrap.<locals>.calc at 0x7fffbc512840>,0.5055555555555555,0.33109574411354514
