estimator_key,kmat_fun,avg_test_score,most_freq_best_param
generalized-js_a_1_b_0.5,<function wrap.<locals>.calc at 0x7fffbc526268>,0.5833333333333334,66.89683968390516
aitchison_c_6.886881592467405e-05,<function wrap.<locals>.calc at 0x7fffbc52d048>,0.5833333333333333,0.0012869147420067175
aitchison-rbf_c_6.886881592467404e-06_g_0.0006488610081424453,<function wrap.<locals>.calc at 0x7fffbc52d6a8>,0.5522222222222222,1.0457057660879894
rbf_g_1770.4656738594535,<function wrap.<locals>.calc at 0x7fffbc5261e0>,0.5166666666666666,23045.623626373967
heat-diffusion_t_0.0815524342221539,<function wrap.<locals>.calc at 0x7fffbc52d950>,0.5166666666666666,4.6001148066232435e+19
hilbertian_a_1_b_-1,<function wrap.<locals>.calc at 0x7fffbc5267b8>,0.5055555555555555,0.840916502217248
linear,<function kmat_linear at 0x7fffbc6bd950>,0.47333333333333333,16.862703411562578
