estimator_key,kmat_fun,avg_test_score,most_freq_best_param
aitchison_c_6.8868815924674045e-12,<function wrap.<locals>.calc at 0x7fffbc1c80d0>,0.5477777777777777,0.00237917008024088
generalized-js_a_10_b_0.5,<function wrap.<locals>.calc at 0x7fffbc1a67b8>,0.538888888888889,1.8236403820464542
hilbertian_a_10_b_-1,<function wrap.<locals>.calc at 0x7fffbc1a6d90>,0.5388888888888889,0.7322206612745659
rbf_g_1703.5287834222597,<function wrap.<locals>.calc at 0x7fffbc1a6510>,0.5277777777777778,23045.623626373967
aitchison-rbf_c_6.8868815924674045e-12_g_0.00013908375101922313,<function wrap.<locals>.calc at 0x7fffbc1c86a8>,0.5277777777777778,22713.494030365055
heat-diffusion_t_0.07947998863647485,<function wrap.<locals>.calc at 0x7fffbc1cb0d0>,0.5055555555555555,0.04729052628789431
linear,<function kmat_linear at 0x7fffbc6bd950>,0.4411111111111111,11074.340197207137
