estimator_key,kmat_fun,avg_test_score,most_freq_best_param
aitchison_c_6.886881592467404e-11,<function wrap.<locals>.calc at 0x7fffbc1c9158>,0.5722222222222222,2.5435268473269454e-05
aitchison-rbf_c_6.886881592467404e-10_g_3.449995283209574e-06,<function wrap.<locals>.calc at 0x7fffbc1c9730>,0.538888888888889,4.938764680305274
heat-diffusion_t_0.0815524342221539,<function wrap.<locals>.calc at 0x7fffbc1c9d90>,0.5377777777777777,1.0213326129559423e+20
rbf_g_1819.2202065626545,<function wrap.<locals>.calc at 0x7fffbc1a4510>,0.5277777777777778,23045.62637362638
generalized-js_a_inf_b_1,<function wrap.<locals>.calc at 0x7fffbc1a49d8>,0.5277777777777778,0.6611945540786032
hilbertian_a_1_b_-inf,<function wrap.<locals>.calc at 0x7fffbc1a4d08>,0.5277777777777778,0.6611945540786032
linear,<function kmat_linear at 0x7fffbc6bd950>,0.43,2129.69494089211
