estimator_key,kmat_fun,avg_test_score,most_freq_best_param
aitchison_c_6.886881592467405e-08,<function wrap.<locals>.calc at 0x7fffbc1c72f0>,0.55,9.606173859085434e-05
aitchison-rbf_c_6.886881592467405e-08_g_0.00013824543857555356,<function wrap.<locals>.calc at 0x7fffbc1c7950>,0.55,0.46671836560008667
rbf_g_1775.6103317346572,<function wrap.<locals>.calc at 0x7fffbc1a6510>,0.5277777777777778,23045.62637362638
generalized-js_a_inf_b_inf,<function wrap.<locals>.calc at 0x7fffbc1a6ae8>,0.5277777777777778,1.0911324611353095
heat-diffusion_t_0.07989022104693362,<function wrap.<locals>.calc at 0x7fffbc1cb048>,0.5277777777777778,746.0967841329079
hilbertian_a_1_b_-inf,<function wrap.<locals>.calc at 0x7fffbc1a6d08>,0.5277777777777778,0.663496728983409
linear,<function kmat_linear at 0x7fffbc6bd950>,0.44111111111111106,3.4374100204131097
