estimator_key,kmat_fun,avg_test_score,most_freq_best_param
aitchison_c_6.886881592467405e-08,<function wrap.<locals>.calc at 0x7fffbc1c82f0>,0.5333333333333333,0.012490348897103811
heat-diffusion_t_0.0815524342221539,<function wrap.<locals>.calc at 0x7fffbc1c8d90>,0.5333333333333333,1.0454139501515976e+20
aitchison-rbf_c_6.886881592467404e-10_g_3.4343096386985526e-06,<function wrap.<locals>.calc at 0x7fffbc1c8730>,0.5222222222222223,11.303684830236984
rbf_g_1807.612328873574,<function wrap.<locals>.calc at 0x7fffbc1ab510>,0.5222222222222221,23301.688888888893
generalized-js_a_inf_b_inf,<function wrap.<locals>.calc at 0x7fffbc1abae8>,0.5222222222222221,1.1099420015792032
hilbertian_a_inf_b_-1,<function wrap.<locals>.calc at 0x7fffbc1abf28>,0.5222222222222221,0.2923828209028094
linear,<function kmat_linear at 0x7fffbc6bd950>,0.45555555555555555,3.4078668123582347
