estimator_key,kmat_fun,avg_test_score,most_freq_best_param
aitchison-rbf_c_6.8868815924674045e-12_g_1.4035774117900942e-06,<function wrap.<locals>.calc at 0x7fffbc1c2598>,0.5833333333333333,4.936168669567568
aitchison_c_6.886881592467404e-11,<function wrap.<locals>.calc at 0x7fffbc1c2158>,0.5733333333333334,0.0032443078864632037
heat-diffusion_t_0.0815524342221539,<function wrap.<locals>.calc at 0x7fffbc1c2d90>,0.5377777777777777,1.6893221548163666e+24
rbf_g_1777.5061280766363,<function wrap.<locals>.calc at 0x7fffbc19f510>,0.5277777777777778,23045.62637362638
generalized-js_a_inf_b_inf,<function wrap.<locals>.calc at 0x7fffbc19fae8>,0.5277777777777778,1.0920176908149761
hilbertian_a_1_b_-1,<function wrap.<locals>.calc at 0x7fffbc19fbf8>,0.5277777777777778,0.8412132573923611
linear,<function kmat_linear at 0x7fffbc6bd950>,0.4699999999999999,3.4298451355944946
