estimator_key,kmat_fun,avg_test_score,most_freq_best_param
aitchison_c_6.886881592467404e-07,<function wrap.<locals>.calc at 0x7fffbc1c8378>,0.6144444444444445,0.002110898735731897
aitchison-rbf_c_6.886881592467404e-10_g_3.392894536644586e-05,<function wrap.<locals>.calc at 0x7fffbc1c87b8>,0.5722222222222222,1.052104193325877
hilbertian_a_1_b_-1,<function wrap.<locals>.calc at 0x7fffbc1a5bf8>,0.5611111111111111,540.4449143296075
rbf_g_1.7370721439420689,<function wrap.<locals>.calc at 0x7fffbc1a5400>,0.5488888888888889,56.44019287517153
generalized-js_a_inf_b_1,<function wrap.<locals>.calc at 0x7fffbc1a59d8>,0.5488888888888889,0.6674066573753519
heat-diffusion_t_0.08071704898547388,<function wrap.<locals>.calc at 0x7fffbc1c8ea0>,0.5388888888888889,194190759085.6941
linear,<function kmat_linear at 0x7fffbc6bd950>,0.47111111111111115,196.0631675973136
