estimator_key,kmat_fun,avg_test_score,most_freq_best_param
aitchison-rbf_c_6.886881592467404e-06_g_6.432665881429132e-05,<function wrap.<locals>.calc at 0x7fffbc1c8a60>,0.6155555555555555,281.06893680751523
aitchison_c_6.886881592467404e-07,<function wrap.<locals>.calc at 0x7fffbc1c8378>,0.6044444444444446,0.002127277285233485
heat-diffusion_t_0.0815524342221539,<function wrap.<locals>.calc at 0x7fffbc1c8d90>,0.55,4.583826606883486e+19
rbf_g_1653.577304384358,<function wrap.<locals>.calc at 0x7fffbc1a4510>,0.5277777777777778,23045.62087912217
generalized-js_a_10_b_10,<function wrap.<locals>.calc at 0x7fffbc1a4730>,0.5277777777777778,0.4346102094869821
hilbertian_a_inf_b_-1,<function wrap.<locals>.calc at 0x7fffbc1a4f28>,0.5166666666666666,0.2894409235225323
linear,<function kmat_linear at 0x7fffbc6bd950>,0.4288888888888889,10628.498947479793
