estimator_key,kmat_fun,avg_test_score,most_freq_best_param
generalized-js_a_1_b_1,<function wrap.<locals>.calc at 0x7fffbc1a48c8>,0.5388888888888889,1.9611579351361506
rbf_g_0.17363393305885894,<function wrap.<locals>.calc at 0x7fffbc1a42f0>,0.5388888888888889,10.131595409576152
aitchison-rbf_c_6.8868815924674045e-12_g_0.00014146059836064848,<function wrap.<locals>.calc at 0x7fffbc1c96a8>,0.5277777777777778,22731.804954368774
linear,<function kmat_linear at 0x7fffbc6bd950>,0.5277777777777778,3.3952105752795405
hilbertian_a_inf_b_-1,<function wrap.<locals>.calc at 0x7fffbc1a4f28>,0.5277777777777778,0.6464853169967101
heat-diffusion_t_0.07947998863647485,<function wrap.<locals>.calc at 0x7fffbc1cc0d0>,0.5277777777777778,0.049254789550754075
aitchison_c_6.886881592467404e-09,<function wrap.<locals>.calc at 0x7fffbc1c9268>,0.5166666666666666,5.633142243104014e-05
