estimator_key,kmat_fun,avg_test_score,most_freq_best_param
aitchison_c_6.886881592467404e-09,<function wrap.<locals>.calc at 0x7fffbc1c8268>,0.648888888888889,0.007199678209725463
aitchison-rbf_c_6.886881592467405e-08_g_1.3794318626667812e-05,<function wrap.<locals>.calc at 0x7fffbc1c88c8>,0.6266666666666667,280.6042812905593
rbf_g_1.732001777970828,<function wrap.<locals>.calc at 0x7fffbc1a1400>,0.5533333333333333,283.30243986849626
linear,<function kmat_linear at 0x7fffbc6bd950>,0.5422222222222223,965.4410454371557
generalized-js_a_1_b_1,<function wrap.<locals>.calc at 0x7fffbc1a18c8>,0.5388888888888889,0.8790330782849012
heat-diffusion_t_0.0811336664276565,<function wrap.<locals>.calc at 0x7fffbc1c8e18>,0.5266666666666666,6540185819773732.0
hilbertian_a_1_b_-1,<function wrap.<locals>.calc at 0x7fffbc1a1bf8>,0.5188888888888888,0.8441171067192071
