estimator_key,kmat_fun,avg_test_score,most_freq_best_param
aitchison_c_6.886881592467404e-07,<function wrap.<locals>.calc at 0x7fffbc1c7378>,0.5722222222222222,0.023907133372465698
aitchison-rbf_c_6.886881592467404e-10_g_3.477911188277266e-05,<function wrap.<locals>.calc at 0x7fffbc1c77b8>,0.5599999999999999,1.0551139123028865
generalized-js_a_1_b_1,<function wrap.<locals>.calc at 0x7fffbc1a08c8>,0.5288888888888889,0.8727512282051174
hilbertian_a_1_b_-1,<function wrap.<locals>.calc at 0x7fffbc1a0bf8>,0.5177777777777778,537.8862053051217
heat-diffusion_t_0.0815524342221539,<function wrap.<locals>.calc at 0x7fffbc1c7d90>,0.5177777777777778,4.607298254550033e+19
rbf_g_1688.3942566703365,<function wrap.<locals>.calc at 0x7fffbc1a0510>,0.5166666666666666,23045.623626373967
linear,<function kmat_linear at 0x7fffbc6bd950>,0.4522222222222222,187.49393128872907
