estimator_key,kmat_fun,avg_test_score,most_freq_best_param
aitchison_c_6.886881592467404e-07,<function wrap.<locals>.calc at 0x7fffbc1c9378>,0.5955555555555556,0.023784551438920578
aitchison-rbf_c_6.886881592467404e-10_g_3.4124015202248776e-05,<function wrap.<locals>.calc at 0x7fffbc1c97b8>,0.5811111111111111,1.0500668971126998
heat-diffusion_t_0.08071704898547388,<function wrap.<locals>.calc at 0x7fffbc1c9ea0>,0.54,188550135683.63538
generalized-js_a_inf_b_inf,<function wrap.<locals>.calc at 0x7fffbc1a4ae8>,0.5377777777777777,1.0939573611152615
rbf_g_1728.1789157701958,<function wrap.<locals>.calc at 0x7fffbc1a4510>,0.5277777777777778,23045.623626373967
hilbertian_a_10_b_-1,<function wrap.<locals>.calc at 0x7fffbc1a4d90>,0.5166666666666666,0.3260857083694342
linear,<function kmat_linear at 0x7fffbc6bd950>,0.4522222222222222,88.11252598182995
