estimator_key,kmat_fun,avg_test_score,most_freq_best_param
aitchison-rbf_c_6.8868815924674045e-12_g_1.4055313809038359e-06,<function wrap.<locals>.calc at 0x7fffbc1c7598>,0.5711111111111111,280.0742485502448
aitchison_c_6.8868815924674045e-12,<function wrap.<locals>.calc at 0x7fffbc1c70d0>,0.5611111111111111,1.8598465930032638e-05
rbf_g_17.816004889064224,<function wrap.<locals>.calc at 0x7fffbc1a1840>,0.55,635.1841525172135
generalized-js_a_inf_b_1,<function wrap.<locals>.calc at 0x7fffbc1a19d8>,0.5277777777777778,0.29614591229786663
hilbertian_a_1_b_-inf,<function wrap.<locals>.calc at 0x7fffbc1a1d08>,0.5277777777777778,0.29614591229786663
heat-diffusion_t_0.0815524342221539,<function wrap.<locals>.calc at 0x7fffbc1c7d90>,0.5166666666666666,1.6731100896648157e+24
linear,<function kmat_linear at 0x7fffbc6bd950>,0.3955555555555555,2122.7458403623627
