estimator_key,kmat_fun,avg_test_score,most_freq_best_param
aitchison-rbf_c_6.8868815924674045e-12_g_1.4053164218140682e-06,<function wrap.<locals>.calc at 0x7fffbc1c7598>,0.5944444444444444,280.0636797439937
aitchison_c_6.886881592467404e-07,<function wrap.<locals>.calc at 0x7fffbc1c7378>,0.5844444444444444,0.0021145179325045838
heat-diffusion_t_0.0815524342221539,<function wrap.<locals>.calc at 0x7fffbc1c7d90>,0.5633333333333335,1.7040595113743017e+24
rbf_g_17.446564345206564,<function wrap.<locals>.calc at 0x7fffbc1a8840>,0.55,0.19532662280425156
hilbertian_a_1_b_-1,<function wrap.<locals>.calc at 0x7fffbc1a8bf8>,0.5377777777777778,0.842631570547833
generalized-js_a_1_b_1,<function wrap.<locals>.calc at 0x7fffbc1a88c8>,0.5166666666666666,0.8763968763404627
linear,<function kmat_linear at 0x7fffbc6bd950>,0.5055555555555555,17.431378975579573
