estimator_key,kmat_fun,avg_test_score,most_freq_best_param
aitchison-rbf_c_0.0006886881592467404_g_0.0003946921803298079,<function wrap.<locals>.calc at 0x7fffbc5407b8>,0.5622222222222223,55.732561868776145
aitchison_c_6.886881592467405e-05,<function wrap.<locals>.calc at 0x7fffbc540048>,0.5522222222222222,0.002881068475392717
generalized-js_a_1_b_1,<function wrap.<locals>.calc at 0x7fffbc5572f0>,0.5288888888888889,1260.1560804402422
heat-diffusion_t_0.07947998863647485,<function wrap.<locals>.calc at 0x7fffbc540bf8>,0.5288888888888889,0.04804986399816896
hilbertian_a_10_b_-1,<function wrap.<locals>.calc at 0x7fffbc557950>,0.5188888888888888,0.7314934155604244
rbf_g_1743.1348034728999,<function wrap.<locals>.calc at 0x7fffbc5571e0>,0.5166666666666666,23045.623626373967
linear,<function kmat_linear at 0x7fffbc6bc950>,0.45111111111111113,987.2314355793831
