estimator_key,kmat_fun,avg_test_score,most_freq_best_param
heat-diffusion_t_0.0815524342221539,<function wrap.<locals>.calc at 0x7fffbc1c5d90>,0.5555555555555556,4.6768245908942815e+19
rbf_g_1752.4374268581316,<function wrap.<locals>.calc at 0x7fffbc1a1510>,0.5222222222222221,23301.688888888893
aitchison-rbf_c_6.8868815924674045e-12_g_0.0001388524280733575,<function wrap.<locals>.calc at 0x7fffbc1c56a8>,0.5222222222222221,22988.681270853445
generalized-js_a_inf_b_inf,<function wrap.<locals>.calc at 0x7fffbc1a1ae8>,0.5222222222222221,1.1135946837695148
hilbertian_a_1_b_-inf,<function wrap.<locals>.calc at 0x7fffbc1a1d08>,0.5222222222222221,0.6784158572023004
aitchison_c_6.886881592467405e-05,<function wrap.<locals>.calc at 0x7fffbc1c5488>,0.5,0.0005844590870453224
linear,<function kmat_linear at 0x7fffbc6bd950>,0.45555555555555555,3.603076957283449
