estimator_key,kmat_fun,avg_test_score,most_freq_best_param
aitchison-rbf_c_6.886881592467404e-06_g_6.433033627678128e-05,<function wrap.<locals>.calc at 0x7fffbc1c6a60>,0.5933333333333334,11.116211151432042
aitchison_c_6.886881592467404e-07,<function wrap.<locals>.calc at 0x7fffbc1c6378>,0.5922222222222222,0.0009412776628348544
rbf_g_1747.8362704694146,<function wrap.<locals>.calc at 0x7fffbc19f510>,0.5277777777777778,23045.623626373967
heat-diffusion_t_0.0811336664276565,<function wrap.<locals>.calc at 0x7fffbc1c6e18>,0.5277777777777778,2996509636330564.0
generalized-js_a_inf_b_10,<function wrap.<locals>.calc at 0x7fffbc19fa60>,0.5166666666666666,0.4977217904710235
hilbertian_a_1_b_-10,<function wrap.<locals>.calc at 0x7fffbc19fc80>,0.49444444444444435,0.7436685878968683
linear,<function kmat_linear at 0x7fffbc6bc950>,0.49333333333333335,39.52106869333754
