estimator_key,kmat_fun,avg_test_score,most_freq_best_param
aitchison_c_6.886881592467404e-09,<function wrap.<locals>.calc at 0x7fffb3ee2268>,0.5833333333333333,5.6427612689719116e-05
aitchison-rbf_c_6.886881592467404e-10_g_3.392026881813038e-05,<function wrap.<locals>.calc at 0x7fffb3ee27b8>,0.5611111111111111,1.0482603570631
rbf_g_171.848701186835,<function wrap.<locals>.calc at 0x7fffb3ebe378>,0.54,15923.78405436644
generalized-js_a_inf_b_inf,<function wrap.<locals>.calc at 0x7fffb3ebeae8>,0.5177777777777777,0.4886702235811749
heat-diffusion_t_0.08030257085365125,<function wrap.<locals>.calc at 0x7fffb3ee2f28>,0.4833333333333333,12394725.471210066
linear,<function kmat_linear at 0x7fffbc6bd950>,0.46222222222222226,88.39050322296049
hilbertian_a_inf_b_-1,<function wrap.<locals>.calc at 0x7fffb3ebef28>,0.4611111111111111,0.2900128415787736
