estimator_key,kmat_fun,avg_test_score,most_freq_best_param
aitchison_c_6.886881592467404e-07,<function wrap.<locals>.calc at 0x7fffbc1c8378>,0.5833333333333333,0.023799436332850137
heat-diffusion_t_0.0815524342221539,<function wrap.<locals>.calc at 0x7fffbc1c8d90>,0.5711111111111111,1.702490728403867e+24
aitchison-rbf_c_6.886881592467404e-06_g_6.397596902663438e-05,<function wrap.<locals>.calc at 0x7fffbc1c8a60>,0.5599999999999999,280.6808086405418
rbf_g_1811.1986790521719,<function wrap.<locals>.calc at 0x7fffbc1a4510>,0.5277777777777778,23045.62637362638
generalized-js_a_inf_b_10,<function wrap.<locals>.calc at 0x7fffbc1a4a60>,0.49444444444444435,0.4961747393494228
hilbertian_a_inf_b_-1,<function wrap.<locals>.calc at 0x7fffbc1a4f28>,0.4933333333333333,0.6454182100692605
linear,<function kmat_linear at 0x7fffbc6bd950>,0.4822222222222221,38.40135631456045
