estimator_key,kmat_fun,avg_test_score,most_freq_best_param
aitchison_c_7.94799215437798e-08,<function wrap.<locals>.calc at 0x7fffbc1c92f0>,0.6033333333333334,0.012613591657427215
aitchison-rbf_c_7.94799215437798e-08_g_1.4590822885363724e-05,<function wrap.<locals>.calc at 0x7fffbc1c98c8>,0.5911111111111111,280.65431267780673
rbf_g_17.875273970313117,<function wrap.<locals>.calc at 0x7fffbc1a0840>,0.55,634.5412755235267
linear,<function kmat_linear at 0x7fffbc6bd950>,0.54,989.4626069042881
generalized-js_a_1_b_0.5,<function wrap.<locals>.calc at 0x7fffbc1a06a8>,0.538888888888889,756.2335037614581
heat-diffusion_t_0.0815524342221539,<function wrap.<locals>.calc at 0x7fffbc1c9d90>,0.5277777777777778,1.7162018890919245e+24
hilbertian_a_1_b_-1,<function wrap.<locals>.calc at 0x7fffbc1a0bf8>,0.5188888888888888,538.7257948912544
