estimator_key,kmat_fun,avg_test_score,most_freq_best_param
aitchison-rbf_c_7.94799215437798e-08_g_0.0001442530649550139,<function wrap.<locals>.calc at 0x7fffbc1c8950>,0.6277777777777779,671.8043699772394
aitchison_c_7.94799215437798e-07,<function wrap.<locals>.calc at 0x7fffbc1c8378>,0.5933333333333334,0.0009856345906257946
heat-diffusion_t_0.07947998863647485,<function wrap.<locals>.calc at 0x7fffbc1cb0d0>,0.5611111111111111,0.049051005218067774
rbf_g_1743.5866764443585,<function wrap.<locals>.calc at 0x7fffbc1a3510>,0.5277777777777778,23045.623626373967
generalized-js_a_inf_b_10,<function wrap.<locals>.calc at 0x7fffbc1a3a60>,0.5277777777777778,0.498215626914444
hilbertian_a_1_b_-inf,<function wrap.<locals>.calc at 0x7fffbc1a3d08>,0.5066666666666666,0.2973891849166043
linear,<function kmat_linear at 0x7fffbc6bd950>,0.47333333333333333,11108.611713922333
