estimator_key,kmat_fun,avg_test_score,most_freq_best_param
aitchison_c_5.882525956645783e-10,<function wrap.<locals>.calc at 0x7fffa807b598>,0.6545,6.996864843524492e-05
rbf_g_4.1757124233809755,<function wrap.<locals>.calc at 0x7fffbc614730>,0.6501666666666667,0.8934212899456093
aitchison-rbf_c_2.4253919181538028e-06_g_4.4714917293778105e-05,<function wrap.<locals>.calc at 0x7fffa807bd90>,0.6463333333333334,4.069298985217361
generalized-js_a_10_b_10,<function wrap.<locals>.calc at 0x7fffbc614d90>,0.6013333333333334,1.4203503618002202
hilbertian_a_inf_b_-1,<function wrap.<locals>.calc at 0x7fffa807b488>,0.593,13.958327890574413
linear,<function kmat_linear at 0x7fffbc6bd950>,0.5681666666666667,1.3478171747934204
heat-diffusion_t_0.08946966356434932,<function wrap.<locals>.calc at 0x7fffbc5da378>,0.5638333333333334,5406007948438958.0
