estimator_key,kmat_fun,avg_test_score,most_freq_best_param
aitchison_c_5.882525956645783e-10,<function wrap.<locals>.calc at 0x7fffa8079598>,0.7033333333333334,0.00014864178603589203
aitchison-rbf_c_5.882525956645783e-10_g_9.361945902397874e-06,<function wrap.<locals>.calc at 0x7fffa8079a60>,0.6910000000000001,8.676885614819492
generalized-js_a_inf_b_1,<function wrap.<locals>.calc at 0x7fffbc613ea0>,0.6338333333333332,30.197518832556643
hilbertian_a_1_b_-inf,<function wrap.<locals>.calc at 0x7fffa8079268>,0.6338333333333332,30.197518832556643
rbf_g_0.04145356920902026,<function wrap.<locals>.calc at 0x7fffbc613a60>,0.5763333333333334,16.871052336945198
linear,<function kmat_linear at 0x7fffbc6bc950>,0.5763333333333334,1.3546967311372415
heat-diffusion_t_0.08406644147477886,<function wrap.<locals>.calc at 0x7fffbc5e2488>,0.5721666666666667,22221286.679299496
