estimator_key,kmat_fun,avg_test_score,most_freq_best_param
aitchison-rbf_c_3.9300075779585906e-08_g_1.799444843149563e-05,<function wrap.<locals>.calc at 0x7fffa807abf8>,0.6833333333333332,8.674794611571281
aitchison_c_2.4903607248673653e-06,<function wrap.<locals>.calc at 0x7fffa807a7b8>,0.6548333333333333,0.0006334275845220806
hilbertian_a_inf_b_-10,<function wrap.<locals>.calc at 0x7fffa807a510>,0.638,0.47472768876041394
generalized-js_a_inf_b_1,<function wrap.<locals>.calc at 0x7fffbc614ea0>,0.6338333333333332,6.647262779772306
rbf_g_0.4224047897271632,<function wrap.<locals>.calc at 0x7fffbc614b70>,0.5968333333333333,4.103605097030224
linear,<function kmat_linear at 0x7fffbc6bd950>,0.5930000000000001,2.9205282704123685
heat-diffusion_t_0.08406644147477886,<function wrap.<locals>.calc at 0x7fffbc5e0488>,0.5680000000000001,23549718.14778559
