estimator_key,kmat_fun,avg_test_score,most_freq_best_param
aitchison-rbf_c_5.882525956645783e-10_g_9.380208236958718e-06,<function wrap.<locals>.calc at 0x7fffa8078a60>,0.6671666666666667,8.676272390805444
aitchison_c_5.882525956645783e-10,<function wrap.<locals>.calc at 0x7fffa8078598>,0.663,0.0001512376343777019
generalized-js_a_inf_b_1,<function wrap.<locals>.calc at 0x7fffbc613ea0>,0.6291666666666667,1.4730751227480001
hilbertian_a_1_b_-inf,<function wrap.<locals>.calc at 0x7fffa8078268>,0.6291666666666667,1.4730752805237266
rbf_g_39.63485937507567,<function wrap.<locals>.calc at 0x7fffbc613d08>,0.6013333333333335,1021.998563688463
heat-diffusion_t_0.08148845693990082,<function wrap.<locals>.calc at 0x7fffbc5d8510>,0.5765,5968608.861236383
linear,<function kmat_linear at 0x7fffbc6bc950>,0.5641666666666667,1.3625184944825768
