estimator_key,kmat_fun,avg_test_score,most_freq_best_param
aitchison-rbf_c_5.882525956645783e-10_g_9.470615703779118e-06,<function wrap.<locals>.calc at 0x7fffa8079a60>,0.6586666666666667,8.677092054214857
aitchison_c_5.882525956645783e-10,<function wrap.<locals>.calc at 0x7fffa8079598>,0.6546666666666666,0.00015229477248193747
generalized-js_a_inf_b_inf,<function wrap.<locals>.calc at 0x7fffa8079048>,0.6091666666666666,47.05294926535281
hilbertian_a_inf_b_-10,<function wrap.<locals>.calc at 0x7fffa8079510>,0.5838333333333334,0.10491838266239248
rbf_g_402.9559973729058,<function wrap.<locals>.calc at 0x7fffbc614840>,0.5763333333333334,7711.667087240461
heat-diffusion_t_0.0789895289720129,<function wrap.<locals>.calc at 0x7fffbc5ee598>,0.5638333333333333,434.43404709005864
linear,<function kmat_linear at 0x7fffbc6bd950>,0.5598333333333333,1.3472207663199354
