estimator_key,kmat_fun,avg_test_score,most_freq_best_param
aitchison_c_5.882525956645783e-10,<function wrap.<locals>.calc at 0x7fffa8079598>,0.6833333333333333,0.00014827956559482994
aitchison-rbf_c_5.882525956645783e-10_g_9.330129502926417e-06,<function wrap.<locals>.calc at 0x7fffa8079a60>,0.6791666666666666,8.674713767616918
generalized-js_a_10_b_10,<function wrap.<locals>.calc at 0x7fffbc613d90>,0.6096666666666666,3.0254031905420806
hilbertian_a_1_b_-inf,<function wrap.<locals>.calc at 0x7fffa8079268>,0.6016666666666667,6.661303808675123
rbf_g_0.4133544003309355,<function wrap.<locals>.calc at 0x7fffbc613b70>,0.5888333333333333,8.738184834315769
heat-diffusion_t_0.0789895289720129,<function wrap.<locals>.calc at 0x7fffbc5e3598>,0.5766666666666668,0.09721499934179484
linear,<function kmat_linear at 0x7fffbc6bc950>,0.5725,6.22631540846334
