estimator_key,kmat_fun,avg_test_score,most_freq_best_param
hilbertian_a_inf_b_-1,<function wrap.<locals>.calc at 0x7fffa807a488>,0.6713333333333333,29.828837401188885
generalized-js_a_inf_b_1,<function wrap.<locals>.calc at 0x7fffbc613ea0>,0.6713333333333333,6.679835091689085
aitchison-rbf_c_5.882525956645783e-10_g_9.280819844423007e-05,<function wrap.<locals>.calc at 0x7fffa807aae8>,0.6678333333333334,2.1343614212832547
aitchison_c_3.777225292933776e-08,<function wrap.<locals>.calc at 0x7fffa807a6a8>,0.6631666666666667,0.00027179774909609874
rbf_g_4.092212255928884,<function wrap.<locals>.calc at 0x7fffbc613730>,0.58,0.8887348801874135
heat-diffusion_t_0.08406644147477886,<function wrap.<locals>.calc at 0x7fffbc5e8488>,0.5763333333333334,96042645326.07448
linear,<function kmat_linear at 0x7fffbc6bc950>,0.5056666666666667,1.3596942688224876
