estimator_key,kmat_fun,avg_test_score,most_freq_best_param
aitchison-rbf_c_3.777225292933776e-08_g_0.0001777807562227388,<function wrap.<locals>.calc at 0x7fffa807bc80>,0.6461666666666666,1.0002318676349247
generalized-js_a_inf_b_10,<function wrap.<locals>.calc at 0x7fffbc614f28>,0.639,2.1933812409197913
aitchison_c_5.882525956645783e-10,<function wrap.<locals>.calc at 0x7fffa807b598>,0.6296666666666667,0.00014949475316459237
hilbertian_a_10_b_-10,<function wrap.<locals>.calc at 0x7fffa807b378>,0.623,4.442436009520243
rbf_g_4.1060149272780695,<function wrap.<locals>.calc at 0x7fffbc614730>,0.5931666666666666,0.885514575027848
heat-diffusion_t_0.08406644147477886,<function wrap.<locals>.calc at 0x7fffbc5df488>,0.5805,25402483.244288594
linear,<function kmat_linear at 0x7fffbc6bd950>,0.5555,1.3470148950870295
