estimator_key,kmat_fun,avg_test_score,most_freq_best_param
aitchison-rbf_c_3.777225292933776e-08_g_0.00017732842262904627,<function wrap.<locals>.calc at 0x7fffa807ac80>,0.6425,1.002986966719678
aitchison_c_4.71376981086072e-09,<function wrap.<locals>.calc at 0x7fffa807a620>,0.6298333333333332,9.208859360878694e-05
generalized-js_a_inf_b_10,<function wrap.<locals>.calc at 0x7fffbc614f28>,0.6096666666666667,2.19559560327908
hilbertian_a_10_b_-1,<function wrap.<locals>.calc at 0x7fffa807a2f0>,0.6090000000000001,33.84875180568052
rbf_g_412.9614619390896,<function wrap.<locals>.calc at 0x7fffbc614840>,0.5721666666666667,7698.3276166704945
heat-diffusion_t_0.0789895289720129,<function wrap.<locals>.calc at 0x7fffbc5db598>,0.5718333333333334,0.10023085422489623
linear,<function kmat_linear at 0x7fffbc6bd950>,0.5306666666666666,1.3647320691492009
