estimator_key,kmat_fun,avg_test_score,most_freq_best_param
aitchison-rbf_c_5.882525956645783e-10_g_9.334139496709397e-05,<function wrap.<locals>.calc at 0x7fffa8079ae8>,0.6456666666666666,1.0023108056185612
aitchison_c_5.882525956645783e-10,<function wrap.<locals>.calc at 0x7fffa8079598>,0.6295,0.00014882717066549804
generalized-js_a_10_b_10,<function wrap.<locals>.calc at 0x7fffbc614d90>,0.5883333333333333,1.4158021103046619
rbf_g_421.6791092699593,<function wrap.<locals>.calc at 0x7fffbc614840>,0.5721666666666667,8126.520074422081
heat-diffusion_t_0.09230014309079002,<function wrap.<locals>.calc at 0x7fffbc5e92f0>,0.568,8.96626379955848e+19
linear,<function kmat_linear at 0x7fffbc6bd950>,0.56,1.3975497034469813
hilbertian_a_1_b_-1,<function wrap.<locals>.calc at 0x7fffa8079158>,0.5565,2.005892664145418
