estimator_key,kmat_fun,avg_test_score,most_freq_best_param
aitchison_c_5.882525956645783e-10,<function wrap.<locals>.calc at 0x7fffa807a598>,0.6585000000000001,0.00015182829432582555
aitchison-rbf_c_5.882525956645783e-10_g_9.488731575273998e-06,<function wrap.<locals>.calc at 0x7fffa807aa60>,0.6545,8.676798695907504
hilbertian_a_inf_b_-1,<function wrap.<locals>.calc at 0x7fffa807a488>,0.6051666666666666,0.6799647513931111
generalized-js_a_10_b_1,<function wrap.<locals>.calc at 0x7fffbc6147b8>,0.5926666666666667,1.4206794061357502
heat-diffusion_t_0.0789895289720129,<function wrap.<locals>.calc at 0x7fffbc5db598>,0.5803333333333333,0.10436905564950442
rbf_g_403.1203278983752,<function wrap.<locals>.calc at 0x7fffbc614840>,0.5763333333333334,7689.395451574692
linear,<function kmat_linear at 0x7fffbc6bd950>,0.5603333333333333,12.76459273141597
