estimator_key,kmat_fun,avg_test_score,most_freq_best_param
aitchison_c_5.882525956645783e-10,<function wrap.<locals>.calc at 0x7fffa807b598>,0.6545000000000001,6.918118387869405e-05
aitchison-rbf_c_2.4253919181538028e-06_g_4.420012556461452e-05,<function wrap.<locals>.calc at 0x7fffa807bd90>,0.6463333333333334,4.070884164317273
hilbertian_a_10_b_-inf,<function wrap.<locals>.calc at 0x7fffa807b400>,0.6091666666666666,2.1644117236620066
generalized-js_a_10_b_1,<function wrap.<locals>.calc at 0x7fffbc6147b8>,0.6053333333333333,62.33163577109674
heat-diffusion_t_0.08946966356434932,<function wrap.<locals>.calc at 0x7fffbc5dd378>,0.5846666666666667,5120670538674332.0
rbf_g_410.78567226816165,<function wrap.<locals>.calc at 0x7fffbc614840>,0.5763333333333334,7685.195744754381
linear,<function kmat_linear at 0x7fffbc6bc950>,0.5638333333333334,1.3656827570060743
