estimator_key,kmat_fun,avg_test_score,most_freq_best_param
hilbertian_a_1_b_-10,<function wrap.<locals>.calc at 0x7fffa807a1e0>,0.6383333333333334,16.10967115474631
aitchison-rbf_c_3.777225292933776e-08_g_0.0001795574697441718,<function wrap.<locals>.calc at 0x7fffa807ac80>,0.6301666666666667,2.128742606381136
generalized-js_a_10_b_1,<function wrap.<locals>.calc at 0x7fffbc6137b8>,0.626,29.262370730310277
aitchison_c_5.882525956645783e-10,<function wrap.<locals>.calc at 0x7fffa807a598>,0.6131666666666667,0.00015055289262523187
heat-diffusion_t_0.08148845693990082,<function wrap.<locals>.calc at 0x7fffbc5ef510>,0.5846666666666667,1571.8771772406624
rbf_g_395.5599398686844,<function wrap.<locals>.calc at 0x7fffbc613840>,0.5763333333333334,7800.470915202671
linear,<function kmat_linear at 0x7fffbc6bc950>,0.5393333333333333,1.356183960017087
