estimator_key,kmat_fun,avg_test_score,most_freq_best_param
aitchison-rbf_c_6.201896539961909e-10_g_9.391415200977663e-06,<function wrap.<locals>.calc at 0x7fffa807ba60>,0.6628333333333334,8.677106541558828
aitchison_c_3.9300075779585906e-08,<function wrap.<locals>.calc at 0x7fffa807b6a8>,0.651,0.0002736545681245495
generalized-js_a_10_b_1,<function wrap.<locals>.calc at 0x7fffbc6147b8>,0.627,29.260604140301197
hilbertian_a_1_b_-10,<function wrap.<locals>.calc at 0x7fffa807b1e0>,0.6268333333333334,16.108683374604794
linear,<function kmat_linear at 0x7fffbc6bd950>,0.5845,6.133542708894661
rbf_g_40.31719130467642,<function wrap.<locals>.calc at 0x7fffbc614d08>,0.5835000000000001,1061.681678448821
heat-diffusion_t_0.08148845693990082,<function wrap.<locals>.calc at 0x7fffbc5db510>,0.5725,1528.5354163853212
