estimator_key,kmat_fun,avg_test_score,most_freq_best_param
aitchison-rbf_c_3.777225292933776e-08_g_1.7772347338313292e-05,<function wrap.<locals>.calc at 0x7fffa807bbf8>,0.6456666666666666,8.67363518798406
aitchison_c_5.882525956645783e-10,<function wrap.<locals>.calc at 0x7fffa807b598>,0.6375,0.0001477913630216066
generalized-js_a_10_b_10,<function wrap.<locals>.calc at 0x7fffbc614d90>,0.6174999999999999,2.985583794624172
hilbertian_a_10_b_-10,<function wrap.<locals>.calc at 0x7fffa807b378>,0.5890000000000001,0.9792001662988093
rbf_g_4.177914563407074,<function wrap.<locals>.calc at 0x7fffbc614730>,0.5850000000000001,0.8903024114940415
heat-diffusion_t_0.08672598362544255,<function wrap.<locals>.calc at 0x7fffbc5f2400>,0.568,370004712253.82684
linear,<function kmat_linear at 0x7fffbc6bd950>,0.5641666666666667,5.9764823625825105
