estimator_key,kmat_fun,avg_test_score,most_freq_best_param
aitchison_c_5.882525956645783e-10,<function wrap.<locals>.calc at 0x7fffa807c598>,0.6465,0.00014911876469818274
aitchison-rbf_c_5.882525956645783e-10_g_9.336920023626785e-06,<function wrap.<locals>.calc at 0x7fffa807ca60>,0.6381666666666667,8.675170495417165
heat-diffusion_t_0.08672598362544255,<function wrap.<locals>.calc at 0x7fffbc5de400>,0.5801666666666667,339011213105.40247
rbf_g_414.568419309912,<function wrap.<locals>.calc at 0x7fffbc613840>,0.5721666666666667,7708.583762452447
generalized-js_a_10_b_10,<function wrap.<locals>.calc at 0x7fffbc613d90>,0.5636666666666668,1.4101504399894842
hilbertian_a_1_b_-inf,<function wrap.<locals>.calc at 0x7fffa807c268>,0.5635,6.650449044859232
linear,<function kmat_linear at 0x7fffbc6bc950>,0.5263333333333333,1.3609778208701804
