estimator_key,kmat_fun,avg_test_score,most_freq_best_param
aitchison_c_1.4632192051617703e-11,<function wrap.<locals>.calc at 0x7fffb451b950>,1.0,0.024695296647522763
aitchison-rbf_c_1.4632192051617703e-11_g_4.49165162504359e-06,<function wrap.<locals>.calc at 0x7fffb451be18>,1.0,966.3456947945825
generalized-js_a_inf_b_0.5,<function wrap.<locals>.calc at 0x7fffb451b268>,0.9349999999999999,2.49464134403456
hilbertian_a_1_b_-10,<function wrap.<locals>.calc at 0x7fffb451b598>,0.9349999999999999,4.174942685874905
rbf_g_0.20253805820479762,<function wrap.<locals>.calc at 0x7fffbc5a8b70>,0.79,164.5797650930913
heat-diffusion_t_0.08447217207908736,<function wrap.<locals>.calc at 0x7fffb451e6a8>,0.775,1.4809870848397974e+24
linear,<function kmat_linear at 0x7fffbc6bd950>,0.77,65.26546446477445
