estimator_key,kmat_fun,avg_test_score,most_freq_best_param
aitchison_c_1.4632192051617703e-11,<function wrap.<locals>.calc at 0x7fffb451a950>,1.0,0.02553254384199557
aitchison-rbf_c_1.4632192051617703e-11_g_4.539252163525495e-06,<function wrap.<locals>.calc at 0x7fffb451ae18>,1.0,1008.3051217917732
generalized-js_a_10_b_0.5,<function wrap.<locals>.calc at 0x7fffb451a0d0>,0.9400000000000001,1653.9755027803694
hilbertian_a_inf_b_-1,<function wrap.<locals>.calc at 0x7fffb451a840>,0.9400000000000001,584.7992890583802
rbf_g_0.2079496425504831,<function wrap.<locals>.calc at 0x7fffbc5b2b70>,0.805,171.15101041276293
heat-diffusion_t_0.08447217207908736,<function wrap.<locals>.calc at 0x7fffb451d6a8>,0.79,1.467841046319802e+24
linear,<function kmat_linear at 0x7fffbc6bd950>,0.725,68.47204218455795
