estimator_key,kmat_fun,avg_test_score,most_freq_best_param
aitchison_c_1.4632192051617703e-11,<function wrap.<locals>.calc at 0x7fffb451a950>,1.0,0.025492818754625182
aitchison-rbf_c_1.4632192051617703e-11_g_4.451824348053366e-06,<function wrap.<locals>.calc at 0x7fffb451ae18>,1.0,1007.2594576769421
generalized-js_a_1_b_1,<function wrap.<locals>.calc at 0x7fffb451a048>,0.915,3732.703719193381
hilbertian_a_10_b_-1,<function wrap.<locals>.calc at 0x7fffb451a6a8>,0.915,665.2822333826299
heat-diffusion_t_0.08447217207908736,<function wrap.<locals>.calc at 0x7fffb451d6a8>,0.8099999999999999,1.5518778535390046e+24
rbf_g_19.41898012457902,<function wrap.<locals>.calc at 0x7fffbc5bfbf8>,0.8099999999999999,2132.827258981391
linear,<function kmat_linear at 0x7fffbc6bd950>,0.775,859.5337867001866
