estimator_key,kmat_fun,avg_test_score,most_freq_best_param
aitchison_c_1.4632192051617703e-11,<function wrap.<locals>.calc at 0x7fffb451b950>,1.0,0.024394992703799828
aitchison-rbf_c_1.4632192051617703e-11_g_4.562275912724731e-06,<function wrap.<locals>.calc at 0x7fffb451be18>,1.0,967.6177398419863
generalized-js_a_1_b_0.5,<function wrap.<locals>.calc at 0x7fffbc587f28>,0.9,2324.000274641298
hilbertian_a_1_b_-1,<function wrap.<locals>.calc at 0x7fffb451b510>,0.9,1637.0220217422072
rbf_g_0.02039097461529843,<function wrap.<locals>.calc at 0x7fffbc587e18>,0.78,874.4521694832657
heat-diffusion_t_0.08447217207908736,<function wrap.<locals>.calc at 0x7fffb451e6a8>,0.7550000000000001,1.4880598514647427e+24
linear,<function kmat_linear at 0x7fffbc6bd950>,0.6799999999999999,808.3879444514172
