estimator_key,kmat_fun,avg_test_score,most_freq_best_param
aitchison_c_1.4632192051617703e-11,<function wrap.<locals>.calc at 0x7fffb451a950>,1.0,0.025597242796991698
aitchison-rbf_c_1.4632192051617703e-11_g_4.460304077745888e-06,<function wrap.<locals>.calc at 0x7fffb451ae18>,1.0,1007.4156550652899
generalized-js_a_1_b_0.5,<function wrap.<locals>.calc at 0x7fffbc5a5f28>,0.9550000000000001,2434.1757741203696
hilbertian_a_1_b_-1,<function wrap.<locals>.calc at 0x7fffb451a510>,0.9550000000000001,1714.4498797144088
rbf_g_1.9677533109270726,<function wrap.<locals>.calc at 0x7fffbc5a5ea0>,0.9199999999999999,15.149658600827598
linear,<function kmat_linear at 0x7fffbc6bd950>,0.89,156.32547530452695
heat-diffusion_t_0.08447217207908736,<function wrap.<locals>.calc at 0x7fffb451d6a8>,0.79,1.6179993974427392e+24
