estimator_key,kmat_fun,avg_test_score,most_freq_best_param
aitchison_c_1.4632192051617703e-11,<function wrap.<locals>.calc at 0x7fffb451a950>,1.0,0.024382660089842346
aitchison-rbf_c_1.4632192051617703e-11_g_4.421114239951313e-06,<function wrap.<locals>.calc at 0x7fffb451ae18>,1.0,966.7448747021593
generalized-js_a_1_b_1,<function wrap.<locals>.calc at 0x7fffb451a048>,0.9199999999999999,3590.879790131544
hilbertian_a_10_b_-1,<function wrap.<locals>.calc at 0x7fffb451a6a8>,0.9199999999999999,639.7742698313402
rbf_g_0.01884713300934214,<function wrap.<locals>.calc at 0x7fffbc5b3e18>,0.8400000000000001,874.4315871271108
linear,<function kmat_linear at 0x7fffbc6bd950>,0.795,155.37022635839932
heat-diffusion_t_0.08447217207908736,<function wrap.<locals>.calc at 0x7fffb451d6a8>,0.735,1.526680109473441e+24
