estimator_key,kmat_fun,avg_test_score,most_freq_best_param
aitchison_c_1.4632192051617703e-11,<function wrap.<locals>.calc at 0x7fffb4519950>,1.0,0.024623265006426077
aitchison-rbf_c_1.4632192051617703e-11_g_4.399742374460183e-06,<function wrap.<locals>.calc at 0x7fffb4519e18>,1.0,966.1994779776526
generalized-js_a_1_b_0.5,<function wrap.<locals>.calc at 0x7fffbc58ef28>,0.9349999999999999,2344.6220229623314
hilbertian_a_10_b_-1,<function wrap.<locals>.calc at 0x7fffb45196a8>,0.915,637.9930066679202
heat-diffusion_t_0.08238075746243802,<function wrap.<locals>.calc at 0x7fffb451c7b8>,0.775,6352759685121572.0
rbf_g_0.020010127186175456,<function wrap.<locals>.calc at 0x7fffbc58ee18>,0.7649999999999999,874.433154623461
linear,<function kmat_linear at 0x7fffbc6bd950>,0.6849999999999999,29.03647183545691
