estimator_key,kmat_fun,avg_test_score,most_freq_best_param
aitchison_c_1.4632192051617703e-11,<function wrap.<locals>.calc at 0x7fffb451a950>,1.0,0.024614913245204526
aitchison-rbf_c_1.4632192051617703e-11_g_4.421114239951313e-06,<function wrap.<locals>.calc at 0x7fffb451ae18>,1.0,966.2399182705528
generalized-js_a_1_b_1,<function wrap.<locals>.calc at 0x7fffb451a048>,0.9349999999999999,3593.1901905683744
hilbertian_a_1_b_-1,<function wrap.<locals>.calc at 0x7fffb451a510>,0.915,24.76814113457369
heat-diffusion_t_0.08447217207908736,<function wrap.<locals>.calc at 0x7fffb451d6a8>,0.82,1.5648603103556245e+24
rbf_g_0.1929477676577438,<function wrap.<locals>.calc at 0x7fffbc58eb70>,0.785,883.3537114004921
linear,<function kmat_linear at 0x7fffbc6bd950>,0.7649999999999999,28.751114773438264
