estimator_key,kmat_fun,avg_test_score,most_freq_best_param
aitchison_c_1.4632192051617703e-11,<function wrap.<locals>.calc at 0x7fffb451a950>,1.0,0.02454742786072845
aitchison-rbf_c_1.4632192051617703e-11_g_4.359121453126759e-06,<function wrap.<locals>.calc at 0x7fffb451ae18>,1.0,965.7021562510753
generalized-js_a_1_b_1,<function wrap.<locals>.calc at 0x7fffb451a048>,0.8800000000000001,3594.435749959008
hilbertian_a_1_b_-inf,<function wrap.<locals>.calc at 0x7fffb451a620>,0.8600000000000001,3.76029822671238
heat-diffusion_t_0.08447217207908736,<function wrap.<locals>.calc at 0x7fffb451d6a8>,0.795,1.4812209321405524e+24
rbf_g_1.9274375130321797,<function wrap.<locals>.calc at 0x7fffbc5a4ea0>,0.7499999999999999,6.304218566433118
linear,<function kmat_linear at 0x7fffbc6bd950>,0.6649999999999999,834.508294211927
