Baseline,SVM-RBF,Lin/Log-L1,RF,LogCont-L1,KernelBiome,KB_Aitchison
0.883194432008197,0.9632668461543473,0.9987886247393886,0.7934351716338566,1.4374573129780983,0.9945758745066676,0.9972188374019064
0.9828061889483783,0.8219308909416759,0.8082893047145416,0.6497799980594394,0.05843652662437494,0.9911532624100489,0.9736822385795759
0.7099555298244724,0.837101001580532,0.9962393440238178,0.7869000121061137,0.8373880835488052,0.9762852576609673,0.983693493645745
0.9354428567101305,0.14546478199787555,0.0066747333387082285,0.6913245006089911,0.5123038148180454,0.9282447052396022,0.9479435847121349
0.6568792711115368,0.543771761129305,0.45457513970105945,0.42822117345887534,-0.6793057367153954,0.038431361091787485,0.1366423122448076
0.6581625295177403,0.5088209973183951,0.16856898812973456,0.5119096643208151,-0.3954350269057485,0.21345928806594622,0.2879103573590504
