Baseline,SVM-RBF,Lin/Log-L1,RF,LogCont-L1,KernelBiome,KB_Aitchison
0.958130038051809,0.4794466982128216,0.6244413853712937,0.3190710962981983,-0.853797572599577,0.012424540637040167,0.02399908384906319
0.8332468537604996,0.6569571188629381,0.8576400011001064,0.6291344049518082,0.9666343843323923,0.8665519435230752,0.91898384915929
0.5703221274556765,0.331535147988228,0.1128432473051022,0.6199423843213666,-0.446955300015817,0.7413026078850189,0.8752821546503609
0.9471565823404577,0.12964859160798325,0.004492544420870029,0.21741711015342252,-1.4525971480319408,0.006451366269135602,0.008392787470068039
0.732179977989123,0.8503619553275242,0.9913732256147819,0.747752814800714,0.8645279435878503,0.9720982429433292,0.974143906356086
