Baseline,SVM-RBF,Lin/Log-L1,RF,LogCont-L1,KernelBiome,KB_Aitchison
0.7839443971995488,0.896543178858963,0.9996143749873305,0.8211101289004544,1.6972257681839533,0.9916877860026864,0.9949240383414443
0.9128923684005847,0.22748490024388712,0.2381169491577104,0.19197475678363773,-1.0376760114644132,0.03675327579921319,0.010707117326360082
0.9145281573612489,0.7666506185597673,0.990475155572091,0.8199692932761843,0.4563157746959744,0.9888084164194116,0.9255527289557873
0.5861838761896794,0.6136681585582066,0.1972140109256539,0.44334198890850735,-0.9420813003527627,0.04298103044879663,0.08526969013153753
0.7064143699371375,0.8859300258783582,0.9938714841001731,0.6220034724602724,0.19561824675483408,0.948027974101235,0.8716005457045737
