Baseline,SVM-RBF,Lin/Log-L1,RF,LogCont-L1,KernelBiome,KB_Aitchison
0.5286742146533108,0.6192313592775299,0.8960478469414618,0.6999213014425765,1.1745000871022573,0.9846185121244069,0.9949244234479298
0.7104310535026066,0.8372885594414692,0.6799943113096942,0.7291289195778536,0.4532667253152727,0.9931124976031875,0.9870696615367555
0.9706876154628912,0.7740867289346742,0.9852969486817521,0.8886810651875331,0.9661930705991724,0.9905566363151522,0.9744885642088539
0.5455247894681884,0.600335218454479,0.9317164184840957,0.38911452221378234,-0.5118767653149329,0.009746246854675792,0.01503330446861752
0.6792872176081539,0.378555804173948,0.0047590850366024335,0.23331262786857015,-0.7195448833143177,0.049125268500203635,0.017042104287264704
0.5311259751402722,0.6364555129898312,0.0064859708248580505,0.2615470322722337,-1.277796657641442,0.03337748383702233,0.007324550690837828
