Baseline,SVM-RBF,Lin/Log-L1,RF,LogCont-L1,KernelBiome,KB_Aitchison
0.958130038051809,0.2589754235709604,0.02336587273010179,0.23013374613478996,-1.2493338968119247,0.06446977159240061,0.02682574744558572
0.8332468537604996,0.7799076247073528,0.9851641382030812,0.8193857727749798,0.5223570857421651,0.9866361206355542,0.9513123488665675
0.5703221274556765,0.7193551076155417,0.7526699664102409,0.8155662116695909,0.887580730058777,0.9905904656570047,0.9822039956658948
0.9471565823404577,0.8995782899651322,0.9964350167203297,0.7124134514182137,0.4804056291287355,0.944642647576823,0.9660523578113323
0.732179977989123,0.1699197194055126,0.09319820612286861,0.2088752648494354,-1.2450528349014875,0.058295676481416855,0.011783265504935914
