Baseline,SVM-RBF,Lin/Log-L1,RF,LogCont-L1,KernelBiome,KB_Aitchison
0.5740072536349559,0.892691559022635,0.9684535468569373,0.8812611612481573,1.0580390245435236,0.9889833265126828,0.9915642548342953
0.9630482005788701,0.7280477153196266,0.9092535880585906,0.40651447381952155,-0.37491237911401576,0.02036241795368013,0.03557280309205345
0.5525341186506882,0.5,0.787200932788903,0.7466545311646718,1.0189571168415261,0.9243619343301394,0.9580231293946914
0.7817532262106959,0.3949973315412176,0.8221106631310464,0.4230933800096779,-0.31886796103386306,0.2694776898410746,0.1480046094378207
0.936161132883244,0.3545367459274467,0.9205188952598718,0.8428741597405924,0.8023293969623712,0.9935491916495182,0.9785501411373401
