Baseline,SVM-RBF,Lin/Log-L1,RF,LogCont-L1,KernelBiome,KB_Aitchison
0.9260396878259576,0.6700608007783417,0.6834843547802241,0.64,0.5578133276190543,0.8788952608042884,0.9193622482740779
0.8858508215000167,0.27521643154263914,0.11492901921817363,0.67,-0.4039658611698081,0.75841869528874,0.8818444923715659
0.5962533189748117,0.7879303810918844,0.9942568424768969,0.778,0.8391477097847099,0.9810766619302508,0.9447454306476917
0.8507627122299584,0.228691133401167,0.6183049252585819,0.282,-1.163379309097771,0.010896754842140477,0.07405110544612575
0.9071466289496917,0.6522121179848214,0.004196012209813323,0.266,-1.1843123494875691,0.037990070361777754,0.010756867824635653
