Baseline,SVM-RBF,Lin/Log-L1,RF,LogCont-L1,KernelBiome,KB_Aitchison
0.9019538451300303,0.737671137688091,0.9489519264720484,0.8145065594574782,0.3905659114377309,0.9871254466228223,0.9412255119562536
0.6486127996017914,0.731304155576297,0.9421354140705438,0.3610390444457126,-0.14567586244401554,0.008322194380746292,0.016604275436276846
0.7931541332658746,0.3442605886836499,0.2319416952843678,0.4319265499274634,-0.5774644277357333,0.03551228390668035,0.07759614987217829
0.7115996256370983,0.6437463622287282,0.9849735315576683,0.7764350243031832,0.5544920261836236,0.9705320151262223,0.9644110384396114
0.6360641438713273,0.9269827264141148,0.9988554609744619,0.8703694838831949,1.420533618629452,0.9958753503255591,0.9881610265720362
