Baseline,SVM-RBF,Lin/Log-L1,RF,LogCont-L1,KernelBiome,KB_Aitchison
0.7839443971995488,0.6175334487966904,0.9406209026757941,0.812,0.37034948528765343,0.9860848325235452,0.9425031254063833
0.9128923684005847,0.3203569291339271,0.6936268628783485,0.416,-0.6242954535955065,0.2068417676193001,0.19298225703085684
0.9145281573612489,0.8718652080369537,0.9998500589200855,0.766,1.1911667907430386,0.963772117062074,0.9276929905869753
0.5861838761896794,0.5691204979878417,0.8701620234421314,0.33,-0.12788871411496672,0.00885526002972278,0.01696198295711463
0.7064143699371375,0.6510761642733607,0.909851784204764,0.852,0.7646771956808889,0.9921690643883766,0.9932655611165863
