Baseline,SVM-RBF,Lin/Log-L1,RF,LogCont-L1,KernelBiome,KB_Aitchison
0.8124714355633574,0.8190048643072855,0.9357491838929937,0.8700648305769834,0.8173543399574703,0.9819541652146395,0.9940965608780712
0.6798476900386778,0.5055295208690349,0.9716555276659151,0.7940771130880738,0.7308922530026647,0.9674260901250953,0.9509103085180522
0.5249917102974164,0.3973315340556194,0.7384541676801841,0.4347413103920943,-0.9194534740849312,0.17455843243206698,0.23634139078011895
0.9621613976489692,0.2087421856300466,0.0002984546162894092,0.3703577727629737,-0.44503801598556275,0.0385559287976675,0.0674186964202663
0.6115351706409398,0.667494690561205,0.9068520697315513,0.8879532171477869,1.1326979181800674,0.9936394521522214,0.9946769545788
0.5836271187190704,0.675996241610275,0.017505653546685093,0.4659709466297763,0.9492013466027684,0.2576783890001237,0.12199046029831884
