Baseline,SVM-RBF,Lin/Log-L1,RF,LogCont-L1,KernelBiome,KB_Aitchison
0.8124156833556105,0.4764197040427758,0.9701329093510308,0.7652618103712874,1.4459220816834903,0.9775398024495907,0.9706941596827651
0.8256462961769868,0.518646173244374,0.8006796980110987,0.4203331024451784,-0.44299401474756556,0.1903107661005291,0.2876053250324803
0.5356782618650211,0.7614361342214822,0.9210101384431133,0.8654006767658123,1.068630651305267,0.9950472492090021,0.9699696377757014
0.9854310884384351,0.9816844529949389,0.9974484274347447,0.8226890036699854,1.2757060642226599,0.9950000129680664,0.9871362170368712
0.9987542465708814,0.9448357787095276,0.98712355789113,0.7721043213562339,0.9319648948528816,0.9913100648713716,0.9891729004209281
0.6080437018712912,0.33457728083586596,0.24102477341050751,0.2110822098378354,-1.1644588482220548,0.0027079453983610588,0.009071379354988808
