Baseline,SVM-RBF,Lin/Log-L1,RF,LogCont-L1,KernelBiome,KB_Aitchison
0.8124156833556105,0.8913905660259192,0.9801939988461097,0.7470234467701664,1.0176259772851768,0.9573366298255751,0.9839712280435075
0.8256462961769868,0.8971960579316569,0.9982723267653668,0.6494481226062244,-0.21809552514459854,0.6903528795882247,0.759036163442359
0.5356782618650211,0.12256098833749414,0.01789061899612471,0.7389974209428662,0.9573648390075307,0.9175052758815564,0.9740841353892541
0.9854310884384351,0.43475046271258083,0.3093116913771173,0.22637602503592735,-1.1059484297405462,0.004606656528046152,0.00782293186176736
0.9987542465708814,0.20970488057517792,0.004397475233938098,0.3913522539466198,0.418999106094857,0.23982382120946574,0.10856862008347817
