Baseline,SVM-RBF,Lin/Log-L1,RF,LogCont-L1,KernelBiome,KB_Aitchison
0.7011592075319684,0.9387282774033806,0.9969396154363931,0.8002050427881067,1.3890946375582962,0.9959879882859916,0.9999868831593334
0.6620065478138579,0.6017539532842375,0.8161645850891797,0.26802768688229855,-1.0134697959531158,0.01496076475520156,0.026892216650857354
0.8503591294951491,0.33081916226556285,0.027317166956267427,0.22858601101745707,-1.1386209373533405,0.023725845982532485,0.0263285780473381
0.6346298660454828,0.8926335077128612,0.9999096636766179,0.8374651783913993,1.5998039280706464,0.9862125177028427,0.9939369695286067
0.7106303044695155,0.9106891149891987,0.9999863767232577,0.7448634540327043,1.1555948603616144,0.9564705428522255,0.9263319091955721
