Baseline,SVM-RBF,Lin/Log-L1,RF,LogCont-L1,KernelBiome,KB_Aitchison
0.5286742146533108,0.785215919824414,0.9624340847250623,0.8691488808403043,1.0908553133986798,0.9855801162302994,0.9958413149084231
0.7104310535026066,0.056367202716969864,0.0022741742002986795,0.24543923890406558,-0.9819306781149084,0.00829480085902234,0.012101452272104685
0.9706876154628912,0.12441770651505717,0.010758666487589571,0.7368669128938847,0.7963310650556857,0.9493634409533995,0.979139213676394
0.5455247894681884,0.7929697098616681,0.007411181310370504,0.19610285935999472,-1.3551834771211797,0.00496792809922232,0.003420839166546261
0.6792872176081539,0.772686264299574,0.9325091261603793,0.7423172527386035,0.8627923508976046,0.9694876765725289,0.9723454293617834
