Baseline,SVM-RBF,Lin/Log-L1,RF,LogCont-L1,KernelBiome,KB_Aitchison
0.9957176011258104,0.25383679193547243,0.040533297390354335,0.24830935225874448,-0.7767614317476146,0.02407939024920539,0.02254757832997975
0.5228466634591326,0.8306138529024538,0.9930627892848956,0.8602994804345528,0.9414448547864619,0.9943400542275215,0.9949126599652263
0.7752174828229079,0.8841783826539371,0.9994225789512459,0.6181839892962584,0.19143781747890498,0.6553643077320335,0.7017220411895787
0.6948906141364419,0.9018284966521255,0.9999129724966298,0.7463650361927395,0.7273200216352179,0.9561048540730599,0.9095058033012616
0.573970091262348,0.19261903115974915,0.08870287385722872,0.2232165678563624,-1.2781332166209578,0.051933039436785206,0.009545087964950745
0.630594894301532,0.6259421026846004,0.018716147145783252,0.2483055806974999,-1.234675689830791,0.025895285789639025,0.005312588784695295
