Baseline,SVM-RBF,Lin/Log-L1,RF,LogCont-L1,KernelBiome,KB_Aitchison
0.6939149121911907,0.5549967010397071,0.739132126227048,0.7461694437503231,1.4973400845233011,0.9755322094574519,0.9906570225287021
0.9154651228271817,0.7515963162965101,0.9844003253474696,0.8071899234135947,0.9534368344264554,0.9879160701399843,0.9523448781822452
0.7819704903144149,0.1655151567744369,0.009310425486550495,0.7252598433383229,0.6573019565523799,0.9149207337943434,0.9712385391608478
0.6153687637384386,0.1584428846448273,0.019997470704533747,0.2264616055425851,-0.9585396733549372,0.010590402382783876,0.011575384695315235
0.8523373477985619,0.8879936271622435,0.9951469112176715,0.7112024766915306,0.7119159411686873,0.9643261891405116,0.9761473910742383
0.925418521430255,0.2801441283714793,0.004664110337017869,0.47715797907102725,-0.09654407862430905,0.2797904714113477,0.13926543629709257
