Baseline,SVM-RBF,Lin/Log-L1,RF,LogCont-L1,KernelBiome,KB_Aitchison
0.7839443971995488,0.6620285067337144,0.434822384537191,0.8145955258857124,0.5962808713284927,0.9662336590775875,0.940062865762005
0.9128923684005847,0.9355666006005465,0.9979985284477806,0.6465056249482136,0.45419855149066257,0.7085858679368706,0.7306004117524242
0.9145281573612489,0.9821869038300873,0.9999059465183904,0.824427747592981,0.8456644052069614,0.9962459354282901,0.9921395179204345
0.5861838761896794,0.8879824738233676,0.016699310086507737,0.17834375644539333,-1.458489643287872,0.005507536799525413,0.008074597169012229
0.7064143699371375,0.6229107978784088,0.01889365258505879,0.48160163459831595,-0.3894472123556285,0.14831538062268457,0.28220777512837053
0.7703231271776441,0.47274915680613727,0.24878713965862412,0.25568444006452934,-1.0074652442243202,0.0029843130913483366,0.0075986947221743295
