Baseline,SVM-RBF,Lin/Log-L1,RF,LogCont-L1,KernelBiome,KB_Aitchison
0.8124156833556105,0.9697020833135255,0.9976629991398952,0.7830428313989516,0.5659251631802289,0.9963515926891398,0.9999861937058963
0.8256462961769868,0.22477455595301576,0.05118122053855691,0.23707545348309178,-1.002350171085241,0.0168969628390535,0.016318382885063022
0.5356782618650211,0.7892243719363853,0.9976143717598676,0.7650216052135614,0.5885569630160077,0.9900423808978087,0.9364489893052701
0.9854310884384351,0.7981851071199308,0.8988543590607928,0.3285403231436869,0.17087725515050523,0.27931751927592946,0.11259018331716172
0.9987542465708814,0.9225611985299739,0.999327234955245,0.6929660305345228,0.9260771546120632,0.9368174147107615,0.94050402326294
