Baseline,SVM-RBF,Lin/Log-L1,RF,LogCont-L1,KernelBiome,KB_Aitchison
0.7011592075319684,0.1861419773721494,0.20491585818471997,0.25834558642228234,-0.6674740574121597,0.038164831968381545,0.01486668876187804
0.6620065478138579,0.6054899261005229,0.5704051240796902,0.6654626023049458,0.13409366432329684,0.8543510794787988,0.9207732370367808
0.8503591294951491,0.8943705435811788,0.9995700496733295,0.6840818954001976,-0.051060990900325454,0.7090314212119005,0.7164816355704535
0.6346298660454828,0.5566958347489055,0.7684968458585496,0.3344731919554213,-0.8933594748604563,0.009418640597954747,0.01623112857262354
0.7106303044695155,0.7187564163496999,0.9360518085998929,0.8825925442792653,1.1099503555251835,0.9928778485387831,0.9935189886544039
