Baseline,SVM-RBF,Lin/Log-L1,RF,LogCont-L1,KernelBiome,KB_Aitchison
0.9419705688474578,0.49195432904739117,0.8171992971840126,0.7538861510196674,1.0279165724999386,0.9829546874277562,0.9897077592691768
0.6707723091269233,0.6856454977545957,0.9884610816544354,0.8138511367057875,0.7607012480628946,0.9919755809107395,0.9456907749378658
0.8122055085167281,0.19971359156492086,0.006613983314443193,0.21070468604783668,-1.4779102157668447,0.007797499071159098,0.006642286833056884
0.6936087092223292,0.6178115557388937,0.9410080541354549,0.8932784179378248,1.0769995548619942,0.9946542871215676,0.9950152377341436
0.6602547237397915,0.5109383454287494,0.028963226149052966,0.47615313995427644,0.3735734376281058,0.2550279792218029,0.09634207623050879
