Baseline,SVM-RBF,Lin/Log-L1,RF,LogCont-L1,KernelBiome,KB_Aitchison
0.9419705688474578,0.9826998656576658,0.9987230668237294,0.8109299590904765,0.3615747627437043,0.9162615808132961,0.9045114727226925
0.6707723091269233,0.1862596195620652,0.06632019185061995,0.2318508179487705,-0.9746692245836472,0.011909355844438967,0.018980506802103853
0.8122055085167281,0.5476803879403204,0.7272266503162019,0.537753137528811,-0.67996225499666,0.11096149770310854,0.08418011439674869
0.6936087092223292,0.9531439379748139,0.9954592150168795,0.7084658241947687,0.32954203571269575,0.9375355131791143,0.9466666005109919
0.6602547237397915,0.8854232778737942,0.9767930560014265,0.7515090026020411,0.8021175118026649,0.9675671527614002,0.9709273405388005
