Baseline,SVM-RBF,Lin/Log-L1,RF,LogCont-L1,KernelBiome,KB_Aitchison
0.7011592075319684,0.8968041712717056,0.9955488894194706,0.828,0.6348424348272551,0.9792093161202786,0.9730478104329838
0.6620065478138579,0.4242222349313483,0.015294567412881526,0.208,-1.284354670933199,0.05892158545305228,0.022347252273606923
0.8503591294951491,0.679593937028127,0.6015273579180894,0.856,1.2098717206011653,0.9959698590594738,0.9959875044755331
0.6346298660454828,0.24423145863980625,0.6739029682482526,0.372,-0.23474607185365073,0.21414368596393848,0.24873448939104428
0.7106303044695155,0.8186977471987824,0.9729776604137208,0.726,0.38163671031794055,0.9625804519988913,0.9691790141281161
0.5954911651896546,0.8708879076850966,0.949604628569982,0.828,0.8919624520528961,0.9898547497339536,0.9907647526061316
