Baseline,SVM-RBF,Lin/Log-L1,RF,LogCont-L1,KernelBiome,KB_Aitchison
0.7011592075319684,0.7609303044644493,0.958423949248992,0.8739077144160525,1.0890457979734336,0.9885034174789027,0.9962521601069482
0.6620065478138579,0.7487904244892556,0.7552648620063105,0.6976838388307591,0.7163365260059875,0.9941868108394298,0.9861911278998706
0.8503591294951491,0.8172005368213916,0.9345508563269876,0.777147392525431,0.5396793744480073,0.982725918159245,0.9832330253751085
0.6346298660454828,0.8422300448538439,0.9870895981450275,0.8295129230841015,0.6048301346001262,0.9930638010194571,0.9643575502548581
0.7106303044695155,0.8509958743970534,0.0503150197713858,0.18087973473567165,-1.3035227207052154,0.007517661968444679,0.00949971643498321
0.5954911651896546,0.5560254192651474,0.010306713388174616,0.4781692928968175,-0.43713972279103164,0.2032065255090747,0.23100260040374912
