Baseline,SVM-RBF,Lin/Log-L1,RF,LogCont-L1,KernelBiome,KB_Aitchison
0.9186475202774326,0.6833429120339137,0.6659034564474222,0.85,0.6525179254000983,0.9887026926523419,0.9561678063043215
0.622609561174325,0.2949985705413377,0.39189381612549906,0.198,-0.6986533628731121,0.0409605626833095,0.01207531780396715
0.7182990756761114,0.7969676267609415,0.9912256226547619,0.794,0.6361087838734784,0.9749937656707603,0.9823679391376438
0.8873677928156207,0.24784505701055576,0.0031552871568327418,0.732,0.6463999462678964,0.9179865638140701,0.9625404824979884
0.8293691076884202,0.38158063118112906,0.0017725129673323023,0.418,0.08355557179598838,0.30070388912317475,0.09405637797812287
