Baseline,SVM-RBF,Lin/Log-L1,RF,LogCont-L1,KernelBiome,KB_Aitchison
0.7282975291045173,0.5116198092294169,0.7411801056090466,0.4398164697070948,-0.370155688159377,0.1729659629466399,0.24766353808058944
0.860815307453102,0.8307413746854965,0.9489250349109647,0.8227906828894856,0.4009786099539357,0.9840303755316635,0.9880803743042855
0.7877412046254335,0.12293848987804237,0.0003197772051912744,0.3014502984818174,-0.7656628216376954,0.026704997224335954,0.06468102793233767
0.5776119338400482,0.8531135922579997,0.9892522559940801,0.7752001767129859,0.4221071601495169,0.9559952595526241,0.9593481881655715
0.9976405719045137,0.7600786083184978,0.9778129618537127,0.7597416513986739,0.9489138079344686,0.9803285350016656,0.9741070764820994
