Baseline,SVM-RBF,Lin/Log-L1,RF,LogCont-L1,KernelBiome,KB_Aitchison
0.9957176011258104,0.8478750660527744,0.9957582014674105,0.8901361284854367,1.2361728889538435,0.9999934478121698,0.9999926751960105
0.5228466634591326,0.884862452132529,0.998527943481277,0.808627360014023,1.5756807641152686,0.9882618526769739,0.9928899899669453
0.7752174828229079,0.6824794945626199,0.11711621138666785,0.8542727500264998,1.151997476976109,0.9919776909617306,0.9903956173803491
0.6948906141364419,0.61839390271288,0.148003114343123,0.40710830812453985,-0.8379899614205527,0.03739654773590076,0.08040169372168428
0.573970091262348,0.837162581905158,0.9898966978252237,0.7938050827450143,1.0478728457861748,0.9740703205749238,0.9705396256379997
0.630594894301532,0.44845718847679317,0.7877427285834127,0.2906288901589106,-1.2635242846381434,0.01489765473370529,0.044899163314912255
