Baseline,SVM-RBF,Lin/Log-L1,RF,LogCont-L1,KernelBiome,KB_Aitchison
0.5760781237189413,0.8036455503414611,0.9969691028313443,0.8876883857186327,1.3971261768611347,0.9999944824930901,0.9999978760849911
0.7510843951036321,0.342172413223159,0.24634883002770966,0.22765022898962822,-0.9385286585207111,0.020907667449450745,0.0093979605275373
0.8979761411964977,0.6454321687912611,0.23595988774080023,0.8718583920158599,1.1786347346456785,0.9929521598304657,0.9944894663226432
0.6238641963518816,0.6588465561043604,0.9337622679739296,0.8816115298806797,0.8699186940247161,0.9941413372356799,0.9958923871888121
0.6845842558450658,0.47864737028080206,0.8113971045913299,0.30537573035843985,-1.1642618682498715,0.009530732674181724,0.060880040910201216
