Baseline,SVM-RBF,Lin/Log-L1,RF,LogCont-L1,KernelBiome,KB_Aitchison
0.958130038051809,0.7872981039435294,0.9711671338664758,0.8523050171488308,0.8718663987456903,0.9795821828863239,0.9948401111496983
0.8332468537604996,0.8859942940093787,0.9996895929320041,0.8141804304500314,1.4068770450317545,0.9883723053113492,0.9946425979722474
0.5703221274556765,0.2432657886667533,0.24479286120777424,0.22012313495766725,-0.3775525238405146,0.03682525091186596,0.010207358798322897
0.9471565823404577,0.7203078154033853,0.845516701674127,0.7098516148762986,0.8519440086529049,0.8956155551458506,0.9233679760413948
0.732179977989123,0.611500009230129,0.1938759551887715,0.42810491669304135,-0.6701023101136392,0.04175250574435433,0.10799152278990257
