Baseline,SVM-RBF,Lin/Log-L1,RF,LogCont-L1,KernelBiome,KB_Aitchison
0.5286742146533108,0.8386463819241186,0.992468907958354,0.868,1.0347462150504738,0.9931956009162237,0.9935179826469479
0.7104310535026066,0.8238021137626809,0.9160280551743546,0.814,0.4227328408102087,0.98050720088453,0.9631948442370571
0.9706876154628912,0.343605817549709,0.6827669941882841,0.416,-0.2415573007985705,0.19658239317528425,0.25180334090337375
0.5455247894681884,0.8447722894096352,0.9935718875718887,0.718,0.4561820897641231,0.9400632594147773,0.9656896813588971
0.6792872176081539,0.3556358870620614,0.17004342444953027,0.238,-1.261434845781024,0.05033458651970109,0.011874274215722219
0.5311259751402722,0.8710901748635869,0.9597017585655433,0.758,0.977793276960963,0.9866981331642388,0.9898599283856481
