Baseline,SVM-RBF,Lin/Log-L1,RF,LogCont-L1,KernelBiome,KB_Aitchison
0.5740072536349559,0.9011740657690867,0.9968772053571852,0.7804448099495925,1.4379900738866422,0.9957418442258136,0.999993713555905
0.9630482005788701,0.48384863821657714,0.6235049174063205,0.47632663488848936,-0.4481372665945106,0.1035209761195794,0.0694802958299622
0.5525341186506882,0.8611209330925461,0.9999634420614532,0.7258411812947438,1.179521340372275,0.9588320024066748,0.9208213255894602
0.7817532262106959,0.3892677745550718,0.11051803267006599,0.20755032920257585,-1.4656697272047308,0.04072983782376368,0.007866066123651668
0.936161132883244,0.8073553734082104,0.985072599412211,0.7880678560581158,0.7179643854456649,0.9879778942955898,0.988600559836183
