Baseline,SVM-RBF,Lin/Log-L1,RF,LogCont-L1,KernelBiome,KB_Aitchison
0.7011592075319684,0.7102628849445916,0.7803179245235816,0.7813491497269719,1.300026664897742,0.9772076328808009,0.9708114794261232
0.6620065478138579,0.09106196569998239,0.22954626992886548,0.7547475075409316,0.707382553620581,0.9423275537402724,0.9670509030409253
0.8503591294951491,0.8173599443898067,0.6232213470268804,0.3889593354654038,-0.4232565841193676,0.23650779761209015,0.11315499049790104
0.6346298660454828,0.3102411650807861,0.5365025119388502,0.26117039629271716,-1.0042961122089578,0.033491282498019095,0.009600063683291868
0.7106303044695155,0.33462657977301213,0.6851618363121427,0.25557454928951717,-0.8462396097240182,0.003820525719505487,0.004703760718697116
0.5954911651896546,0.995408794682186,0.9311629979127221,0.890061627914783,0.9802407590608003,0.9966320957845618,0.9928569187621049
