estimator_key,kmat_fun,avg_test_score,most_freq_best_param
rbf_g_0.0003531760702242325,<function wrap.<locals>.calc at 0x7fffe961c840>,-263.67798894907594,4599.440765380858
aitchison-rbf_c_2.094269541458477e-05_g_0.00010159326691615635,<function wrap.<locals>.calc at 0x7fffb25aae18>,-263.6799212608622,4169.26498413086
generalized-js_a_inf_b_10,<function wrap.<locals>.calc at 0x7fffb25aa048>,-263.69051432664065,3732.7114105224614
hilbertian_a_1_b_-inf,<function wrap.<locals>.calc at 0x7fffb25aa2f0>,-263.6917680597876,5559.016799926758
aitchison_c_4.480131078155939e-06,<function wrap.<locals>.calc at 0x7fffb25aa7b8>,-263.69722033606433,3491092.5781250005
linear,<function kmat_linear at 0x7fffbc6bc950>,-263.8027954483584,368.5476303100584
heat-diffusion_t_0.07875819493558413,<function wrap.<locals>.calc at 0x7fffb25af620>,-272.60098281506924,0.11113590529793992
