estimator_key,kmat_fun,avg_test_score,most_freq_best_param
aitchison-rbf_c_4.3859649122807e-08_g_2.7093555980274094e-05,<function wrap.<locals>.calc at 0x7fffb25abae8>,-245.65854717343805,4163.349914550783
generalized-js_a_inf_b_10,<function wrap.<locals>.calc at 0x7fffb25ab048>,-245.67732361271996,3739.1910552978507
aitchison_c_4.3859649122807e-08,<function wrap.<locals>.calc at 0x7fffb25ab620>,-245.67993602610295,8612657.031250006
hilbertian_a_1_b_-inf,<function wrap.<locals>.calc at 0x7fffb25ab2f0>,-245.68055444490955,5577.3983001708975
rbf_g_3.5125052222640596,<function wrap.<locals>.calc at 0x7fffbc607d90>,-245.73279827012166,2103.0858993530283
linear,<function kmat_linear at 0x7fffbc6bc950>,-251.4731541280108,371.97637557983387
heat-diffusion_t_0.07875819493558413,<function wrap.<locals>.calc at 0x7fffb25b0620>,-254.33706294280623,1189.0746116638186
