estimator_key,kmat_fun,avg_test_score,most_freq_best_param
rbf_g_32.638215284359006,<function wrap.<locals>.calc at 0x7fffbc608c80>,-235.533154534464,359.4033956527711
heat-diffusion_t_0.07875819493558413,<function wrap.<locals>.calc at 0x7fffb25af620>,-237.98696072728126,0.11113590529793992
aitchison-rbf_c_0.01_g_0.21596516269967658,<function wrap.<locals>.calc at 0x7fffb25af2f0>,-238.09380901029962,0.01154627022677865
generalized-js_a_inf_b_10,<function wrap.<locals>.calc at 0x7fffb25aa048>,-238.22353507549127,3724.4804382324205
hilbertian_a_1_b_-inf,<function wrap.<locals>.calc at 0x7fffb25aa2f0>,-238.2249286614637,5532.828140258791
linear,<function kmat_linear at 0x7fffbc6bd950>,-238.2328370533262,378.2954692840574
aitchison_c_2.094269541458477e-05,<function wrap.<locals>.calc at 0x7fffb25aa840>,-238.23420637791742,2356782.226562498
