estimator_key,kmat_fun,avg_test_score,most_freq_best_param
aitchison-rbf_c_0.01_g_0.21703590799089612,<function wrap.<locals>.calc at 0x7fffb2561378>,-236.10090475589914,1.2156862396750505e-05
rbf_g_0.00038581678756295575,<function wrap.<locals>.calc at 0x7fffe961c950>,-236.76513922485816,4499.43161010742
hilbertian_a_1_b_-inf,<function wrap.<locals>.calc at 0x7fffb255d378>,-236.7808587052312,5452.103424072267
generalized-js_a_inf_b_1,<function wrap.<locals>.calc at 0x7fffb255d048>,-236.7808587100586,5452.103424072267
linear,<function kmat_linear at 0x7fffbc6bc950>,-236.91127365448165,365.9019470214842
heat-diffusion_t_0.07875819493558413,<function wrap.<locals>.calc at 0x7fffb25616a8>,-237.22262452378715,0.00011534310146998906
aitchison_c_4.3859649122807e-08,<function wrap.<locals>.calc at 0x7fffb255d6a8>,-261.2319349346161,8293503.125000006
