estimator_key,kmat_fun,avg_test_score,most_freq_best_param
aitchison-rbf_c_4.3859649122807e-08_g_2.716868957105707e-05,<function wrap.<locals>.calc at 0x7fffb25adae8>,-243.23693481931278,4165.331649780275
aitchison_c_4.3859649122807e-08,<function wrap.<locals>.calc at 0x7fffb25ad620>,-243.2661713039593,8779615.624999994
hilbertian_a_1_b_-1,<function wrap.<locals>.calc at 0x7fffb25ad1e0>,-244.43943919362317,1929.8101425170905
generalized-js_a_1_b_0.5,<function wrap.<locals>.calc at 0x7fffbc607950>,-244.49751379352006,1335.695362091065
rbf_g_389.93811319982905,<function wrap.<locals>.calc at 0x7fffbc607ae8>,-245.14100314517745,0.0017739030878155483
linear,<function kmat_linear at 0x7fffbc6bc950>,-252.57457159115984,389.639973640442
heat-diffusion_t_0.07875819493558413,<function wrap.<locals>.calc at 0x7fffb25b2620>,-254.1092065157542,0.11113590529793992
