estimator_key,kmat_fun,avg_test_score,most_freq_best_param
rbf_g_0.0003558675227711875,<function wrap.<locals>.calc at 0x7fffe961b840>,-239.7074503500556,4599.441909790038
aitchison-rbf_c_0.01_g_0.0022641053146154953,<function wrap.<locals>.calc at 0x7fffb25b01e0>,-239.71073876434585,4158.404541015627
generalized-js_a_1_b_0.5,<function wrap.<locals>.calc at 0x7fffbc607950>,-239.72524100993965,1330.353450775146
hilbertian_a_1_b_-1,<function wrap.<locals>.calc at 0x7fffb25ab1e0>,-239.72773361459062,1920.9312438964844
aitchison_c_0.002139233269388961,<function wrap.<locals>.calc at 0x7fffb25ab9d8>,-239.73205309440692,344318.9453125001
linear,<function kmat_linear at 0x7fffbc6bd950>,-239.83771258237576,383.29896926879866
heat-diffusion_t_0.07875819493558413,<function wrap.<locals>.calc at 0x7fffb25b0620>,-249.71809496092106,1189.2450332641602
