Baseline,SVM-RBF,Lin/Log-L1,RF,LogCont-L1,KernelBiome,KB_Aitchison
30.434782608695652,29.99878492963569,30.434782608695652,27.84061192921947,30.434782608695652,30.430118487599454,30.431351217549565
30.434782608695652,30.0008056507654,30.434782608695652,29.00601683883537,30.434782608695652,30.44024338803228,30.43181050333319
30.434782608695652,29.998367709315087,30.434782608695652,32.340238679782864,30.434782608695652,30.429792366191734,30.431584916454412
30.434782608695652,29.99859020247555,30.434782608695652,31.91330925466663,30.434782608695652,30.432131824516023,30.436706858407444
30.434782608695652,30.000205572984104,30.434782608695652,30.979110184123112,30.434782608695652,30.440844266175255,30.433109725069105
