Baseline,SVM-RBF,Lin/Log-L1,RF,LogCont-L1,KernelBiome,KB_Aitchison
32.608695652173914,32.49979211882158,32.608695652173914,33.39759112775301,32.608695652173914,33.562380907789965,32.60993862028498
32.608695652173914,32.49684193494712,32.608695652173914,28.87393417818255,32.608695652173914,24.500605515730975,32.60433972614814
32.608695652173914,32.5010710374837,32.608695652173914,35.85777490924029,32.608695652173914,32.901049470635044,32.61344318088398
32.608695652173914,32.50011923371465,32.608695652173914,33.8295132937983,32.608695652173914,33.29480418955904,32.6112464940462
32.608695652173914,32.50084277886491,32.608695652173914,33.80087874415669,32.608695652173914,32.99761636238241,32.61077891032675
