Baseline,SVM-RBF,Lin/Log-L1,RF,LogCont-L1,KernelBiome,KB_Aitchison
32.55434782608695,32.39905199459441,32.55434782608695,31.047852959715552,32.55434782608695,32.5544730500518,32.55346571030845
32.55434782608695,32.39978670243994,32.55434782608695,32.23166062053332,32.55434782608695,32.554603219335455,32.554289314687246
32.55434782608695,32.40006684146598,32.55434782608695,33.548889238302195,32.55434782608695,32.55445139824233,32.55524525481076
32.55434782608695,32.399722563008204,32.55434782608695,28.713668704802704,32.55434782608695,32.55399874386405,32.55197222474689
32.55434782608695,32.400711057875505,32.55434782608695,33.13447374601821,32.55434782608695,32.55455860588654,32.55738861495696
