Baseline,SVM-RBF,Lin/Log-L1,RF,LogCont-L1,KernelBiome,KB_Aitchison
30.92391304347826,31.251016123697397,30.92391304347826,33.1988227277516,30.92391304347826,30.924293226204018,30.927237929937498
30.92391304347826,31.25064156405103,30.92391304347826,29.855455287654152,30.92391304347826,30.92393103840995,30.92403851491062
30.92391304347826,31.24832540460046,30.92391304347826,25.519277883485916,30.92391304347826,30.923840056033644,30.922924162167757
30.92391304347826,31.2485737517515,30.92391304347826,32.2366589645761,30.92391304347826,30.924083589683903,30.923032560095223
30.92391304347826,31.250986585533017,30.92391304347826,31.676698526635615,30.92391304347826,30.92358354618484,30.92258011895099
