Baseline,SVM-RBF,Lin/Log-L1,RF,LogCont-L1,KernelBiome,KB_Aitchison
31.11111111111111,31.20974507156325,31.11111111111111,30.644737024182792,31.11111111111111,31.11109055515439,31.11067373586384
31.11111111111111,32.43081137724781,31.11111111111111,33.07083968130442,31.11111111111111,31.111065726117822,31.111716723554206
31.11111111111111,31.866653337331943,31.11111111111111,28.62294880305208,31.11111111111111,31.11088561992486,31.10756756084795
31.11111111111111,28.77730959000608,31.11111111111111,28.06524892223436,31.11111111111111,31.11126496010371,31.11225643346878
31.11111111111111,32.73952992711295,31.11111111111111,32.760824883205984,31.11111111111111,31.111110975830808,31.112037418609013
31.11111111111111,31.999783370885424,31.11111111111111,31.039380190491883,31.11111111111111,31.110913142232103,31.110748667810988
