Baseline,SVM-RBF,Lin/Log-L1,RF,LogCont-L1,KernelBiome,KB_Aitchison
31.793478260869566,32.39982793759979,31.793478260869566,32.69217776464983,31.793478260869563,31.793478440072672,31.792663154644316
31.793478260869566,32.39768304815714,31.793478260869566,28.121302581088887,31.793478260869563,31.793477320625986,31.789795251650037
31.793478260869566,32.40003844566797,31.793478260869566,33.37641870328646,31.793478260869563,31.793478552586755,31.794449228742096
31.793478260869566,32.40019021627653,31.793478260869566,33.34808715161571,31.793478260869563,31.793479039498965,31.79456459066204
31.793478260869566,32.39831356509756,31.793478260869566,27.759933240048454,31.793478260869563,31.793477785347932,31.79261966766073
