Baseline,SVM-RBF,Lin/Log-L1,RF,LogCont-L1,KernelBiome,KB_Aitchison
30.652173913043477,29.90057679225411,30.652173913043477,31.98648392861321,30.652173913043477,30.652174653173443,30.654832440325766
30.652173913043477,29.898950448014826,30.652173913043477,28.51933910148841,30.652173913043477,30.65217423801066,30.650835871104768
30.652173913043477,29.899250904516467,30.652173913043477,33.49374390755336,30.652173913043477,30.65217446810149,30.65348318549902
30.652173913043477,29.89715278064599,30.652173913043477,27.301063268291795,30.652173913043477,30.652171282644737,30.652487238610277
30.652173913043477,29.900119691959997,30.652173913043477,28.212150892373327,30.652173913043477,30.652174274130033,30.65046144839196
