Baseline,SVM-RBF,Lin/Log-L1,RF,LogCont-L1,KernelBiome,KB_Aitchison
31.684782608695652,32.39996597431382,31.684782608695652,33.059060403637744,31.684782608695652,31.68478299683094,31.683999182623122
31.684782608695652,32.39950518217889,31.684782608695652,34.56982120621877,31.684782608695652,31.684782938410187,31.684209620116295
31.684782608695652,32.39985983716247,31.684782608695652,27.15812770153082,31.684782608695652,31.684782650869575,31.68133762871884
31.684782608695652,32.40003447841083,31.684782608695652,34.42087285651801,31.684782608695652,31.684782900402062,31.68583947634926
31.684782608695652,32.39954109629463,31.684782608695652,19.098778107089842,31.684782608695652,31.684782648568678,31.684130620931036
