Baseline,SVM-RBF,Lin/Log-L1,RF,LogCont-L1,KernelBiome,KB_Aitchison
31.141304347826086,31.24889951694188,31.141304347826086,33.69416142630984,31.141304347826086,31.14130398365243,31.138630006250914
31.141304347826086,31.248874417012203,31.141304347826086,29.941480927427353,31.141304347826086,31.141304033645213,31.139006808055665
31.141304347826086,31.24898586635419,31.141304347826086,27.570921241932666,31.141304347826086,31.141304121415594,31.1380939447176
31.141304347826086,31.248660846673264,31.141304347826086,27.228903348540236,31.141304347826086,31.14130361197309,31.137901883498365
31.141304347826086,31.249106957468577,31.141304347826086,27.530756248129652,31.141304347826086,31.141304173393127,31.143592250738905
