Baseline,SVM-RBF,Lin/Log-L1,RF,LogCont-L1,KernelBiome,KB_Aitchison
32.44565217391305,32.39979368871787,32.44565217391305,34.31831588196616,32.44565217391304,32.765218779014276,32.444426309592274
32.44565217391305,32.39872861483516,32.44565217391305,25.590443495908836,32.44565217391304,32.35231937964977,32.44296567873784
32.44565217391305,32.399540960547014,32.44565217391305,29.332047532963657,32.44565217391304,32.45269179922232,32.44607512601138
32.44565217391305,32.3989562286218,32.44565217391305,38.64798358564798,32.44565217391304,36.09462063395098,32.450031255010735
32.44565217391305,32.399429110706315,32.44565217391305,34.53412615879969,32.44565217391304,32.55755206410201,32.44420658079059
