Baseline,SVM-RBF,Lin/Log-L1,RF,LogCont-L1,KernelBiome,KB_Aitchison
32.66304347826087,32.5995412622932,32.66304347826087,30.81906547590155,32.66304347826087,32.663043385336536,32.662061638570194
32.66304347826087,32.59959488141566,32.66304347826087,32.89006842574183,32.66304347826087,32.66304159918647,32.665455963667554
32.66304347826087,32.59980590123372,32.66304347826087,35.81333892664167,32.66304347826087,32.66304389289176,32.667329162459254
32.66304347826087,32.60050636581582,32.66304347826087,31.92509354242857,32.66304347826087,32.66304420107146,32.66473973922695
32.66304347826087,32.60028502155757,32.66304347826087,30.146789779144903,32.66304347826087,32.663043589079436,32.66508198266658
