Baseline,SVM-RBF,Lin/Log-L1,RF,LogCont-L1,KernelBiome,KB_Aitchison
31.57608695652174,32.380719911086885,31.57608695652174,34.66690003123759,31.57608695652174,32.02277638559703,31.574916325415472
31.57608695652174,32.10736427478481,31.57608695652174,27.157314056994746,31.57608695652174,25.115388604299543,31.57391953441086
31.57608695652174,32.512288190697404,31.57608695652174,34.575267345501395,31.57608695652174,31.908100464857952,31.57972795125617
31.57608695652174,32.47867362000044,31.57608695652174,32.98731308856322,31.57608695652174,31.83544732024844,31.578183324950064
31.57608695652174,32.37624462120166,31.57608695652174,36.94502104243961,31.57608695652174,31.758134036168546,31.57781870498828
