Baseline,SVM-RBF,Lin/Log-L1,RF,LogCont-L1,KernelBiome,KB_Aitchison
30.92391304347826,31.250009025120637,30.92391304347826,31.587469932449434,30.92391304347826,30.923984173116278,30.922680445696603
30.92391304347826,31.250849453965618,30.92391304347826,28.050831146993605,30.92391304347826,30.923636714461516,30.92093653123583
30.92391304347826,31.2475212876295,30.92391304347826,24.34563560092443,30.92391304347826,30.923971435489726,30.92390108531634
30.92391304347826,31.250668021077516,30.92391304347826,19.514380730428453,30.92391304347826,30.923947992123246,30.923620347320536
30.92391304347826,31.250648059017887,30.92391304347826,31.11267680237495,30.92391304347826,30.923911519072206,30.923696357014116
