Baseline,SVM-RBF,Lin/Log-L1,RF,LogCont-L1,KernelBiome,KB_Aitchison
32.119565217391305,32.39913316774441,32.119565217391305,31.683845119978557,32.119565217391305,32.11956530425206,32.11773889022957
32.119565217391305,32.39967555012139,32.119565217391305,26.556362958246304,32.119565217391305,32.11956548427364,32.115866630115725
32.119565217391305,32.398881610599325,32.119565217391305,25.40698617037788,32.119565217391305,32.11956500808998,32.115624964911426
32.119565217391305,32.40049701040731,32.119565217391305,33.41988538846951,32.119565217391305,32.11956551096085,32.119014091165816
32.119565217391305,32.39987730939695,32.119565217391305,27.694702589477536,32.119565217391305,32.11956523249349,32.11472362872625
