Baseline,SVM-RBF,Lin/Log-L1,RF,LogCont-L1,KernelBiome,KB_Aitchison
31.032608695652176,30.099201269396303,31.032608695652176,24.46042689196797,31.032608695652172,31.032608875876477,31.028708726238495
31.032608695652176,30.099255666252844,31.032608695652176,25.66559454726738,31.032608695652172,31.032608451546615,31.026875211423988
31.032608695652176,30.100134270014216,31.032608695652176,28.870066122344713,31.032608695652172,31.032608519527617,31.034991471724414
31.032608695652176,30.100247352298116,31.032608695652176,26.225833655513057,31.032608695652172,31.032608646987235,31.031614710204725
31.032608695652176,30.099621932073997,31.032608695652176,28.227208240569933,31.032608695652172,31.03260867518808,31.030141901052463
