Baseline,SVM-RBF,Lin/Log-L1,RF,LogCont-L1,KernelBiome,KB_Aitchison
32.05555555555556,32.398605977136334,32.05555555555556,27.67774867357268,32.05555555555556,32.05555514050408,32.05215553001733
32.05555555555556,32.39999179443777,32.05555555555556,38.15377051231691,32.05555555555556,32.05555604694147,32.05384167226397
32.05555555555556,32.40005132732628,32.05555555555556,31.237834873682786,32.05555555555556,32.05555577985606,32.05707090130863
32.05555555555556,32.39992699169305,32.05555555555556,30.622418748186735,32.05555555555556,32.05555629510726,32.05612910257744
32.05555555555556,32.39882959575397,32.05555555555556,36.3059928089006,32.05555555555556,32.05555448382734,32.05991884514955
32.05555555555556,32.39902011858073,32.05555555555556,29.467678072140863,32.05555555555556,32.0555553863767,32.05561918687891
