Baseline,SVM-RBF,Lin/Log-L1,RF,LogCont-L1,KernelBiome,KB_Aitchison
32.119565217391305,32.40003036745311,32.119565217391305,33.92098682271419,32.119565217391305,32.119565520049775,32.119723219072384
32.119565217391305,32.399661609958095,32.119565217391305,28.733798135548515,32.119565217391305,32.11956550579752,32.118263988691346
32.119565217391305,32.40044097421738,32.119565217391305,31.24901188899275,32.119565217391305,32.1195658544511,32.1198585613766
32.119565217391305,32.39987300517825,32.119565217391305,26.574681670495217,32.119565217391305,32.11956542884655,32.12058460090997
32.119565217391305,32.40012435321592,32.119565217391305,28.717677742208622,32.119565217391305,32.119566107445294,32.11772435648105
