Baseline,SVM-RBF,Lin/Log-L1,RF,LogCont-L1,KernelBiome,KB_Aitchison
31.08695652173913,31.25011333258933,31.08695652173913,31.92471344337468,31.08695652173913,31.086996521710866,31.085799037355994
31.08695652173913,31.251218869408493,31.08695652173913,31.48128786890097,31.08695652173913,31.08685455865441,31.08901893167564
31.08695652173913,31.249292040065853,31.08695652173913,30.791774172633566,31.08695652173913,31.08702891693761,31.086937624625218
31.08695652173913,31.249725180040066,31.08695652173913,30.717466382827812,31.08695652173913,31.086683945209828,31.084190180652808
31.08695652173913,31.249833259339702,31.08695652173913,34.26983571916881,31.08695652173913,31.08672438444747,31.08606083361416
