Baseline,SVM-RBF,Lin/Log-L1,RF,LogCont-L1,KernelBiome,KB_Aitchison
31.22222222222222,30.10017434652484,31.22222222222222,30.682008922961806,31.222222222222225,31.22222248895525,31.219872298814096
31.22222222222222,30.100191352552095,31.22222222222222,33.43499334720455,31.222222222222225,31.222222531864794,31.223191799791525
31.22222222222222,30.100812172845966,31.22222222222222,31.771294698524965,31.222222222222225,31.222222682049985,31.222846109466733
31.22222222222222,30.100292552231444,31.22222222222222,33.19552682237577,31.222222222222225,31.222222374285476,31.222121338563703
31.22222222222222,30.100214281656694,31.22222222222222,32.31854645538245,31.222222222222225,31.222222752346386,31.222706544265957
31.22222222222222,30.10065515082615,31.22222222222222,28.833132561045872,31.222222222222225,31.22222231411434,31.223092421027086
