Baseline,SVM-RBF,Lin/Log-L1,RF,LogCont-L1,KernelBiome,KB_Aitchison
31.333333333333332,32.4002224738344,31.333333333333332,32.16382900824,31.333333333333336,31.33337584364983,31.332788577867714
31.333333333333332,32.39868490938202,31.333333333333332,26.97497946666536,31.333333333333336,31.333073554695556,31.329984207681573
31.333333333333332,32.4004154499527,31.333333333333332,34.37892546030131,31.333333333333336,31.333601454932456,31.336072442153892
31.333333333333332,32.39867704740835,31.333333333333332,30.227571650469006,31.333333333333336,31.33350383325709,31.335553783932717
31.333333333333332,32.39812014190553,31.333333333333332,29.63427114634286,31.333333333333336,31.33337000297365,31.333325242568584
31.333333333333332,32.39949791108057,31.333333333333332,29.313557196175513,31.333333333333336,31.33330780266874,31.332625589989462
