Baseline,SVM-RBF,Lin/Log-L1,RF,LogCont-L1,KernelBiome,KB_Aitchison
30.815217391304348,31.25185824258734,30.815217391304348,35.526835179555846,37.31341196703539,30.94968408509403,30.81797654386489
30.815217391304348,31.248117259221953,30.815217391304348,19.290706969724756,25.280247092317797,25.073045589235363,30.807980263511705
30.815217391304348,31.25046680831584,30.815217391304348,26.787829793796607,25.280247092317797,29.811967694328583,30.81318887938256
30.815217391304348,31.25049657374733,30.815217391304348,21.05443370812367,19.936554421532154,30.928201068029296,30.8076877013693
30.815217391304348,31.25057913123889,30.815217391304348,23.91432370246034,25.280247092317797,30.949348570301716,30.80880415365396
