Baseline,SVM-RBF,Lin/Log-L1,RF,LogCont-L1,KernelBiome,KB_Aitchison
31.41304347826087,31.249906916755698,31.41304347826087,29.6784532185211,31.413043478260867,31.41304364943443,31.411119145488986
31.41304347826087,31.25117762597528,31.41304347826087,33.2931989255116,31.413043478260867,31.41304418004711,31.416467370013788
31.41304347826087,31.24977218208626,31.41304347826087,37.33793945284605,31.413043478260867,31.413043871980815,31.413590155889064
31.41304347826087,31.249936487527613,31.41304347826087,31.48577839664776,31.413043478260867,31.41304362129641,31.413030674988896
31.41304347826087,31.249811033715563,31.41304347826087,31.418055505784668,31.413043478260867,31.41304368656633,31.41284421402415
