Baseline,SVM-RBF,Lin/Log-L1,RF,LogCont-L1,KernelBiome,KB_Aitchison
31.25,31.251476282711284,31.25,30.918246495279337,31.25,31.250000892038404,31.253399871134313
31.25,31.24995507878124,31.25,29.06862356588274,31.25,31.249999190802615,31.252463557335062
31.25,31.250634902843064,31.25,35.561862560198996,31.25,31.250000515010154,31.252608233152515
31.25,31.251476704277312,31.25,29.2355556449993,31.25,31.25000029707075,31.249883516984283
31.25,31.250938647980398,31.25,33.79677266445029,31.25,31.249999899793977,31.250057383611438
