Baseline,SVM-RBF,Lin/Log-L1,RF,LogCont-L1,KernelBiome,KB_Aitchison
32.333333333333336,32.39983625120702,32.333333333333336,30.715630708152574,32.333333333333336,31.94415140721885,32.33142997758507
32.333333333333336,32.40117197920119,32.333333333333336,32.04536936768283,32.333333333333336,32.38889820741263,32.33177037386099
32.333333333333336,32.401550955965746,32.333333333333336,35.20199235534663,32.333333333333336,32.55879115899417,32.33925880656689
32.333333333333336,32.39955971681001,32.333333333333336,26.772276968559225,32.333333333333336,31.781536288056582,32.33025569488243
32.333333333333336,32.399963666626945,32.333333333333336,42.83347810526901,32.333333333333336,36.17788694281678,32.34073388253143
32.333333333333336,32.40143401200419,32.333333333333336,34.779541057958824,32.333333333333336,32.42926716314623,32.32973811510381
