Baseline,SVM-RBF,Lin/Log-L1,RF,LogCont-L1,KernelBiome,KB_Aitchison
32.5,32.60029007629583,32.5,32.40393823039886,32.5,32.495063728141275,32.49860428295694
32.5,32.599739181465864,32.5,33.01131327084131,32.5,32.490651263693415,32.499347640331635
32.5,32.599267830680276,32.5,31.190932539065727,32.5,32.50618565395681,32.49852799186224
32.5,32.59949765532501,32.5,28.48701510415006,32.5,32.501039134982825,32.49786521584194
32.5,32.600144828697466,32.5,30.568734542867034,32.5,32.50648811667997,32.5014692961369
