Baseline,SVM-RBF,Lin/Log-L1,RF,LogCont-L1,KernelBiome,KB_Aitchison
32.119565217391305,32.49961778557598,32.119565217391305,32.87454385333503,32.119565217391305,32.21626568443903,32.12130375270063
32.119565217391305,32.4993017875798,32.119565217391305,30.74826078879092,32.119565217391305,32.24098675687664,32.119543072583646
32.119565217391305,32.49886067269088,32.119565217391305,24.240599663698422,32.119565217391305,30.77526030669301,32.114789271782165
32.119565217391305,32.5003021850787,32.119565217391305,34.65637333977974,32.119565217391305,32.60396388656122,32.120564146091304
32.119565217391305,32.50062300535609,32.119565217391305,32.05783799275321,32.119565217391305,32.41222074202132,32.120132655277914
