Baseline,SVM-RBF,Lin/Log-L1,RF,LogCont-L1,KernelBiome,KB_Aitchison
31.630434782608695,32.499380507818444,31.630434782608695,31.13988572240549,31.630434782608695,31.630434622133887,31.629870224823755
31.630434782608695,32.499281697844744,31.630434782608695,29.830881759142837,31.630434782608695,31.630433229992793,31.630641923695798
31.630434782608695,32.50052651826658,31.630434782608695,30.46619194971816,31.630434782608695,31.630435325963067,31.631473588692007
31.630434782608695,32.49881382423824,31.630434782608695,30.40588713783134,31.630434782608695,31.63043426858958,31.62911151362238
31.630434782608695,32.500089536246904,31.630434782608695,29.176798919271395,31.630434782608695,31.630434814925948,31.627231880922665
