Baseline,SVM-RBF,Lin/Log-L1,RF,LogCont-L1,KernelBiome,KB_Aitchison
31.08695652173913,31.249448706652775,31.08695652173913,31.304816316131728,31.08695652173913,31.086956266201774,31.083787001516345
31.08695652173913,31.24928119519048,31.08695652173913,30.741968810938506,31.08695652173913,31.08695636098892,31.083924719326827
31.08695652173913,31.24962254912623,31.08695652173913,30.09394360976018,31.08695652173913,31.0869566324222,31.083785518069874
31.08695652173913,31.251395602496704,31.08695652173913,32.44745437086488,31.08695652173913,31.086957447678607,31.0870963601537
31.08695652173913,31.250638105962487,31.08695652173913,32.53588897716165,31.08695652173913,31.08695739112353,31.08335901033244
