Baseline,SVM-RBF,Lin/Log-L1,RF,LogCont-L1,KernelBiome,KB_Aitchison
30.16304347826087,29.316501274860116,29.695744784402695,25.553074252718826,30.163043478260867,30.16244406549489,30.160006144689593
30.16304347826087,26.60072164753328,23.036447884836743,25.72230757775602,30.163043478260867,30.1575189953832,30.161634658414208
30.16304347826087,27.907004345519294,28.24184195482531,25.924207066536784,30.163043478260867,30.159906659218777,30.1608260091183
30.16304347826087,29.919843979746485,31.059343090403843,26.80819586968012,30.163043478260867,30.163292072977338,30.161844977542227
30.16304347826087,29.197931779376027,29.44081118806335,25.392712127504723,30.163043478260867,30.16211184423774,30.160270421022336
