Baseline,SVM-RBF,Lin/Log-L1,RF,LogCont-L1,KernelBiome,KB_Aitchison
32.5,32.39935576830746,32.5,30.488161324521347,32.5,32.50019959183711,32.500485772039106
32.5,32.399605440026626,32.5,36.0829209295658,32.5,32.499673492480575,32.500339384319844
32.5,32.39914959355616,32.5,38.78935874172983,32.5,32.49990832113487,32.49941795567523
32.5,32.3999765964744,32.5,40.66799597225902,32.5,32.50745349543642,32.50717338410389
32.5,32.40031122685065,32.5,32.09020173655141,32.5,32.50334281405995,32.50308189195502
