Baseline,SVM-RBF,Lin/Log-L1,RF,LogCont-L1,KernelBiome,KB_Aitchison
31.847826086956523,31.249322316915887,31.847826086956523,29.63130593177689,31.84782608695652,31.847826008079142,31.845815727192974
31.847826086956523,31.249304812138945,31.847826086956523,31.43184667257904,31.84782608695652,31.847826350030815,31.84931309072288
31.847826086956523,31.249474838586487,31.847826086956523,29.507168140846087,31.84782608695652,31.84782556976375,31.84739086818129
31.847826086956523,31.25010545364859,31.847826086956523,32.17391908254768,31.84782608695652,31.84782609493338,31.847220900225807
31.847826086956523,31.249137111281975,31.847826086956523,26.974938029683322,31.84782608695652,31.847825352340717,31.846130983828612
