Baseline,SVM-RBF,Lin/Log-L1,RF,LogCont-L1,KernelBiome,KB_Aitchison
30.97826086956522,31.249640021950405,30.97826086956522,26.67104431336091,30.978260869565215,30.9784187653528,30.980978374082774
30.97826086956522,31.24925000987065,30.97826086956522,27.671214202453417,30.978260869565215,30.978243336961576,30.976249017107126
30.97826086956522,31.25015414075529,30.97826086956522,33.45906409675791,30.978260869565215,30.978327328706374,30.978500959378543
30.97826086956522,31.251291747013134,30.97826086956522,26.692579952760948,30.978260869565215,30.978157551022406,30.97784385417645
30.97826086956522,31.250826838360098,30.97826086956522,20.348154202418886,30.978260869565215,30.978341765718437,30.977202902203445
