Baseline,SVM-RBF,Lin/Log-L1,RF,LogCont-L1,KernelBiome,KB_Aitchison
32.17391304347826,32.3997632390877,32.17391304347826,27.214050422918763,32.17391304347826,15.986024983894545,19.197933953208572
32.17391304347826,32.399938965718405,32.17391304347826,32.99128327688205,32.17391304347826,33.90822668714803,37.90900326446247
32.17391304347826,32.39947657192337,32.17391304347826,36.16662177674244,32.17391304347826,41.244413528733396,37.018593635757966
32.17391304347826,32.39943780744014,32.17391304347826,39.81647114430468,32.17391304347826,61.724505807885215,60.66125064060103
32.17391304347826,32.400084552639285,32.17391304347826,32.20045740650385,32.17391304347826,21.089865357667254,20.25331121661654
