Baseline,SVM-RBF,Lin/Log-L1,RF,LogCont-L1,KernelBiome,KB_Aitchison
32.391304347826086,32.39870021241937,32.391304347826086,31.26936208692674,32.391304347826086,32.39130457382064,32.392329422951235
32.391304347826086,32.399700677498274,32.391304347826086,31.60814523288031,32.391304347826086,32.39130444367639,32.39136184715008
32.391304347826086,32.39912338704463,32.391304347826086,33.934453201856066,32.391304347826086,32.39130501946427,32.39437216164891
32.391304347826086,32.399833212113585,32.391304347826086,28.423092954946373,32.391304347826086,32.3913045706922,32.38610414007584
32.391304347826086,32.39979716546519,32.391304347826086,30.860937022407334,32.391304347826086,32.39130512891473,32.39380344681206
