Baseline,SVM-RBF,Lin/Log-L1,RF,LogCont-L1,KernelBiome,KB_Aitchison
31.358695652173914,31.251360477972113,31.358695652173914,29.282792091546302,31.35869565217391,31.358696423785965,31.360953702723563
31.358695652173914,31.250500924452588,31.358695652173914,29.827216510297536,31.35869565217391,31.358695939047102,31.35645992219999
31.358695652173914,31.249879946169525,31.358695652173914,32.277983457088105,31.35869565217391,31.358694862330506,31.361394189418235
31.358695652173914,31.25084183898359,31.358695652173914,33.21183728065485,31.35869565217391,31.358696034531434,31.36008032610908
31.358695652173914,31.250702423862144,31.358695652173914,31.006280309876164,31.35869565217391,31.358696212056998,31.359426939870332
