Baseline,SVM-RBF,Lin/Log-L1,RF,LogCont-L1,KernelBiome,KB_Aitchison
30.61111111111111,30.10120003831647,30.61111111111111,29.885322003345237,30.61111111111111,30.838513474868396,30.609655254070326
30.61111111111111,30.100574912285982,30.61111111111111,28.592600968512123,30.61111111111111,30.78149897418488,30.612267131351846
30.61111111111111,30.101131971802904,30.61111111111111,33.279462392709505,30.61111111111111,30.850546116802292,30.612021280165504
30.61111111111111,30.0992046528712,30.61111111111111,28.01842676911703,30.61111111111111,24.392584536266515,30.60911582202435
30.61111111111111,30.101162305743806,30.61111111111111,31.50823655655485,30.61111111111111,30.82949347416233,30.615140681219604
30.61111111111111,30.100711128421786,30.61111111111111,26.127075530259198,30.61111111111111,29.50412764098236,30.608403817152265
