Baseline,SVM-RBF,Lin/Log-L1,RF,LogCont-L1,KernelBiome,KB_Aitchison
30.706521739130434,31.250218490475945,30.706521739130434,26.836675122246056,30.706521739130434,30.706521803298706,30.703135309020432
30.706521739130434,31.249825464182813,30.706521739130434,27.316441132279287,30.706521739130434,30.70652102485254,30.70848023020674
30.706521739130434,31.24963670682172,30.706521739130434,25.606737801343794,30.706521739130434,30.7065215689839,30.704075443690332
30.706521739130434,31.248721875080864,30.706521739130434,29.186938177678318,30.706521739130434,30.70652114721242,30.703503886361062
30.706521739130434,31.25056565015605,30.706521739130434,36.14522729318642,30.706521739130434,30.70652201399933,30.705721026359818
