Baseline,SVM-RBF,Lin/Log-L1,RF,LogCont-L1,KernelBiome,KB_Aitchison
33.888888888888886,32.60012448929491,33.888888888888886,34.21282285474146,33.88888888888889,33.88888910887066,33.88909084714029
33.888888888888886,32.60028696041896,33.888888888888886,29.01956398360479,33.88888888888889,33.88888881863901,33.888200676531675
33.888888888888886,32.60141476198751,33.888888888888886,35.35228372908602,33.88888888888889,33.88888930072467,33.89062357126704
33.888888888888886,32.59999269761895,33.888888888888886,32.54637964029479,33.88888888888889,33.888889290678975,33.889529573306085
33.888888888888886,32.59965498378698,33.888888888888886,32.75885136193289,33.88888888888889,33.888888824574536,33.88986754494873
33.888888888888886,32.60143383010136,33.888888888888886,36.64946385478433,33.88888888888889,33.88888969976607,33.89183475655931
