estimator_key,kmat_fun,avg_test_score,most_freq_best_param
aitchison-rbf_c_1.8303172692519456e-06_g_7.161620929389565e-06,<function wrap.<locals>.calc at 0x7fffbc577158>,-1.2100283444506679,0.0068894320723251615
aitchison_c_1.8303172692519456e-06,<function wrap.<locals>.calc at 0x7fffbc54cae8>,-1.2180992444119174,283.94289685816244
hilbertian_a_1_b_-1,<function wrap.<locals>.calc at 0x7fffbc54c488>,-1.2655669950371067,0.014144572787362966
generalized-js_a_1_b_0.5,<function wrap.<locals>.calc at 0x7ffff123d0d0>,-1.304661331580241,0.007762306502515316
rbf_g_246.62153463959334,<function wrap.<locals>.calc at 0x7fffbc5d6b70>,-1.4116560534673643,0.1760287063058782
heat-diffusion_t_0.0826828122943249,<function wrap.<locals>.calc at 0x7fffbc577620>,-1.5307747817801718,1.6547571095535003e-22
linear,<function kmat_linear at 0x7fffbc6bda60>,-1.784692934720702,0.0042666454700773
