estimator_key,kmat_fun,avg_test_score,most_freq_best_param
aitchison-rbf_c_0.00013006466644431444_g_0.00047697934199675013,<function wrap.<locals>.calc at 0x7fffbc591378>,-0.5849390903811658,0.015295644109555537
aitchison_c_1.6916817457270772e-06,<function wrap.<locals>.calc at 0x7fffbc593ae8>,-0.6295630645599054,294.5152840479104
hilbertian_a_1_b_-1,<function wrap.<locals>.calc at 0x7fffbc593488>,-0.6591265831272141,0.006317594678059043
generalized-js_a_10_b_0.5,<function wrap.<locals>.calc at 0x7fffbc593048>,-0.6810174640384086,0.007687650423456834
rbf_g_239.32372873554866,<function wrap.<locals>.calc at 0x7fffbc5d6b70>,-0.8200083720143609,0.0815638660277284
linear,<function kmat_linear at 0x7fffbc6bda60>,-1.0574073599196476,0.0008707954012782769
heat-diffusion_t_0.0826828122943249,<function wrap.<locals>.calc at 0x7fffbc591620>,-1.1046898508209109,1.7414102551954751e-22
