estimator_key,kmat_fun,avg_test_score,most_freq_best_param
aitchison-rbf_c_0.00013006466644431444_g_0.0005065794103420611,<function wrap.<locals>.calc at 0x7fffbc577378>,-0.9942354603462643,0.033330302575892416
aitchison_c_1.4833341565133875e-05,<function wrap.<locals>.calc at 0x7fffbc54cb70>,-1.0670307329332984,306.91993643321564
hilbertian_a_1_b_-1,<function wrap.<locals>.calc at 0x7fffbc54c488>,-1.077290238242864,0.00642385781451706
generalized-js_a_1_b_0.5,<function wrap.<locals>.calc at 0x7ffff123d0d0>,-1.1022348856588007,0.007804279348464938
rbf_g_254.09815800801618,<function wrap.<locals>.calc at 0x7fffbc5d6b70>,-1.3168676917092548,0.08059932593775977
heat-diffusion_t_0.0826828122943249,<function wrap.<locals>.calc at 0x7fffbc577620>,-1.5209075839320711,1.772075128937044e-22
linear,<function kmat_linear at 0x7fffbc6bda60>,-1.790355844997957,0.004316744878380149
