estimator_key,kmat_fun,avg_test_score,most_freq_best_param
aitchison-rbf_c_0.00013006466644431444_g_0.0004804192784186887,<function wrap.<locals>.calc at 0x7fffbc577378>,-1.0067324409949878,0.003117349024590961
hilbertian_a_1_b_-1,<function wrap.<locals>.calc at 0x7fffbc54c488>,-1.0202575742432944,0.006312400738163823
aitchison_c_0.0011404589709599997,<function wrap.<locals>.calc at 0x7fffbc54cc80>,-1.0403097558685368,5.233775225788202
generalized-js_a_1_b_0.5,<function wrap.<locals>.calc at 0x7ffff123d0d0>,-1.0651307142673991,0.003449586598297986
rbf_g_233.11113499229398,<function wrap.<locals>.calc at 0x7fffbc5d7b70>,-1.4310576252509248,0.18105922228176202
heat-diffusion_t_0.0826828122943249,<function wrap.<locals>.calc at 0x7fffbc577620>,-1.5755064891579635,1.6149098215313904e-22
linear,<function kmat_linear at 0x7fffbc6bea60>,-1.769987049302955,0.009235090291328268
