estimator_key,kmat_fun,avg_test_score,most_freq_best_param
aitchison-rbf_c_0.00013006466644431444_g_0.00044669420117641106,<function wrap.<locals>.calc at 0x7fffbc579378>,-0.8452787875416039,0.006942119759353654
hilbertian_a_1_b_-1,<function wrap.<locals>.calc at 0x7fffbc549488>,-0.9143176026518042,0.006170591127588478
aitchison_c_1.4833341565133875e-05,<function wrap.<locals>.calc at 0x7fffbc549b70>,-0.9245712334108449,59.9024689772312
generalized-js_a_1_b_0.5,<function wrap.<locals>.calc at 0x7ffff123d0d0>,-0.9490981450877403,0.003365011266754349
rbf_g_235.12505441585185,<function wrap.<locals>.calc at 0x7fffbc5d7b70>,-1.202938792089095,0.0812542496373201
heat-diffusion_t_0.0826828122943249,<function wrap.<locals>.calc at 0x7fffbc579620>,-1.4768895308466365,7.097168668392893e-23
linear,<function kmat_linear at 0x7fffbc6bea60>,-1.5042921463662853,0.0003721177037533737
