estimator_key,kmat_fun,avg_test_score,most_freq_best_param
aitchison-rbf_c_2.2002802198792785e-08_g_2.154592336822034e-06,<function wrap.<locals>.calc at 0x7fffbc549f28>,-1.1494410043117034,0.0031287452911783484
aitchison_c_2.2002802198792785e-08,<function wrap.<locals>.calc at 0x7fffbc5499d8>,-1.1618215669111003,789.1961981485415
hilbertian_a_1_b_-1,<function wrap.<locals>.calc at 0x7fffbc549488>,-1.3672534534017882,0.006204248407606387
generalized-js_a_10_b_0.5,<function wrap.<locals>.calc at 0x7fffbc549048>,-1.3886807292985774,0.0034318971308598687
rbf_g_237.78410411955932,<function wrap.<locals>.calc at 0x7fffbc5d7b70>,-1.5153962276298731,0.08142902913806806
heat-diffusion_t_0.0826828122943249,<function wrap.<locals>.calc at 0x7fffbc579620>,-1.6074860680963863,1.527007227027709e-22
linear,<function kmat_linear at 0x7fffbc6bda60>,-1.6655365392799646,0.004062072886174
