estimator_key,kmat_fun,avg_test_score,most_freq_best_param
aitchison-rbf_c_0.00013006466644431444_g_0.0004611482072469396,<function wrap.<locals>.calc at 0x7fffbc577378>,-1.0880708676346529,0.015627298383621733
aitchison_c_1.4833341565133875e-05,<function wrap.<locals>.calc at 0x7fffbc54cb70>,-1.1751692494259458,135.09475754902812
generalized-js_a_1_b_0.5,<function wrap.<locals>.calc at 0x7ffff123d0d0>,-1.1967925901649894,0.007642054281619927
hilbertian_a_1_b_-1,<function wrap.<locals>.calc at 0x7fffbc54c488>,-1.2048366769106487,0.0028756967279414468
heat-diffusion_t_0.0826828122943249,<function wrap.<locals>.calc at 0x7fffbc577620>,-1.5232352771471638,8.008324419289054e-23
rbf_g_238.4270300037305,<function wrap.<locals>.calc at 0x7fffbc5d6b70>,-1.7715884117493261,0.1826580715084751
linear,<function kmat_linear at 0x7fffbc6bda60>,-1.9096756946816025,0.009230851243172555
