estimator_key,kmat_fun,avg_test_score,most_freq_best_param
aitchison-rbf_c_0.00013006466644431444_g_0.00046506927783688287,<function wrap.<locals>.calc at 0x7fffbc577378>,-1.0343635583686124,0.015477545157116508
aitchison_c_0.00013006466644431444,<function wrap.<locals>.calc at 0x7fffbc54cbf8>,-1.1324753136355403,39.774847397805665
hilbertian_a_1_b_-1,<function wrap.<locals>.calc at 0x7fffbc54c488>,-1.1658581379175272,0.013867517768125477
generalized-js_a_1_b_0.5,<function wrap.<locals>.calc at 0x7ffff123d0d0>,-1.1723259981269205,0.007540604698892729
rbf_g_236.37830326747198,<function wrap.<locals>.calc at 0x7fffbc5d7b70>,-1.5285850992850154,0.1826113466016208
heat-diffusion_t_0.0826828122943249,<function wrap.<locals>.calc at 0x7fffbc577620>,-1.6216101085211978,1.5839837835785205e-22
linear,<function kmat_linear at 0x7fffbc6bea60>,-1.892095607247829,0.009108443587914256
