estimator_key,kmat_fun,avg_test_score,most_freq_best_param
aitchison-rbf_c_0.00013006466644431444_g_0.00048477124738411704,<function wrap.<locals>.calc at 0x7fffbc578378>,-0.9997507731590286,0.03369165477468332
aitchison_c_1.6916817457270772e-06,<function wrap.<locals>.calc at 0x7fffbc54aae8>,-1.0310828823784037,295.02184618450207
generalized-js_a_1_b_0.5,<function wrap.<locals>.calc at 0x7ffff123d0d0>,-1.088504284341361,0.0034741866897896965
hilbertian_a_1_b_-1,<function wrap.<locals>.calc at 0x7fffbc54a488>,-1.1082825766928155,0.006349831369177772
rbf_g_254.3687978847726,<function wrap.<locals>.calc at 0x7fffbc5d7b70>,-1.41289894037708,0.08062021091147359
linear,<function kmat_linear at 0x7fffbc6bda60>,-1.5357287067012373,0.00038838891665149796
heat-diffusion_t_0.0826828122943249,<function wrap.<locals>.calc at 0x7fffbc578620>,-1.5601183844805582,6.821235235250426e-23
