estimator_key,kmat_fun,avg_test_score,most_freq_best_param
aitchison-rbf_c_1.6916817457270772e-06_g_6.638736000225095e-06,<function wrap.<locals>.calc at 0x7fffbc578158>,-1.1637609038265517,0.0031693530690972685
aitchison_c_1.6916817457270772e-06,<function wrap.<locals>.calc at 0x7fffbc54aae8>,-1.1910224624628498,293.50210868076243
generalized-js_a_1_b_0.5,<function wrap.<locals>.calc at 0x7ffff123d0d0>,-1.2942481692009609,0.007645601678679144
hilbertian_a_1_b_-1,<function wrap.<locals>.calc at 0x7fffbc54a488>,-1.3519798656465516,0.006349593816470751
rbf_g_235.2971470044774,<function wrap.<locals>.calc at 0x7fffbc5d7b70>,-1.648014757526843,0.18146515734903215
linear,<function kmat_linear at 0x7fffbc6bea60>,-1.7308349118373347,0.004216464727396853
heat-diffusion_t_0.0826828122943249,<function wrap.<locals>.calc at 0x7fffbc578620>,-1.7378881928039338,7.004448457243824e-23
