estimator_key,kmat_fun,avg_test_score,most_freq_best_param
aitchison-rbf_c_0.00013006466644431444_g_0.00045624508291775413,<function wrap.<locals>.calc at 0x7fffbc579378>,-1.0786081611079452,0.00707047499373654
aitchison_c_0.00013006466644431444,<function wrap.<locals>.calc at 0x7fffbc549bf8>,-1.1579939708414633,39.694633938667934
generalized-js_a_1_b_0.5,<function wrap.<locals>.calc at 0x7ffff123d0d0>,-1.1831963722226986,0.003444021705793005
hilbertian_a_1_b_-1,<function wrap.<locals>.calc at 0x7fffbc549488>,-1.2160349233267362,0.0028641733012594126
heat-diffusion_t_0.0826828122943249,<function wrap.<locals>.calc at 0x7fffbc579620>,-1.736594224995709,1.6962415799382894e-22
rbf_g_235.2074367955292,<function wrap.<locals>.calc at 0x7fffbc5d7b70>,-1.737124337671044,0.18114963167025147
linear,<function kmat_linear at 0x7fffbc6bda60>,-2.1377318277255544,0.009313541686722378
