estimator_key,kmat_fun,avg_test_score,most_freq_best_param
aitchison-rbf_c_0.00013006466644431444_g_0.0004804192784186887,<function wrap.<locals>.calc at 0x7fffbc578378>,-1.0570674844780379,0.0014123535984253972
aitchison_c_1.4833341565133875e-05,<function wrap.<locals>.calc at 0x7fffbc54ab70>,-1.0763366732236754,60.87859819092141
generalized-js_a_1_b_0.5,<function wrap.<locals>.calc at 0x7ffff123d0d0>,-1.136046863041154,0.0015519887556558185
hilbertian_a_1_b_-1,<function wrap.<locals>.calc at 0x7fffbc54a488>,-1.2068877737830301,0.0028413757553492802
rbf_g_251.15915927997764,<function wrap.<locals>.calc at 0x7fffbc5d7b70>,-1.6294179573046397,0.03638818573082372
heat-diffusion_t_0.0826828122943249,<function wrap.<locals>.calc at 0x7fffbc578620>,-1.6575934400177332,3.6808495263932714e-22
linear,<function kmat_linear at 0x7fffbc6bea60>,-1.9787078095148705,0.004180253817625882
