estimator_key,kmat_fun,avg_test_score,most_freq_best_param
aitchison-rbf_c_0.00013006466644431444_g_0.0004736837783775151,<function wrap.<locals>.calc at 0x7fffbc577378>,-1.0247980584539023,0.015446272395686073
aitchison_c_1.4833341565133875e-05,<function wrap.<locals>.calc at 0x7fffbc54cb70>,-1.0561152625243673,135.296721160728
generalized-js_a_1_b_0.5,<function wrap.<locals>.calc at 0x7ffff123d0d0>,-1.1382884744431125,0.007635672949024185
hilbertian_a_1_b_-1,<function wrap.<locals>.calc at 0x7fffbc54c488>,-1.1430056122884276,0.013988897815527741
heat-diffusion_t_0.0826828122943249,<function wrap.<locals>.calc at 0x7fffbc577620>,-1.532718006689087,7.410639126661098e-23
rbf_g_238.63366137053328,<function wrap.<locals>.calc at 0x7fffbc5d7b70>,-1.5354611200598698,0.4019740196178088
linear,<function kmat_linear at 0x7fffbc6bea60>,-1.8250865294352263,0.009214818101325609
