estimator_key,kmat_fun,avg_test_score,most_freq_best_param
aitchison-rbf_c_0.00013006466644431444_g_0.0004581919940793003,<function wrap.<locals>.calc at 0x7fffbc577378>,-1.0112632618852042,0.033841900337552216
aitchison_c_1.6916817457270772e-06,<function wrap.<locals>.calc at 0x7fffbc54cae8>,-1.0409756075393748,631.3897022249766
hilbertian_a_1_b_-1,<function wrap.<locals>.calc at 0x7fffbc54c488>,-1.1523370969804385,0.013673898731845009
generalized-js_a_10_b_0.5,<function wrap.<locals>.calc at 0x7fffbc54c048>,-1.1846814140118291,0.016707847519420126
rbf_g_233.14945216247085,<function wrap.<locals>.calc at 0x7fffbc5d6b70>,-1.4390779736511559,0.18090470447345655
heat-diffusion_t_0.0826828122943249,<function wrap.<locals>.calc at 0x7fffbc577620>,-1.5096547536824376,7.480529554628663e-23
linear,<function kmat_linear at 0x7fffbc6bda60>,-1.7906407695283229,0.008935348451796265
