estimator_key,kmat_fun,avg_test_score,most_freq_best_param
aitchison-rbf_c_6.05766900896536e-09_g_8.227728086442568e-05,<function wrap.<locals>.calc at 0x7fffb2554ea0>,-7348807.871442367,0.0184674370543115
aitchison_c_3.6267477252102985e-08,<function wrap.<locals>.calc at 0x7fffb25549d8>,-8023075.270303269,1396.346049016972
generalized-js_a_inf_b_inf,<function wrap.<locals>.calc at 0x7fffb2554400>,-8785728.672422357,0.007061797618204567
rbf_g_738.606588645187,<function wrap.<locals>.calc at 0x7fffb25c6d90>,-8802647.383190442,0.0003787124207968715
heat-diffusion_t_0.07828394411856522,<function wrap.<locals>.calc at 0x7fffb2558950>,-8908262.250920113,0.013531625907355984
hilbertian_a_1_b_-1,<function wrap.<locals>.calc at 0x7fffb2554510>,-9027338.979008052,0.17178390293064888
linear,<function kmat_linear at 0x7fffbc6bc950>,-9118129.565109972,0.10585506336265582
