estimator_key,kmat_fun,avg_test_score,most_freq_best_param
aitchison-rbf_c_6.05766900896536e-09_g_8.202993323532465e-05,<function wrap.<locals>.calc at 0x7fffb2554ea0>,-7628978.785869399,0.01845094573347142
aitchison_c_1.2999928460817759e-06,<function wrap.<locals>.calc at 0x7fffb2554ae8>,-7846214.295675999,1550.98414520403
generalized-js_a_inf_b_inf,<function wrap.<locals>.calc at 0x7fffb2554400>,-8273122.285643327,0.003213657064407016
hilbertian_a_1_b_-1,<function wrap.<locals>.calc at 0x7fffb2554510>,-8300269.191278046,0.3755841656141689
heat-diffusion_t_0.11044317684677367,<function wrap.<locals>.calc at 0x7fffb25586a8>,-8358729.385815549,1.0828267417439257e-22
rbf_g_759.6539605004949,<function wrap.<locals>.calc at 0x7fffb25c6d90>,-8448545.081624698,0.0001715776066378459
linear,<function kmat_linear at 0x7fffbc6bc950>,-8923822.094410531,0.10306886105337659
