estimator_key,kmat_fun,avg_test_score,most_freq_best_param
aitchison-rbf_c_6.05766900896536e-09_g_8.261560355418136e-05,<function wrap.<locals>.calc at 0x7fffb2554ea0>,-6872740.324493671,0.008399971513272904
aitchison_c_6.05766900896536e-09,<function wrap.<locals>.calc at 0x7fffb2554950>,-7289709.245255165,1854.6241067543572
generalized-js_a_inf_b_inf,<function wrap.<locals>.calc at 0x7fffb2554400>,-7912366.580901141,0.0032196573392866425
rbf_g_740.0077850445545,<function wrap.<locals>.calc at 0x7fffb25c6d90>,-8156652.210692617,0.0003775256377296667
heat-diffusion_t_0.07828394411856522,<function wrap.<locals>.calc at 0x7fffb2558950>,-8192214.544007206,0.03211433728471564
hilbertian_a_1_b_-inf,<function wrap.<locals>.calc at 0x7fffb2554620>,-8520531.20158598,0.5353791979425112
linear,<function kmat_linear at 0x7fffbc6bc950>,-8753904.160374887,0.2273210423745484
