estimator_key,kmat_fun,avg_test_score,most_freq_best_param
aitchison-rbf_c_6.05766900896536e-09_g_8.19932363587156e-05,<function wrap.<locals>.calc at 0x7fffb2554ea0>,-7377550.385702267,0.01851209704209568
generalized-js_a_inf_b_inf,<function wrap.<locals>.calc at 0x7fffb2554400>,-7581219.3942629695,0.0032208492702920934
hilbertian_a_1_b_-inf,<function wrap.<locals>.calc at 0x7fffb2554620>,-7615106.185229281,0.11123467541141076
aitchison_c_0.00027898212948951497,<function wrap.<locals>.calc at 0x7fffb2554c80>,-7870210.271780441,122.1621835490128
rbf_g_0.007485995340778629,<function wrap.<locals>.calc at 0x7fffb25c6d08>,-8064653.462079714,0.004468461371288865
linear,<function kmat_linear at 0x7fffbc6bd950>,-8083429.977960028,0.10524490988257823
heat-diffusion_t_0.07828394411856522,<function wrap.<locals>.calc at 0x7fffb2558950>,-8245467.661508821,0.03261315997935243
