estimator_key,kmat_fun,avg_test_score,most_freq_best_param
aitchison-rbf_c_6.05766900896536e-09_g_8.1330167598919e-05,<function wrap.<locals>.calc at 0x7fffb2554ea0>,-6877797.255347815,0.01834203531734915
aitchison_c_6.05766900896536e-09,<function wrap.<locals>.calc at 0x7fffb2554950>,-7583887.32916767,1834.0133540348381
generalized-js_a_inf_b_inf,<function wrap.<locals>.calc at 0x7fffb2554400>,-7894423.550143778,0.0070438868584812185
heat-diffusion_t_0.11044317684677367,<function wrap.<locals>.calc at 0x7fffb25586a8>,-8061669.324182695,4.711389552079276e-23
rbf_g_0.007933611418351815,<function wrap.<locals>.calc at 0x7fffb25c6d08>,-8097498.49339736,0.004468289422220551
hilbertian_a_inf_b_-1,<function wrap.<locals>.calc at 0x7fffb2554840>,-8136503.13350678,0.5214157075315711
linear,<function kmat_linear at 0x7fffbc6bc950>,-8346225.673852079,0.10243353054023152
