estimator_key,kmat_fun,avg_test_score,most_freq_best_param
aitchison-rbf_c_0.00027898212948951497_g_0.0022572153671949623,<function wrap.<locals>.calc at 0x7fffb2558400>,-5919728.233940235,0.04033198438329854
aitchison_c_2.1713466092074642e-07,<function wrap.<locals>.calc at 0x7fffb2554a60>,-6213935.391056983,4955.195142117506
generalized-js_a_1_b_0.5,<function wrap.<locals>.calc at 0x7fffb25c6f28>,-6332138.606644141,0.050508087930059856
hilbertian_a_1_b_-1,<function wrap.<locals>.calc at 0x7fffb2554510>,-6350644.0232793465,0.07815717800879157
heat-diffusion_t_0.11044317684677367,<function wrap.<locals>.calc at 0x7fffb25586a8>,-6759488.2400492355,5.043780108430452e-23
rbf_g_0.0007571076531442837,<function wrap.<locals>.calc at 0x7fffe961c950>,-6777062.883123485,13698.04840087891
linear,<function kmat_linear at 0x7fffbc6bc950>,-6978115.390285951,0.047150249714812
