estimator_key,kmat_fun,avg_test_score,most_freq_best_param
aitchison-rbf_c_6.05766900896536e-09_g_8.147649411101586e-05,<function wrap.<locals>.calc at 0x7fffb2554ea0>,-7457632.205504745,0.008407209178728513
generalized-js_a_inf_b_inf,<function wrap.<locals>.calc at 0x7fffb2554400>,-8161300.822978968,0.0032159925813175514
aitchison_c_6.05766900896536e-09,<function wrap.<locals>.calc at 0x7fffb2554950>,-8183225.146246177,1844.446012177055
hilbertian_a_1_b_-1,<function wrap.<locals>.calc at 0x7fffb2554510>,-8268082.265543325,0.17131861846200444
rbf_g_788.2022529975917,<function wrap.<locals>.calc at 0x7fffb25c6d90>,-8509220.323883202,0.000373845762342744
heat-diffusion_t_0.07828394411856522,<function wrap.<locals>.calc at 0x7fffb2558950>,-8570083.78370234,0.031080205748222105
linear,<function kmat_linear at 0x7fffbc6bc950>,-8862765.148425125,0.1023131452122144
