estimator_key,kmat_fun,avg_test_score,most_freq_best_param
generalized-js_a_10_b_0.5,<function wrap.<locals>.calc at 0x7fffb25540d0>,-5546860.456180978,0.007683292756224337
aitchison-rbf_c_0.00027898212948951497_g_0.0022429896818230697,<function wrap.<locals>.calc at 0x7fffb2558400>,-5618002.94023698,0.018154124058183164
hilbertian_a_10_b_-10,<function wrap.<locals>.calc at 0x7fffb2554730>,-5622548.405321283,0.33726089338833665
aitchison_c_0.00027898212948951497,<function wrap.<locals>.calc at 0x7fffb2554c80>,-5905694.4341679765,122.57810938457989
heat-diffusion_t_0.11044317684677367,<function wrap.<locals>.calc at 0x7fffb25586a8>,-6311866.549801036,2.416053240886662e-23
rbf_g_0.0007824035386550732,<function wrap.<locals>.calc at 0x7fffe961b950>,-6500571.744278188,13598.036193847664
linear,<function kmat_linear at 0x7fffbc6bc950>,-6665127.012055965,0.021163060629127473
