estimator_key,kmat_fun,avg_test_score,most_freq_best_param
aitchison-rbf_c_6.05766900896536e-09_g_8.105816366529817e-05,<function wrap.<locals>.calc at 0x7fffb2553ea0>,-7209953.286056179,0.04027077682248486
aitchison_c_2.1713466092074642e-07,<function wrap.<locals>.calc at 0x7fffb2553a60>,-7757022.96528054,2245.838750888881
rbf_g_739.4904735133191,<function wrap.<locals>.calc at 0x7fffb25c6d90>,-8611657.221977782,0.0003785826459820387
heat-diffusion_t_0.07828394411856522,<function wrap.<locals>.calc at 0x7fffb2557950>,-8615058.168415975,0.006593968565885299
generalized-js_a_inf_b_inf,<function wrap.<locals>.calc at 0x7fffb2553400>,-8654745.715021303,0.007013740625414224
linear,<function kmat_linear at 0x7fffbc6bd950>,-8989477.656886667,0.10053222150118162
hilbertian_a_1_b_-1,<function wrap.<locals>.calc at 0x7fffb2553510>,-9081002.530826021,0.3700838088645101
