estimator_key,kmat_fun,avg_test_score,most_freq_best_param
aitchison-rbf_c_6.239860227130907e-09_g_8.287224183738767e-05,<function wrap.<locals>.calc at 0x7fffb2552ea0>,-7751209.274224821,0.018406267306385917
aitchison_c_4.711840416736156e-05,<function wrap.<locals>.calc at 0x7fffb2552bf8>,-8437834.10516217,1232.2329309023569
generalized-js_a_1_b_0.5,<function wrap.<locals>.calc at 0x7fffb25c6f28>,-8566812.102578785,0.2439908718947147
heat-diffusion_t_0.07828394411856522,<function wrap.<locals>.calc at 0x7fffb2556950>,-8668410.764195587,0.013625540129355341
rbf_g_735.5434279381024,<function wrap.<locals>.calc at 0x7fffb25c6d90>,-8706076.87959214,0.0003779903245864589
hilbertian_a_1_b_-1,<function wrap.<locals>.calc at 0x7fffb2552510>,-8772265.003469374,0.3771407723491516
linear,<function kmat_linear at 0x7fffbc6bc950>,-8893627.106676254,0.10468235291131255
