estimator_key,kmat_fun,avg_test_score,most_freq_best_param
aitchison-rbf_c_0.00027898212948951497_g_0.002245560635311098,<function wrap.<locals>.calc at 0x7fffb2557400>,-6276431.579872221,0.04037272101397371
generalized-js_a_inf_b_inf,<function wrap.<locals>.calc at 0x7fffb2553400>,-6613655.57380196,0.0032170591639442124
heat-diffusion_t_0.07828394411856522,<function wrap.<locals>.calc at 0x7fffb2557950>,-6621477.631743126,0.03158406856177853
rbf_g_756.6232317818254,<function wrap.<locals>.calc at 0x7fffb25c6d90>,-6673386.305503181,0.00037685486698518995
aitchison_c_0.00027898212948951497,<function wrap.<locals>.calc at 0x7fffb2553c80>,-6673852.985157179,268.7900128510153
hilbertian_a_1_b_-1,<function wrap.<locals>.calc at 0x7fffb2553510>,-6831836.542275012,0.1714658332427181
linear,<function kmat_linear at 0x7fffbc6bd950>,-6911568.546564361,0.04744844874870713
