estimator_key,kmat_fun,avg_test_score,most_freq_best_param
aitchison-rbf_c_7.783102857450465e-06_g_0.00046463140867485895,<function wrap.<locals>.calc at 0x7fffb2557268>,-8057410.237898426,0.04022888685925878
aitchison_c_4.65977103429714e-05,<function wrap.<locals>.calc at 0x7fffb2553bf8>,-8233058.78132852,570.1342755814513
generalized-js_a_1_b_0.5,<function wrap.<locals>.calc at 0x7fffb25c6f28>,-8844086.89289912,0.11107443611666709
rbf_g_752.2170546667389,<function wrap.<locals>.calc at 0x7fffb25c6d90>,-8975928.655519117,0.00017191777241322353
heat-diffusion_t_0.07828394411856522,<function wrap.<locals>.calc at 0x7fffb2557950>,-8982639.861599673,0.006494254092747256
hilbertian_a_1_b_-1,<function wrap.<locals>.calc at 0x7fffb2553510>,-9097236.547547843,0.17177230562477272
linear,<function kmat_linear at 0x7fffbc6bc950>,-9196715.562271195,0.10540685717568048
