estimator_key,kmat_fun,avg_test_score,most_freq_best_param
aitchison_c_1.417455338817187e-11,<function wrap.<locals>.calc at 0x7fffbc385510>,1.0,0.003979243242305798
aitchison-rbf_c_1.417455338817187e-11_g_5.479776947391787e-06,<function wrap.<locals>.calc at 0x7fffbc3859d8>,1.0,128.00425907239486
rbf_g_0.14853602114820444,<function wrap.<locals>.calc at 0x7fffbc638bf8>,0.9928571428571429,116.36502565119471
generalized-js_a_1_b_0.5,<function wrap.<locals>.calc at 0x7fffbc638840>,0.9851648351648352,13.461188299306729
hilbertian_a_1_b_-10,<function wrap.<locals>.calc at 0x7fffbc385158>,0.9851648351648352,87.44571156243155
linear,<function kmat_linear at 0x7fffbc6bc950>,0.9703296703296704,128.24219876059573
heat-diffusion_t_0.08447217207908736,<function wrap.<locals>.calc at 0x7fffbc38a268>,0.9335164835164835,2.943712759646831e+23
