estimator_key,kmat_fun,avg_test_score,most_freq_best_param
aitchison_c_1.417455338817187e-11,<function wrap.<locals>.calc at 0x7fffbc385510>,1.0,0.003976165280433842
aitchison-rbf_c_1.417455338817187e-11_g_5.394851499336708e-06,<function wrap.<locals>.calc at 0x7fffbc3859d8>,1.0,128.0258452019139
rbf_g_0.14608953321851617,<function wrap.<locals>.calc at 0x7fffbc639bf8>,0.9923076923076923,116.3495990845797
generalized-js_a_1_b_0.5,<function wrap.<locals>.calc at 0x7fffbc639840>,0.9851648351648352,13.46425294354446
hilbertian_a_1_b_-1,<function wrap.<locals>.calc at 0x7fffbc3850d0>,0.9851648351648352,221.33796431795162
linear,<function kmat_linear at 0x7fffbc6bd950>,0.9851648351648352,126.39836974193813
heat-diffusion_t_0.08447217207908736,<function wrap.<locals>.calc at 0x7fffbc38d268>,0.932967032967033,3.048885061309369e+23
