estimator_key,kmat_fun,avg_test_score,most_freq_best_param
aitchison_c_1.417455338817187e-11,<function wrap.<locals>.calc at 0x7fffbc356950>,1.0,0.003963877386066582
aitchison-rbf_c_1.417455338817187e-11_g_5.455139785826098e-06,<function wrap.<locals>.calc at 0x7fffbc356e18>,1.0,128.0398937784356
rbf_g_0.14848880927262043,<function wrap.<locals>.calc at 0x7fffbc5b3b70>,0.9923076923076923,116.37191573242552
generalized-js_a_1_b_0.5,<function wrap.<locals>.calc at 0x7fffbc5b3f28>,0.9851648351648352,29.522165060705685
hilbertian_a_1_b_-10,<function wrap.<locals>.calc at 0x7fffbc356598>,0.9851648351648352,87.47708898433727
linear,<function kmat_linear at 0x7fffbc6bc950>,0.9851648351648352,125.05705166877995
heat-diffusion_t_0.08447217207908736,<function wrap.<locals>.calc at 0x7fffbc3596a8>,0.926923076923077,2.912285572845686e+23
