estimator_key,kmat_fun,avg_test_score,most_freq_best_param
aitchison_c_1.417455338817187e-11,<function wrap.<locals>.calc at 0x7fffbc357950>,1.0,0.003983335119958525
aitchison-rbf_c_1.417455338817187e-11_g_5.463800931535373e-06,<function wrap.<locals>.calc at 0x7fffbc357e18>,1.0,128.0064640329122
rbf_g_0.14254543168249575,<function wrap.<locals>.calc at 0x7fffbc5bab70>,0.9928571428571429,116.35341544912862
generalized-js_a_1_b_0.5,<function wrap.<locals>.calc at 0x7fffbc5baf28>,0.9857142857142858,29.595344254995897
hilbertian_a_1_b_-1,<function wrap.<locals>.calc at 0x7fffbc357510>,0.9857142857142858,221.74031327269228
linear,<function kmat_linear at 0x7fffbc6bc950>,0.9857142857142858,128.23213348849347
heat-diffusion_t_0.08447217207908736,<function wrap.<locals>.calc at 0x7fffbc35a6a8>,0.932967032967033,3.323252509934225e+23
