estimator_key,kmat_fun,avg_test_score,most_freq_best_param
aitchison_c_1.417455338817187e-11,<function wrap.<locals>.calc at 0x7fffbc385510>,1.0,0.003963220558352451
aitchison-rbf_c_1.417455338817187e-11_g_5.455103750319901e-06,<function wrap.<locals>.calc at 0x7fffbc3859d8>,1.0,127.97932577325848
generalized-js_a_1_b_0.5,<function wrap.<locals>.calc at 0x7fffbc639840>,0.9928571428571429,313.08909218990937
linear,<function kmat_linear at 0x7fffbc6bd950>,0.9928571428571429,57.79920687104161
rbf_g_0.14323261703717965,<function wrap.<locals>.calc at 0x7fffbc639bf8>,0.9928571428571429,116.34127575723637
hilbertian_a_1_b_-1,<function wrap.<locals>.calc at 0x7fffbc3850d0>,0.9857142857142858,221.3454714677129
heat-diffusion_t_0.08447217207908736,<function wrap.<locals>.calc at 0x7fffbc38d268>,0.9489010989010989,3.109739585061096e+23
