estimator_key,kmat_fun,avg_test_score,most_freq_best_param
aitchison_c_1.417455338817187e-11,<function wrap.<locals>.calc at 0x7fffbc387510>,1.0,0.003985692638074326
aitchison-rbf_c_1.417455338817187e-11_g_5.436528844289532e-06,<function wrap.<locals>.calc at 0x7fffbc3879d8>,1.0,127.99803891802365
generalized-js_a_1_b_0.5,<function wrap.<locals>.calc at 0x7fffbc639840>,0.9857142857142858,29.652137029895155
hilbertian_a_1_b_-1,<function wrap.<locals>.calc at 0x7fffbc3870d0>,0.9857142857142858,222.22440256030683
linear,<function kmat_linear at 0x7fffbc6bd950>,0.9857142857142858,58.463363373926676
rbf_g_1.4016240818590724,<function wrap.<locals>.calc at 0x7fffbc639ae8>,0.9857142857142858,12.099519364311314
heat-diffusion_t_0.08447217207908736,<function wrap.<locals>.calc at 0x7fffbc38b268>,0.9258241758241759,3.1994546435494265e+23
