estimator_key,kmat_fun,avg_test_score,most_freq_best_param
aitchison_c_1.475550424574879e-11,<function wrap.<locals>.calc at 0x7fffbc388510>,1.0,0.003998167563092337
generalized-js_a_1_b_0.5,<function wrap.<locals>.calc at 0x7fffbc639840>,1.0,314.09120084077637
hilbertian_a_1_b_-1,<function wrap.<locals>.calc at 0x7fffbc3880d0>,1.0,222.19889063077238
aitchison-rbf_c_1.475550424574879e-11_g_5.462053450460242e-06,<function wrap.<locals>.calc at 0x7fffbc3889d8>,1.0,128.0309973304276
linear,<function kmat_linear at 0x7fffbc6bc950>,0.9928571428571429,1364.1744260955934
rbf_g_0.1402139788035331,<function wrap.<locals>.calc at 0x7fffbc639bf8>,0.9928571428571429,116.34320357852206
heat-diffusion_t_0.08447217207908736,<function wrap.<locals>.calc at 0x7fffbc38d268>,0.9346153846153846,3.192299328132717e+23
