estimator_key,kmat_fun,avg_test_score,most_freq_best_param
aitchison_c_1.417455338817187e-11,<function wrap.<locals>.calc at 0x7fffbc384510>,1.0,0.003963957545075129
aitchison-rbf_c_1.417455338817187e-11_g_5.4691990625023704e-06,<function wrap.<locals>.calc at 0x7fffbc3849d8>,1.0,127.96592582592848
generalized-js_a_1_b_0.5,<function wrap.<locals>.calc at 0x7fffbc638840>,0.9851648351648352,13.469099771918305
hilbertian_a_1_b_-1,<function wrap.<locals>.calc at 0x7fffbc3840d0>,0.9851648351648352,221.59113005742606
rbf_g_1.4390704704002362,<function wrap.<locals>.calc at 0x7fffbc638ae8>,0.9851648351648352,26.570798980925364
linear,<function kmat_linear at 0x7fffbc6bc950>,0.9851648351648352,58.279380671477846
heat-diffusion_t_0.08447217207908736,<function wrap.<locals>.calc at 0x7fffbc38f268>,0.9417582417582417,3.121103897574499e+23
