estimator_key,kmat_fun,avg_test_score,most_freq_best_param
aitchison_c_1.417455338817187e-11,<function wrap.<locals>.calc at 0x7fffbc385510>,1.0,0.003973981667695074
aitchison-rbf_c_1.417455338817187e-11_g_5.457057328732069e-06,<function wrap.<locals>.calc at 0x7fffbc3859d8>,1.0,128.0700623420067
generalized-js_a_1_b_0.5,<function wrap.<locals>.calc at 0x7fffbc639840>,0.9923076923076923,29.596237589343698
hilbertian_a_1_b_-1,<function wrap.<locals>.calc at 0x7fffbc3850d0>,0.9851648351648352,221.82242311152228
rbf_g_0.14144537446721286,<function wrap.<locals>.calc at 0x7fffbc639bf8>,0.9851648351648352,116.35663362355234
linear,<function kmat_linear at 0x7fffbc6bc950>,0.9697802197802197,26.479992504920016
heat-diffusion_t_0.08447217207908736,<function wrap.<locals>.calc at 0x7fffbc38f268>,0.9263736263736264,3.04971824489622e+23
