estimator_key,kmat_fun,avg_test_score,most_freq_best_param
aitchison_c_1.417455338817187e-11,<function wrap.<locals>.calc at 0x7fffbc387510>,1.0,0.003975029817729967
aitchison-rbf_c_1.417455338817187e-11_g_5.453481483406612e-06,<function wrap.<locals>.calc at 0x7fffbc3879d8>,1.0,128.07367933594918
generalized-js_a_1_b_0.5,<function wrap.<locals>.calc at 0x7fffbc5fa840>,0.9928571428571429,29.683033486685513
hilbertian_a_1_b_-10,<function wrap.<locals>.calc at 0x7fffbc387158>,0.9851648351648352,87.90068267225314
rbf_g_14.076493012395327,<function wrap.<locals>.calc at 0x7fffbc5fac80>,0.9851648351648352,5.239373801867936
linear,<function kmat_linear at 0x7fffbc6bf950>,0.9774725274725276,128.19910354447418
heat-diffusion_t_0.08447217207908736,<function wrap.<locals>.calc at 0x7fffbc38e268>,0.9412087912087912,3.211592448184869e+23
