estimator_key,kmat_fun,avg_test_score,most_freq_best_param
aitchison_c_1.417455338817187e-11,<function wrap.<locals>.calc at 0x7fffbc385510>,1.0,0.003980043303983734
aitchison-rbf_c_1.417455338817187e-11_g_5.4159720400443436e-06,<function wrap.<locals>.calc at 0x7fffbc3859d8>,1.0,128.02921818917793
generalized-js_a_1_b_1,<function wrap.<locals>.calc at 0x7fffbc639d08>,0.9923076923076923,512.3415747047145
linear,<function kmat_linear at 0x7fffbc6bc950>,0.9923076923076923,58.29112052420062
rbf_g_0.14074628673404468,<function wrap.<locals>.calc at 0x7fffbc639bf8>,0.9923076923076923,116.32745049747477
hilbertian_a_1_b_-10,<function wrap.<locals>.calc at 0x7fffbc385158>,0.9851648351648352,87.89151561244566
heat-diffusion_t_0.08447217207908736,<function wrap.<locals>.calc at 0x7fffbc38d268>,0.9412087912087912,3.255421909652634e+23
