estimator_key,kmat_fun,avg_test_score,most_freq_best_param
aitchison_c_1.417455338817187e-11,<function wrap.<locals>.calc at 0x7fffbc388510>,1.0,0.003950585887514821
generalized-js_a_1_b_0.5,<function wrap.<locals>.calc at 0x7fffbc639840>,1.0,29.592593944251032
aitchison-rbf_c_1.417455338817187e-11_g_5.4600986230313786e-06,<function wrap.<locals>.calc at 0x7fffbc3889d8>,1.0,128.0541306671821
hilbertian_a_1_b_-1,<function wrap.<locals>.calc at 0x7fffbc3880d0>,1.0,1.9751616074801217
rbf_g_0.1424637129058154,<function wrap.<locals>.calc at 0x7fffbc639bf8>,0.9851648351648352,116.35115485453456
linear,<function kmat_linear at 0x7fffbc6bd950>,0.9774725274725276,127.45301109220703
heat-diffusion_t_0.08447217207908736,<function wrap.<locals>.calc at 0x7fffbc38f268>,0.9181318681318682,3.1029500603857534e+23
