estimator_key,kmat_fun,avg_test_score,most_freq_best_param
aitchison_c_1.417455338817187e-11,<function wrap.<locals>.calc at 0x7fffbc387510>,1.0,0.003985413739793644
aitchison-rbf_c_1.417455338817187e-11_g_5.434912989378355e-06,<function wrap.<locals>.calc at 0x7fffbc3879d8>,1.0,128.007429732971
generalized-js_a_inf_b_inf,<function wrap.<locals>.calc at 0x7fffbc639f28>,0.9923076923076923,134.09042361249854
rbf_g_0.14498903597726934,<function wrap.<locals>.calc at 0x7fffbc639bf8>,0.9923076923076923,116.36223260744433
hilbertian_a_1_b_-1,<function wrap.<locals>.calc at 0x7fffbc3870d0>,0.9846153846153847,1.973886339921065
linear,<function kmat_linear at 0x7fffbc6bd950>,0.9846153846153847,57.81400565676969
heat-diffusion_t_0.08447217207908736,<function wrap.<locals>.calc at 0x7fffbc38c268>,0.932967032967033,3.0147035935542e+23
