estimator_key,kmat_fun,avg_test_score,most_freq_best_param
aitchison_c_1.417455338817187e-11,<function wrap.<locals>.calc at 0x7fffbc387510>,1.0,0.003958441481543014
generalized-js_a_1_b_0.5,<function wrap.<locals>.calc at 0x7fffbc639840>,1.0,313.76265740731026
hilbertian_a_1_b_-1,<function wrap.<locals>.calc at 0x7fffbc3870d0>,1.0,221.6902896647479
aitchison-rbf_c_1.417455338817187e-11_g_5.420936227449779e-06,<function wrap.<locals>.calc at 0x7fffbc3879d8>,1.0,128.07647479194145
rbf_g_14.629630178662833,<function wrap.<locals>.calc at 0x7fffbc639c80>,0.9923076923076923,5.248197631988006
linear,<function kmat_linear at 0x7fffbc6bd950>,0.9851648351648352,127.60343613334149
heat-diffusion_t_0.08447217207908736,<function wrap.<locals>.calc at 0x7fffbc38d268>,0.9412087912087912,3.0355442768702477e+23
