estimator_key,kmat_fun,avg_test_score,most_freq_best_param
aitchison_c_1.417455338817187e-11,<function wrap.<locals>.calc at 0x7fffbc388510>,1.0,0.003969603117035053
aitchison-rbf_c_1.417455338817187e-11_g_5.421965526041849e-06,<function wrap.<locals>.calc at 0x7fffbc3889d8>,1.0,128.0461502112171
rbf_g_0.1449749880967709,<function wrap.<locals>.calc at 0x7fffbc639bf8>,0.9928571428571429,116.36232570674247
generalized-js_a_1_b_0.5,<function wrap.<locals>.calc at 0x7fffbc639840>,0.9851648351648352,13.467950187000218
hilbertian_a_1_b_-10,<function wrap.<locals>.calc at 0x7fffbc388158>,0.9851648351648352,87.66146435349745
linear,<function kmat_linear at 0x7fffbc6bc950>,0.9851648351648352,58.08166637728895
heat-diffusion_t_0.08447217207908736,<function wrap.<locals>.calc at 0x7fffbc38a268>,0.9406593406593406,2.9973957944413318e+23
