estimator_key,kmat_fun,avg_test_score,most_freq_best_param
aitchison_c_1.417455338817187e-11,<function wrap.<locals>.calc at 0x7fffbc388510>,1.0,0.0039618398571033735
aitchison-rbf_c_1.417455338817187e-11_g_5.441500153573588e-06,<function wrap.<locals>.calc at 0x7fffbc3889d8>,1.0,128.06194297499147
generalized-js_a_1_b_0.5,<function wrap.<locals>.calc at 0x7fffbc638840>,0.9851648351648352,13.487959589257077
hilbertian_a_1_b_-10,<function wrap.<locals>.calc at 0x7fffbc388158>,0.9851648351648352,87.80205514272339
rbf_g_1.4186141991078074,<function wrap.<locals>.calc at 0x7fffbc638ae8>,0.9851648351648352,58.298718053514484
linear,<function kmat_linear at 0x7fffbc6bc950>,0.9851648351648352,127.11923237926936
heat-diffusion_t_0.08447217207908736,<function wrap.<locals>.calc at 0x7fffbc38a268>,0.926923076923077,2.979348845575458e+23
