estimator_key,kmat_fun,avg_test_score,most_freq_best_param
aitchison_c_1.417455338817187e-11,<function wrap.<locals>.calc at 0x7fffbc385510>,1.0,0.003985826349258616
aitchison-rbf_c_1.417455338817187e-11_g_5.4177813063900305e-06,<function wrap.<locals>.calc at 0x7fffbc3859d8>,1.0,127.98598657502072
hilbertian_a_10_b_-1,<function wrap.<locals>.calc at 0x7fffbc385268>,0.9928571428571429,86.07583446605432
rbf_g_0.13963080955718432,<function wrap.<locals>.calc at 0x7fffbc638bf8>,0.9928571428571429,116.33844397009756
generalized-js_a_1_b_0.5,<function wrap.<locals>.calc at 0x7fffbc638840>,0.9851648351648352,29.622706558386593
linear,<function kmat_linear at 0x7fffbc6bc950>,0.9780219780219781,26.538318290187
heat-diffusion_t_0.08447217207908736,<function wrap.<locals>.calc at 0x7fffbc389268>,0.9340659340659341,3.052464899045595e+23
