estimator_key,kmat_fun,avg_test_score,most_freq_best_param
aitchison_c_1.417455338817187e-11,<function wrap.<locals>.calc at 0x7fffbc359950>,1.0,0.003969338129562647
aitchison-rbf_c_1.417455338817187e-11_g_5.4668771841482345e-06,<function wrap.<locals>.calc at 0x7fffbc359e18>,1.0,128.05532258654586
rbf_g_0.14511712713824873,<function wrap.<locals>.calc at 0x7fffbc397b70>,0.9923076923076923,116.33389744530209
generalized-js_a_1_b_0.5,<function wrap.<locals>.calc at 0x7fffbc397f28>,0.9846153846153847,13.45193965451545
hilbertian_a_1_b_-10,<function wrap.<locals>.calc at 0x7fffbc359598>,0.9846153846153847,87.59414871474846
linear,<function kmat_linear at 0x7fffbc6bc950>,0.9846153846153847,128.38259253882623
heat-diffusion_t_0.08447217207908736,<function wrap.<locals>.calc at 0x7fffbc35d6a8>,0.932967032967033,3.069596577672377e+23
