estimator_key,kmat_fun,avg_test_score,most_freq_best_param
aitchison_c_1.417455338817187e-11,<function wrap.<locals>.calc at 0x7fffbc388510>,1.0,0.0039508119529915245
aitchison-rbf_c_1.417455338817187e-11_g_5.492860890079486e-06,<function wrap.<locals>.calc at 0x7fffbc3889d8>,1.0,128.01165484205413
generalized-js_a_1_b_0.5,<function wrap.<locals>.calc at 0x7fffbc639840>,0.9851648351648352,13.42115849652621
hilbertian_a_1_b_-10,<function wrap.<locals>.calc at 0x7fffbc388158>,0.9851648351648352,87.25997544664381
linear,<function kmat_linear at 0x7fffbc6bc950>,0.9851648351648352,57.04536038952988
rbf_g_0.15129679055320305,<function wrap.<locals>.calc at 0x7fffbc639bf8>,0.9851648351648352,116.38382233244218
heat-diffusion_t_0.08447217207908736,<function wrap.<locals>.calc at 0x7fffbc38f268>,0.9346153846153846,3.031083760608722e+23
