estimator_key,kmat_fun,avg_test_score,most_freq_best_param
linear,<function kmat_linear at 0x7fffbc6bc950>,0.880952380952381,46.32010786941505
generalized-js_a_inf_b_1,<function wrap.<locals>.calc at 0x7fffbc607f28>,0.8785714285714284,2.742993259947199
hilbertian_a_1_b_-inf,<function wrap.<locals>.calc at 0x7fffbc5dd2f0>,0.8785714285714284,2.742993259947199
aitchison-rbf_c_2.9497529952901973e-07_g_3.13086607429906e-05,<function wrap.<locals>.calc at 0x7fffbc5ddc80>,0.8666666666666666,532.4627712727967
aitchison_c_0.01,<function wrap.<locals>.calc at 0x7fffbc5dda60>,0.8642857142857142,0.052505040772908525
rbf_g_0.08544911521552233,<function wrap.<locals>.calc at 0x7fffbc607d08>,0.8523809523809524,213.70594796768532
heat-diffusion_t_0.10234809261791362,<function wrap.<locals>.calc at 0x7fffa81d0378>,0.8047619047619048,1.773843319378234e+24
