estimator_key,kmat_fun,avg_test_score,most_freq_best_param
aitchison-rbf_c_9.546784086892808e-06_g_0.000820353745507682,<function wrap.<locals>.calc at 0x7fffa876a378>,0.8833333333333334,1212.0592232175925
aitchison_c_9.546784086892808e-06,<function wrap.<locals>.calc at 0x7fffa8768c80>,0.8666666666666668,0.46951721730800033
rbf_g_0.8648217768155025,<function wrap.<locals>.calc at 0x7fffb45b9d08>,0.8619047619047618,19.465375009627497
linear,<function kmat_linear at 0x7fffbc6bc950>,0.8595238095238097,43.34930285233672
generalized-js_a_inf_b_inf,<function wrap.<locals>.calc at 0x7fffa8768510>,0.8333333333333333,593.70749273503
hilbertian_a_inf_b_-1,<function wrap.<locals>.calc at 0x7fffa8768950>,0.8166666666666667,2.6250770542727526
heat-diffusion_t_0.10234809261791362,<function wrap.<locals>.calc at 0x7fffa876a7b8>,0.8071428571428572,1.5670586617659566e+24
