estimator_key,kmat_fun,avg_test_score,most_freq_best_param
aitchison-rbf_c_9.546784086892808e-06_g_0.0008097127575621952,<function wrap.<locals>.calc at 0x7fffa876a378>,0.880952380952381,1208.478359489742
rbf_g_0.8554039379201529,<function wrap.<locals>.calc at 0x7fffbc5f9d08>,0.869047619047619,19.466759934543564
linear,<function kmat_linear at 0x7fffbc6bd950>,0.8666666666666668,43.705546773506015
aitchison_c_1.6781136718262203e-06,<function wrap.<locals>.calc at 0x7fffa8768bf8>,0.85,0.2980628214671911
generalized-js_a_1_b_1,<function wrap.<locals>.calc at 0x7fffa8768158>,0.85,9.749555181007857
hilbertian_a_1_b_-inf,<function wrap.<locals>.calc at 0x7fffa8768730>,0.8214285714285714,2.6550655124253963
heat-diffusion_t_0.10234809261791362,<function wrap.<locals>.calc at 0x7fffa876a7b8>,0.8071428571428572,1.6776363417055347e+24
