estimator_key,kmat_fun,avg_test_score,most_freq_best_param
aitchison-rbf_c_9.114108640174976e-09_g_1.6963116734156074e-05,<function wrap.<locals>.calc at 0x7fffa876af28>,0.9380952380952381,516.5214285041031
aitchison_c_9.114108640174976e-09,<function wrap.<locals>.calc at 0x7fffa876aa60>,0.9095238095238095,0.1160315770231312
rbf_g_0.8213970264826385,<function wrap.<locals>.calc at 0x7fffbc5ecd08>,0.9095238095238095,19.435033409351647
linear,<function kmat_linear at 0x7fffbc6bd950>,0.880952380952381,42.83396824117356
generalized-js_a_inf_b_0.5,<function wrap.<locals>.calc at 0x7fffa876a378>,0.8642857142857144,1.819525447845275
hilbertian_a_1_b_-inf,<function wrap.<locals>.calc at 0x7fffa876a730>,0.8619047619047618,2.6580902428832465
heat-diffusion_t_0.10234809261791362,<function wrap.<locals>.calc at 0x7fffa876c7b8>,0.8071428571428572,1.571398504445254e+24
