estimator_key,kmat_fun,avg_test_score,most_freq_best_param
aitchison_c_1.6781136718262203e-06,<function wrap.<locals>.calc at 0x7fffb45b87b8>,0.8666666666666666,0.29665853832383066
aitchison-rbf_c_9.546784086892808e-06_g_0.0008208819049350213,<function wrap.<locals>.calc at 0x7fffb45b8ea0>,0.8642857142857142,1207.0860780205269
generalized-js_a_inf_b_0.5,<function wrap.<locals>.calc at 0x7fffbc607ea0>,0.8642857142857142,1.8095046304048612
rbf_g_0.08763203741015067,<function wrap.<locals>.calc at 0x7fffbc607d08>,0.8642857142857142,207.54017153876765
linear,<function kmat_linear at 0x7fffbc6bd950>,0.8642857142857142,42.20375740566486
hilbertian_a_inf_b_-1,<function wrap.<locals>.calc at 0x7fffb45b8510>,0.85,2.614892766869843
heat-diffusion_t_0.10234809261791362,<function wrap.<locals>.calc at 0x7fffa81c9378>,0.8071428571428572,1.5958238936725654e+24
