estimator_key,kmat_fun,avg_test_score,most_freq_best_param
aitchison-rbf_c_9.546784086892808e-06_g_8.175519787212936e-05,<function wrap.<locals>.calc at 0x7fffb45bae18>,0.8666666666666666,516.1195003853468
aitchison_c_0.01,<function wrap.<locals>.calc at 0x7fffb45baa60>,0.8666666666666666,0.05024242365702834
hilbertian_a_10_b_-inf,<function wrap.<locals>.calc at 0x7fffb45ba488>,0.85,0.18878240228426543
generalized-js_a_10_b_1,<function wrap.<locals>.calc at 0x7fffbc6079d8>,0.85,5.431756741276107
linear,<function kmat_linear at 0x7fffbc6bd950>,0.8404761904761905,97.19179540621946
rbf_g_0.08420646454598134,<function wrap.<locals>.calc at 0x7fffbc607d08>,0.8404761904761905,472.6056707448856
heat-diffusion_t_0.10234809261791362,<function wrap.<locals>.calc at 0x7fffb45bf378>,0.8071428571428572,1.6247305155916808e+24
