estimator_key,kmat_fun,avg_test_score,most_freq_best_param
aitchison-rbf_c_9.546784086892808e-06_g_0.000820353745507682,<function wrap.<locals>.calc at 0x7fffa81d0ea0>,0.9119047619047619,1238.9904303126577
aitchison_c_1.6781136718262203e-06,<function wrap.<locals>.calc at 0x7fffa81d07b8>,0.9,0.3144739998854032
linear,<function kmat_linear at 0x7fffbc6bd950>,0.8976190476190476,43.65229372448043
rbf_g_0.08018613631001673,<function wrap.<locals>.calc at 0x7fffbc601d08>,0.8833333333333334,213.62250057491704
generalized-js_a_1_b_1,<function wrap.<locals>.calc at 0x7fffbc601e18>,0.8666666666666666,10.061819514514537
hilbertian_a_1_b_-1,<function wrap.<locals>.calc at 0x7fffa81d01e0>,0.8523809523809524,8.014098118693271
heat-diffusion_t_0.10234809261791362,<function wrap.<locals>.calc at 0x7fffa81d3378>,0.8214285714285715,1.6195644217092959e+24
