estimator_key,kmat_fun,avg_test_score,most_freq_best_param
aitchison_c_2.9497529952901973e-07,<function wrap.<locals>.calc at 0x7fffa8769b70>,0.85,0.2074281362623469
aitchison-rbf_c_0.01_g_0.02662036049758822,<function wrap.<locals>.calc at 0x7fffa876b6a8>,0.85,1.5996665297720667
generalized-js_a_1_b_1,<function wrap.<locals>.calc at 0x7fffa8769158>,0.85,9.752682214236195
rbf_g_0.0812023524033629,<function wrap.<locals>.calc at 0x7fffbc5f0c80>,0.85,207.45534378660633
heat-diffusion_t_0.10234809261791362,<function wrap.<locals>.calc at 0x7fffa876b7b8>,0.8214285714285714,1.603273603941611e+24
hilbertian_a_1_b_-1,<function wrap.<locals>.calc at 0x7fffa8769620>,0.8214285714285714,17.78223469304182
linear,<function kmat_linear at 0x7fffbc6bc950>,0.7880952380952382,42.822298238963896
