estimator_key,kmat_fun,avg_test_score,most_freq_best_param
aitchison_c_2.9497529952901973e-07,<function wrap.<locals>.calc at 0x7fffa8768b70>,0.8952380952380954,0.21006327090119695
aitchison-rbf_c_2.9497529952901973e-07_g_3.218636407712595e-05,<function wrap.<locals>.calc at 0x7fffa876a158>,0.8952380952380954,532.5492395564017
rbf_g_0.8525480865396056,<function wrap.<locals>.calc at 0x7fffbc5f6d08>,0.880952380952381,19.939298648512345
generalized-js_a_10_b_10,<function wrap.<locals>.calc at 0x7fffa87682f0>,0.8666666666666668,2402.3732753654995
hilbertian_a_inf_b_-1,<function wrap.<locals>.calc at 0x7fffa8768950>,0.8523809523809524,379.7635889884312
heat-diffusion_t_0.10234809261791362,<function wrap.<locals>.calc at 0x7fffa876a7b8>,0.8214285714285715,1.636385514058215e+24
linear,<function kmat_linear at 0x7fffbc6bc950>,0.8142857142857143,44.32641001750598
