estimator_key,kmat_fun,avg_test_score,most_freq_best_param
aitchison-rbf_c_9.546784086892808e-06_g_8.254047324548094e-05,<function wrap.<locals>.calc at 0x7fffb45bee18>,0.8928571428571429,532.0434922698009
rbf_g_0.08429226334398886,<function wrap.<locals>.calc at 0x7fffbc607d08>,0.8928571428571429,213.518195554959
linear,<function kmat_linear at 0x7fffbc6bc950>,0.8785714285714284,43.34590033313138
aitchison_c_0.01,<function wrap.<locals>.calc at 0x7fffb45bea60>,0.8785714285714284,0.11711281643867964
hilbertian_a_1_b_-1,<function wrap.<locals>.calc at 0x7fffb45be1e0>,0.8642857142857142,7.948327314165227
generalized-js_a_1_b_0.5,<function wrap.<locals>.calc at 0x7fffbc607950>,0.8642857142857142,11.733079469333116
heat-diffusion_t_0.10234809261791362,<function wrap.<locals>.calc at 0x7fffa81c9378>,0.819047619047619,1.6817438753161722e+24
