estimator_key,kmat_fun,avg_test_score,most_freq_best_param
generalized-js_a_1_b_1,<function wrap.<locals>.calc at 0x7fffa876b158>,0.8928571428571429,9.993019387740146
aitchison-rbf_c_1.0235414534288628e-08_g_1.7251788419956042e-05,<function wrap.<locals>.calc at 0x7fffa876bf28>,0.880952380952381,19.671658774494638
hilbertian_a_1_b_-1,<function wrap.<locals>.calc at 0x7fffa876b620>,0.8619047619047618,8.004072657811992
aitchison_c_1.0235414534288628e-08,<function wrap.<locals>.calc at 0x7fffa876ba60>,0.8357142857142857,0.12010891175818462
rbf_g_0.8244158998625459,<function wrap.<locals>.calc at 0x7fffbc5eed08>,0.8214285714285714,19.974430991605413
linear,<function kmat_linear at 0x7fffbc6bd950>,0.8071428571428572,43.18854164559228
heat-diffusion_t_0.10234809261791362,<function wrap.<locals>.calc at 0x7fffa876d7b8>,0.8047619047619048,1.691653058022546e+24
