estimator_key,kmat_fun,avg_test_score,most_freq_best_param
aitchison-rbf_c_9.114108640174976e-09_g_1.6875437026851228e-05,<function wrap.<locals>.calc at 0x7fffa8767f28>,0.8666666666666666,516.7161031826789
generalized-js_a_10_b_0.5,<function wrap.<locals>.calc at 0x7fffa87671e0>,0.8523809523809524,7.5390656407428365
hilbertian_a_1_b_-1,<function wrap.<locals>.calc at 0x7fffa8767620>,0.8523809523809524,7.795570902216924
aitchison_c_9.114108640174976e-09,<function wrap.<locals>.calc at 0x7fffa8767a60>,0.85,0.11328165466519695
rbf_g_0.08630300093512576,<function wrap.<locals>.calc at 0x7fffb45b9c80>,0.8214285714285715,207.51268520454326
heat-diffusion_t_0.10234809261791362,<function wrap.<locals>.calc at 0x7fffa87697b8>,0.8071428571428572,1.5751412426044442e+24
linear,<function kmat_linear at 0x7fffbc6bc950>,0.7904761904761906,43.54335204643982
