estimator_key,kmat_fun,avg_test_score,most_freq_best_param
hilbertian_a_1_b_-1,<function wrap.<locals>.calc at 0x7fffa876c620>,0.8785714285714284,8.006428440661308
aitchison_c_9.546784086892808e-06,<function wrap.<locals>.calc at 0x7fffa876cc80>,0.8761904761904761,0.48805552427734067
aitchison-rbf_c_0.01_g_0.02646125706717972,<function wrap.<locals>.calc at 0x7fffa876e6a8>,0.8642857142857142,1.633294551351691
generalized-js_a_inf_b_0.5,<function wrap.<locals>.calc at 0x7fffa876c378>,0.8619047619047618,1.8650292009851888
rbf_g_0.835781051298596,<function wrap.<locals>.calc at 0x7fffbc5f7d08>,0.8333333333333334,19.984154668238176
heat-diffusion_t_0.10234809261791362,<function wrap.<locals>.calc at 0x7fffa876e7b8>,0.819047619047619,1.6350984179426556e+24
linear,<function kmat_linear at 0x7fffbc6bc950>,0.8047619047619048,43.721849402174854
