estimator_key,kmat_fun,avg_test_score,most_freq_best_param
aitchison-rbf_c_1.0235414534288628e-08_g_0.00017141761868452043,<function wrap.<locals>.calc at 0x7fffa876d048>,0.9095238095238095,1253.8143551739054
aitchison_c_1.0235414534288628e-08,<function wrap.<locals>.calc at 0x7fffa876ba60>,0.9071428571428571,0.11962129328717538
rbf_g_0.08525480865396055,<function wrap.<locals>.calc at 0x7fffb45bdc80>,0.880952380952381,213.72288039159514
linear,<function kmat_linear at 0x7fffbc6bc950>,0.880952380952381,43.590998849948924
hilbertian_a_10_b_-1,<function wrap.<locals>.calc at 0x7fffa876b7b8>,0.8785714285714287,3.0635521125932668
generalized-js_a_1_b_1,<function wrap.<locals>.calc at 0x7fffa876b158>,0.8785714285714284,9.974698535999165
heat-diffusion_t_0.10234809261791362,<function wrap.<locals>.calc at 0x7fffa876d7b8>,0.819047619047619,1.681419664920797e+24
