estimator_key,kmat_fun,avg_test_score,most_freq_best_param
aitchison-rbf_c_9.546784086892808e-06_g_0.0008269940050001236,<function wrap.<locals>.calc at 0x7fffa876d378>,0.8833333333333334,1208.331361991145
rbf_g_0.0873574692746695,<function wrap.<locals>.calc at 0x7fffb45bdc80>,0.8666666666666668,207.52321000755407
hilbertian_a_1_b_-1,<function wrap.<locals>.calc at 0x7fffa876b620>,0.8666666666666666,7.771959736590935
generalized-js_a_1_b_1,<function wrap.<locals>.calc at 0x7fffa876b158>,0.8666666666666666,9.64408257104753
linear,<function kmat_linear at 0x7fffbc6bd950>,0.8666666666666666,43.29370503114476
aitchison_c_0.01,<function wrap.<locals>.calc at 0x7fffa876bea0>,0.8523809523809524,0.04999864279499134
heat-diffusion_t_0.10234809261791362,<function wrap.<locals>.calc at 0x7fffa876d7b8>,0.8095238095238095,1.5438748966526223e+24
