estimator_key,kmat_fun,avg_test_score,most_freq_best_param
aitchison_c_5.4311628545737765e-05,<function wrap.<locals>.calc at 0x7fffa876cd08>,0.9142857142857143,0.8239633937844547
aitchison-rbf_c_0.0003089787061739496_g_0.003219869803982761,<function wrap.<locals>.calc at 0x7fffa876e510>,0.9142857142857143,1199.679520790372
rbf_g_0.870348033571543,<function wrap.<locals>.calc at 0x7fffb45bcd08>,0.8833333333333332,19.413921614009315
linear,<function kmat_linear at 0x7fffbc6bd950>,0.8547619047619047,42.05849835296611
generalized-js_a_inf_b_10,<function wrap.<locals>.calc at 0x7fffa876c488>,0.838095238095238,559.1921614820927
hilbertian_a_1_b_-inf,<function wrap.<locals>.calc at 0x7fffa876c730>,0.8238095238095238,2.6448148125337654
heat-diffusion_t_0.10234809261791362,<function wrap.<locals>.calc at 0x7fffa876e7b8>,0.8071428571428572,1.5651748984319954e+24
