estimator_key,kmat_fun,avg_test_score,most_freq_best_param
aitchison-rbf_c_9.546784086892808e-06_g_0.0008097127575621952,<function wrap.<locals>.calc at 0x7fffb45beea0>,0.8976190476190474,1203.4054652697978
hilbertian_a_inf_b_-1,<function wrap.<locals>.calc at 0x7fffb45be510>,0.8666666666666666,2.620889201387824
generalized-js_a_inf_b_0.5,<function wrap.<locals>.calc at 0x7fffbc607ea0>,0.8523809523809524,1.8134637350803435
aitchison_c_0.01,<function wrap.<locals>.calc at 0x7fffb45bea60>,0.8523809523809524,0.05081011266787503
rbf_g_0.845678181807757,<function wrap.<locals>.calc at 0x7fffbc607bf8>,0.85,44.33006336927647
linear,<function kmat_linear at 0x7fffbc6bc950>,0.8166666666666667,41.76332198832515
heat-diffusion_t_0.10234809261791362,<function wrap.<locals>.calc at 0x7fffa81c9378>,0.8071428571428572,1.556869422479563e+24
