estimator_key,kmat_fun,avg_test_score,most_freq_best_param
aitchison_c_9.546784086892808e-06,<function wrap.<locals>.calc at 0x7fffa8766c80>,0.9071428571428573,0.48651834906269215
aitchison-rbf_c_9.114108640174976e-09_g_1.6957212101852236e-05,<function wrap.<locals>.calc at 0x7fffa8766f28>,0.8928571428571427,532.2402616358765
generalized-js_a_inf_b_10,<function wrap.<locals>.calc at 0x7fffa8766488>,0.8761904761904761,576.9657748487392
hilbertian_a_1_b_-1,<function wrap.<locals>.calc at 0x7fffa8766620>,0.8619047619047618,7.994909026007102
rbf_g_0.0845678181807757,<function wrap.<locals>.calc at 0x7fffbc5ebc80>,0.8619047619047618,213.62807336926662
linear,<function kmat_linear at 0x7fffbc6bc950>,0.8452380952380952,43.24922658384864
heat-diffusion_t_0.10234809261791362,<function wrap.<locals>.calc at 0x7fffa87687b8>,0.819047619047619,1.631218267152542e+24
