estimator_key,kmat_fun,avg_test_score,most_freq_best_param
aitchison-rbf_c_2.9497529952901973e-07_g_3.2521110138583125e-05,<function wrap.<locals>.calc at 0x7fffa876d158>,0.9,19.154937241657777
generalized-js_a_1_b_0.5,<function wrap.<locals>.calc at 0x7fffa876b0d0>,0.8666666666666668,26.08237225045898
rbf_g_0.0880770329441372,<function wrap.<locals>.calc at 0x7fffb45bbc80>,0.8642857142857142,207.50995849788967
aitchison_c_1.6781136718262203e-06,<function wrap.<locals>.calc at 0x7fffa876bbf8>,0.8547619047619047,0.002099116976117357
hilbertian_a_inf_b_-1,<function wrap.<locals>.calc at 0x7fffa876b950>,0.8523809523809524,2.608360142737947
linear,<function kmat_linear at 0x7fffbc6bd950>,0.8333333333333333,94.21932722179352
heat-diffusion_t_0.10234809261791362,<function wrap.<locals>.calc at 0x7fffa876d7b8>,0.8095238095238095,1.553806100466043e+24
