estimator_key,kmat_fun,avg_test_score,most_freq_best_param
rbf_g_0.08637733181555843,<function wrap.<locals>.calc at 0x7fffbc5ddc80>,0.9095238095238096,487.4006105916503
aitchison_c_5.185013911336825e-08,<function wrap.<locals>.calc at 0x7fffa8767ae8>,0.9095238095238095,0.155078277958174
aitchison-rbf_c_9.546784086892808e-06_g_8.175948976968416e-05,<function wrap.<locals>.calc at 0x7fffa87692f0>,0.9095238095238095,532.4989892147637
linear,<function kmat_linear at 0x7fffbc6bd950>,0.8952380952380953,97.98411013600033
generalized-js_a_1_b_0.5,<function wrap.<locals>.calc at 0x7fffa87670d0>,0.8785714285714284,26.853979163231443
hilbertian_a_1_b_-1,<function wrap.<locals>.calc at 0x7fffa8767620>,0.85,7.967910923477586
heat-diffusion_t_0.10234809261791362,<function wrap.<locals>.calc at 0x7fffa87697b8>,0.819047619047619,1.577345454578635e+24
