estimator_key,kmat_fun,avg_test_score,most_freq_best_param
aitchison-rbf_c_1.0305028854080795e-08_g_1.7301106755516183e-05,<function wrap.<locals>.calc at 0x7fffb45beae8>,0.8761904761904761,19.674205526594776
aitchison_c_1.0305028854080795e-08,<function wrap.<locals>.calc at 0x7fffb45be620>,0.8476190476190476,0.0008428365705280742
generalized-js_a_1_b_1,<function wrap.<locals>.calc at 0x7fffbc607e18>,0.8357142857142857,22.552372743941273
linear,<function kmat_linear at 0x7fffbc6bc950>,0.8214285714285715,43.40003890568344
heat-diffusion_t_0.10234809261791362,<function wrap.<locals>.calc at 0x7fffa81c9378>,0.819047619047619,1.6189842264920844e+24
hilbertian_a_1_b_-1,<function wrap.<locals>.calc at 0x7fffb45be1e0>,0.819047619047619,18.19307836204869
rbf_g_0.8644104497927911,<function wrap.<locals>.calc at 0x7fffbc607bf8>,0.8071428571428572,45.63707273692184
