estimator_key,kmat_fun,avg_test_score,most_freq_best_param
aitchison-rbf_c_9.546784086892808e-06_g_0.0008282646944692099,<function wrap.<locals>.calc at 0x7fffa876d378>,0.8404761904761905,1208.4408058801746
rbf_g_0.08683448524788327,<function wrap.<locals>.calc at 0x7fffbc5d9c80>,0.8380952380952381,472.875965673258
linear,<function kmat_linear at 0x7fffbc6bc950>,0.8380952380952381,42.66237911341717
aitchison_c_1.6781136718262203e-06,<function wrap.<locals>.calc at 0x7fffa876bbf8>,0.8261904761904763,0.29719424135778305
generalized-js_a_1_b_0.5,<function wrap.<locals>.calc at 0x7fffa876b0d0>,0.8261904761904763,26.137976372494915
hilbertian_a_inf_b_-1,<function wrap.<locals>.calc at 0x7fffa876b950>,0.8238095238095239,2.6131353839143845
heat-diffusion_t_0.10234809261791362,<function wrap.<locals>.calc at 0x7fffa876d7b8>,0.8071428571428572,1.5522303285431623e+24
