estimator_key,kmat_fun,avg_test_score,most_freq_best_param
aitchison_c_0.01,<function wrap.<locals>.calc at 0x7fffa8769ea0>,0.8833333333333334,0.05075091117626862
aitchison-rbf_c_0.01_g_0.0026377693750934536,<function wrap.<locals>.calc at 0x7fffa876b620>,0.8833333333333334,8.431021274936816
generalized-js_a_10_b_0.5,<function wrap.<locals>.calc at 0x7fffa87691e0>,0.869047619047619,7.551798240148354
hilbertian_a_1_b_-1,<function wrap.<locals>.calc at 0x7fffa8769620>,0.869047619047619,7.8073206013930125
rbf_g_0.08648217768155025,<function wrap.<locals>.calc at 0x7fffbc5dfc80>,0.8666666666666666,207.54342540753146
linear,<function kmat_linear at 0x7fffbc6bc950>,0.8523809523809524,42.51589509477538
heat-diffusion_t_0.10234809261791362,<function wrap.<locals>.calc at 0x7fffa876b7b8>,0.8071428571428572,1.634675167376894e+24
