estimator_key,kmat_fun,avg_test_score,most_freq_best_param
generalized-js_a_inf_b_0.5,<function wrap.<locals>.calc at 0x7fffbc607ea0>,0.8547619047619047,1.8070568337454371
hilbertian_a_inf_b_-1,<function wrap.<locals>.calc at 0x7fffb45bf510>,0.8547619047619047,2.6112446517175343
aitchison_c_0.01,<function wrap.<locals>.calc at 0x7fffb45bfa60>,0.8547619047619047,0.049695854694567505
aitchison-rbf_c_9.546784086892808e-06_g_8.257963788949751e-05,<function wrap.<locals>.calc at 0x7fffb45bfe18>,0.85,516.6365241736617
rbf_g_0.8803404040517333,<function wrap.<locals>.calc at 0x7fffbc607bf8>,0.8404761904761905,19.482330227186157
linear,<function kmat_linear at 0x7fffbc6bd950>,0.8238095238095239,42.462205452642344
heat-diffusion_t_0.10234809261791362,<function wrap.<locals>.calc at 0x7fffa81d0378>,0.7928571428571428,1.6160725398020555e+24
