Baseline,SVM-RBF,Lin/Log-L1,RF,LogCont-L1,KernelBiome,KB_Aitchison
0.38319443200819703,0.23428099511090988,0.029647636443864585,0.09836615626076317,-0.6060606060606061,0.06698474792147563,0.0668622655447868
0.4828061889483784,0.13581152042942857,0.03868513488811254,0.05895255182248066,-0.6060606060606061,0.026678084745482042,0.01945479308414697
0.20995552982447235,0.31109850254228016,0.5219166709955948,0.32235159364931937,-0.6060606060606061,0.6444117766330578,0.6171257133169732
0.43544285671013044,0.17732562216068568,0.03734898714627832,0.1563102683353885,-0.6060606060606061,0.17643950964806107,0.20851506458456556
0.15687927111153682,0.36749700068804997,0.5102446333897123,0.5354804613884513,-0.6060606060606061,0.5830738974926585,0.6700669186067832
0.15816252951774035,0.20092650952247904,0.03959439724901974,0.11677033205127486,-0.6060606060606061,0.06757913655824553,0.14999760168057497
0.06340201559176001,0.20652528127543862,0.07989813025741571,0.15711505939542858,-0.6060606060606061,0.10968559809006967,0.08216118039154766
0.4365175485172241,0.23140698689355896,0.0844957810381972,0.2494239845197313,-0.6060606060606061,0.2389438488034457,0.41395022386339514
