Baseline,SVM-RBF,Lin/Log-L1,RF,LogCont-L1,KernelBiome,KB_Aitchison
0.4957176011258105,0.1960688341086525,0.08690417870650465,0.2482672437638788,-0.6060606060606061,0.09863242401809882,0.42258208886107673
0.022846663459132555,0.20681481176198024,0.5510170522291924,0.18975897368364494,-0.6060606060606061,0.5907075361778997,0.19380957702980417
0.2752174828229079,0.21244979299992237,0.742491805435462,0.38652798701783464,-0.6060606060606061,0.806556712288437,0.6166031396220626
0.194890614136442,0.20567086715393756,0.5618337878428976,0.2560282163223126,-0.6060606060606061,0.41218338509059055,0.30490374203618226
0.07397009126234805,0.21359456940991584,0.6919774924646388,0.38038039905346116,-0.6060606060606061,0.8131088162896448,0.5669477924475632
0.13059489430153204,0.19365637085230689,0.051045908489016655,0.16264287957141338,-0.6060606060606061,0.05635865953031088,0.14957985046105476
0.012784205328486842,0.20086538697621836,0.16318236281434564,0.22992241002305513,-0.6060606060606061,0.14244243710879434,0.08056424504226341
0.07126906268352212,0.1991759829229536,0.08783170128500851,0.294695671822991,-0.6060606060606061,0.07161358594582405,0.26729544762361945
