Baseline,SVM-RBF,Lin/Log-L1,RF,LogCont-L1,KernelBiome,KB_Aitchison
0.20115920753196842,0.14461056272552728,0.04965568206637356,0.17314259926776596,-0.2947764142314009,0.21695934825668922,0.2600734432029999
0.16200654781385798,0.25357234854365046,0.19145677646689102,0.09886091845621078,-1.1412766146531352,0.0013723826091536922,0.004033009249062607
0.3503591294951491,0.12047520224023657,0.22661381907559092,0.1480925231450339,-0.868639229853803,0.007840080765405946,0.01525418879325444
0.13462986604548283,0.2531159614237478,0.29727561924928314,0.21646563100525,-0.530058859104104,0.0013493097539801632,0.004430736823930531
0.21063030446951553,0.14670844164089933,0.021323463437932406,0.08974276038276069,-1.6460059300708763,0.00027211273405886385,0.00017949940871472662
0.09549116518965456,0.08031281686528091,0.015405048675296677,0.034999110164721445,-1.2743321704200603,0.00016051875664363356,0.0007647383722184057
0.41637574792554227,0.17881354083188683,0.874539102147221,0.2542644548126034,0.246990971404991,0.13651862641636223,0.15359031607465565
