Baseline,SVM-RBF,Lin/Log-L1,RF,LogCont-L1,KernelBiome,KB_Aitchison
0.41864752027743257,0.22604794605738032,0.20434417586919779,0.19975267604876248,-0.9820454499667679,0.036413362397668576,0.06338804455351887
0.12260956117432503,0.22057660701647885,0.21441708891646985,0.2773983551608247,-0.05797974126568062,0.48442396685474093,0.218309716976635
0.21829907567611134,0.09903392380965276,0.14860599712212083,0.30522265487210254,-0.4428137275617176,0.29067098275872044,0.249398214142159
0.3873677928156208,0.1442555096953415,0.19480231357973138,0.12923646134416134,-0.8722645215381679,0.0195102779158203,0.05629139816300804
0.32936910768842026,0.146963096683119,0.20537111443979764,0.45404208217118236,-0.20098269002772295,0.3516100679316909,0.3897493517363508
0.4237543865394604,0.15888201460115786,0.01493201181518259,0.03947697748225877,-1.28945266172322,0.009383189880352447,0.03576664791672759
0.3274043921605555,0.11194509242968029,0.04469078288258133,0.038897811305821074,-1.1842611385771082,0.021529185049475246,0.060642815353290615
