Baseline,SVM-RBF,Lin/Log-L1,RF,LogCont-L1,KernelBiome,KB_Aitchison
0.42418401641242665,0.22095387403879369,0.4046395527798532,0.1852626514883969,-0.8249987040216591,0.20409328889703718,0.060200680600465496
0.06562735962934368,0.20590939618652343,0.18394183995059415,0.141619407516215,-0.8708339712709345,0.27560394195341653,0.11922771044971933
0.03705811847586965,0.21813729583386768,0.09841563303071794,0.10828786487114629,-0.9328454838058446,0.10656139995365932,0.1032253234082936
0.2557934111746782,0.06380327660350249,0.6990004905220601,0.36981514265414916,0.44259215112047506,0.5222033946630914,0.6029151447773747
0.11725353073547706,0.11461676316979436,0.005246719120650616,0.14432387584888767,-0.6032845969538344,0.037388327663347765,0.05697785969546447
0.31908878542734953,0.15310897824401956,0.2361346084394883,0.24209951978250385,-0.2878710238544923,0.2971211364683463,0.24466966432542242
0.4333976499535676,0.2768314789424424,0.17396216307345128,0.1741184426225302,-0.5895839118536195,0.11574360433840947,0.1482159280318671
