Baseline,SVM-RBF,Lin/Log-L1,RF,LogCont-L1,KernelBiome,KB_Aitchison
0.19391491219119067,0.40913084919797094,0.7128397470582258,0.23182738003535278,-0.582089552238806,0.14928287777931812,0.04995780547379549
0.4154651228271818,0.08134814027187989,0.00028522728517826093,0.06533348169901322,-0.582089552238806,0.019244126724441434,0.0888493230729118
0.2819704903144149,0.2401771370430323,0.36194945852471555,0.11129224018214118,-0.582089552238806,0.15367312858548313,0.07962166945116417
0.11536876373843857,0.1423387015175103,0.0003684660093691934,0.15184823313647494,-0.582089552238806,0.06488521989296378,0.09079615303973597
0.3523373477985619,0.10046078311686381,0.0031283115978160635,0.10041858886447615,-0.582089552238806,0.05988882906802391,0.24889826378522564
0.4254185214302551,0.33137230552937996,0.9931156718275249,0.25562344026813105,-0.582089552238806,0.2405764127864631,0.17731878979620674
0.4887608377279191,0.2555375752545963,0.5445881009254481,0.29243523206447525,-0.582089552238806,0.39809981300819886,0.29519727926998235
