Baseline,SVM-RBF,Lin/Log-L1,RF,LogCont-L1,KernelBiome,KB_Aitchison
0.41864752027743257,0.34330788474345725,0.4192064656978432,0.2856467702813211,-0.6060606060606061,0.24969655528142373,0.5
0.12260956117432503,0.13565212429081455,0.16913316609068607,0.1288951412843085,-0.6060606060606061,0.14860038545085066,0.08464545927214297
0.21829907567611134,0.2677432399289247,0.4197223740759033,0.139797619443094,-0.6060606060606061,0.5540461269355809,0.07443410035445656
0.3873677928156208,0.04834151827057474,0.14036878159802513,0.2298150589817497,-0.6060606060606061,0.035917122285190735,0.1258282182964937
0.32936910768842026,0.045890475621752774,0.013066113587376055,0.05497833803199107,-0.6060606060606061,0.021085183066551664,0.020597493111103145
0.4237543865394604,0.15117200895321017,0.3088156649707746,0.31073582547484385,-0.6060606060606061,0.24242779297318445,0.34377943674619416
0.3274043921605555,0.08358293558781364,0.13953653978080652,0.10318354566217289,-0.6060606060606061,0.009216937876056958,0.039138145333107666
0.479162557559745,0.06854774028867808,0.050724855428455805,0.18031998489128687,-0.6060606060606061,0.046123440642103754,0.31102523895997003
