Baseline,SVM-RBF,Lin/Log-L1,RF,LogCont-L1,KernelBiome,KB_Aitchison
0.4581300380518089,0.06203026130638313,0.12792539951125956,0.11000287112816262,-0.582089552238806,0.023233228382402927,0.03648288035846856
0.3332468537604995,0.13584834426650888,0.05722582252096835,0.10993189789769912,-0.582089552238806,0.08292476813766118,0.0799916577897293
0.07032212745567645,0.24284139871429888,0.1941846831109419,0.23257251731616524,-0.582089552238806,0.1864306062574086,0.302957060482061
0.44715658234045774,0.6560359973803555,0.6564376417706665,0.5669775173800076,-0.582089552238806,0.7658449723445885,0.6334429212894016
0.23217997798912304,0.06642412891557299,0.01337427260236083,0.035958514279758935,-0.582089552238806,0.01899698286937394,0.024213476133606946
0.468155215124872,0.22687260074535712,0.06685383188071076,0.1311151493296033,-0.582089552238806,0.06860265605657279,0.1784086737091106
0.35158271066498226,0.18114573646439688,0.22166806815031012,0.2682620068021303,-0.582089552238806,0.24813752902952205,0.21207895551593475
