Baseline,SVM-RBF,Lin/Log-L1,RF,LogCont-L1,KernelBiome,KB_Aitchison
0.31247143556335744,0.5859881673199382,0.6211632488948831,0.23083135972872829,-0.44939686644931776,0.6644304556073862,0.14589880673942268
0.1798476900386779,0.0951970719331089,0.09779825243593573,0.1429151846027928,-0.6326613029522442,0.04785608923826571,0.0741313857557765
0.02499171029741648,0.14618112496862262,0.20538744782452192,0.5330209046755723,-0.005343279767521636,0.3032394038342408,0.4542674112052332
0.46216139764896924,0.2395303452589527,0.07881076144604265,0.06910486472492289,-0.8528609132692169,0.19719743178967938,0.05109869528896252
0.11153517064093976,0.43152869690004403,0.04694144804374655,0.3368490322263708,0.08559114940465196,0.172177638654946,0.4016119118823535
0.08362711871907036,0.25712860540818144,0.17888010245335115,0.33082290057929964,-0.0641758938329014,0.2212075628221528,0.18061922626102228
0.4725971298587959,0.4129667273185113,0.45632277574479624,0.14742911900961123,-0.6072233111868509,0.39170806364270844,0.1003083464137798
