Baseline,SVM-RBF,Lin/Log-L1,RF,LogCont-L1,KernelBiome,KB_Aitchison
0.42603968782595764,0.156000716961129,0.10792641429563089,0.07620829677237312,-1.34303938211771,0.02273316357126558,0.035160882150034156
0.38585082150001676,0.2434544132703465,0.09774895824676047,0.15197242832599897,-1.7592585960712996,0.013111831725890035,0.03477114845272524
0.09625331897481171,0.15581953421939404,0.03204178558678938,0.209321864103326,-0.7186545860555158,0.3338991106877642,0.23204557240927198
0.3507627122299584,0.4293015047781333,0.6242780808878645,0.5628199973381733,1.156929416861732,0.6119974971747963,0.6847904740196221
0.4071466289496916,0.12412256322581441,0.018112171530015375,0.041086247284915355,-1.3873550807635724,0.013596013416841154,0.017587710562213015
0.11393134633778407,0.1779365253171981,0.13125922123181,0.11826917151872014,-0.891400648621174,0.1083999649913463,0.10732730030384564
0.2972802385857132,0.1984463986185433,0.031034047146119906,0.12180449970450243,-1.4748570490823931,0.061254326940234936,0.091632054005101
