Baseline,SVM-RBF,Lin/Log-L1,RF,LogCont-L1,KernelBiome,KB_Aitchison
0.4019538451300303,0.0356672962718309,0.048506769744812765,0.10851960784313724,-0.7341262829748778,0.03816884179108436,0.039918366738635705
0.14861279960179147,0.5598181949751202,0.47391968475442375,0.16668181818181818,-0.581373899172487,0.5397008606463982,0.08151759491542296
0.2931541332658746,0.054667054767034116,0.14426089192766856,0.2228529411764706,-0.23184787266810256,0.16090497327449685,0.058777845166299345
0.21159962563709833,0.04566757657884385,0.05483843338596832,0.13151960784313724,-0.5126158792181903,0.06959113147312695,0.10502918426876072
0.13606414387132731,0.2238199163219506,0.19557961154994724,0.24301960784313723,-0.8367305905853266,0.193156112837304,0.15125858038589915
0.40472979837571854,0.025178872657833144,0.11756547356060262,0.0785,-1.2480970146110262,0.06960034923995055,0.01984202453849237
0.21344090454214815,0.2915376828867754,0.24638231326191312,0.321,-0.18211715309775434,0.23388157436468301,0.26619949890844247
