Baseline,SVM-RBF,Lin/Log-L1,RF,LogCont-L1,KernelBiome,KB_Aitchison
0.4581300380518089,0.16185658295850489,0.4414353809224056,0.252518512679633,-1.0210443383261647,0.3802042961367746,0.12616571056185702
0.3332468537604995,0.33550445671078605,0.06701637845968485,0.1282300668100589,-1.7603532688851335,0.24088708834982983,0.04472477403294788
0.07032212745567645,0.07455892575642413,0.020924631590550257,0.04516134702547067,-1.6239643348164163,0.06002259866337099,0.03915718216889412
0.44715658234045774,0.5358404378939206,0.7861609912269331,0.3046000576637322,0.37046445380308257,0.4490039729475246,0.46471980965262394
0.23217997798912304,0.5401926077783579,0.2460679329918849,0.16432305142243517,-0.9935971169726575,0.5633995482714681,0.13040860229464982
0.468155215124872,0.12008596669411056,0.34442493507024796,0.19723126753203352,-0.3779151209026744,0.24445284251698138,0.10223328080447366
0.35158271066498226,0.08405752930536582,0.02816622264905965,0.09654504130861584,-0.10481411557057746,0.07645897591829631,0.17834013886891328
0.49887738158994155,0.0747359697510053,0.002971205952330143,0.05228975085496147,-1.7732733431992695,0.03065180937773603,0.024134951171636256
