Baseline,SVM-RBF,Lin/Log-L1,RF,LogCont-L1,KernelBiome,KB_Aitchison
0.4019538451300303,0.18186969997511412,0.06619994543596108,0.23982051282051284,-0.9014265826201928,0.08762986616221291,0.08220339561373832
0.14861279960179147,0.2544329727175185,0.06814462994395061,0.2282,-0.9766393820857435,0.04257009403489997,0.09380184229029395
0.2931541332658746,0.21612870790798208,0.021574783326326237,0.28599377754731653,0.0059623329038300255,0.5697041729642823,0.297227362252276
0.21159962563709833,0.14391274522960426,0.0003722690304384002,0.15041052631578947,-0.6237421197027411,0.041850418173008955,0.050958918461131604
0.13606414387132731,0.2146137236971589,0.9969901041041429,0.31436437246963567,0.23910911591497946,0.3222438617841478,0.2250277430246199
0.40472979837571854,0.1669001863170686,9.939929153501246e-06,0.14,-1.019757571884376,0.06485470033305439,0.17239038509167937
0.21344090454214815,0.36347945923210273,0.985410060180695,0.048,-0.8608912268929103,0.0773141310101396,0.15648276628061816
0.19290372402987294,0.08295466735307566,4.120612097696932e-05,0.2616666666666666,-0.17534554094412808,0.1899384662356843,0.2324641697590829
