Baseline,SVM-RBF,Lin/Log-L1,RF,LogCont-L1,KernelBiome,KB_Aitchison
0.42603968782595764,0.08324710669506667,0.08055370367398627,0.24796694975417682,-0.49051697692191987,0.2543593166004231,0.24659816508458512
0.38585082150001676,0.193428405608904,0.1865685991500912,0.24304619008738065,-0.42321649520365046,0.08544729470976103,0.2128585680441454
0.09625331897481171,0.11638476382101004,0.04371146800051177,0.08809666518311694,-0.7880377765802186,0.0678431034509631,0.08505251238235711
0.3507627122299584,0.2958424436466932,0.5595101757505329,0.20757081013452033,-0.5348883678250578,0.2579902717441261,0.46430355837809023
0.4071466289496916,0.4879204461224223,0.769185746079406,0.3872654913232568,0.05213808641349482,0.642678044701731,0.48407355681100916
0.11393134633778407,0.17151902601389427,0.22873327465284268,0.4270082950788099,-0.3985451195020139,0.26361503543638404,0.4585154686455275
0.2972802385857132,0.11103832237526984,0.026471223313790322,0.1402057229505814,-0.9588120594767363,0.08440464176753983,0.13407392894181722
0.0020477309983698566,0.06170756448738597,0.03943928472422819,0.03874695918097301,-1.127937612881667,0.02419625340414621,0.048847526733297376
