Baseline,SVM-RBF,Lin/Log-L1,RF,LogCont-L1,KernelBiome,KB_Aitchison
0.44197056884745783,0.206646862263512,0.3812467626040888,0.30137942476496543,0.20026147017768986,0.4700626157318409,0.4043878577296831
0.17077230912692332,0.1342124845633834,0.11037154658016186,0.25457476933253337,-0.9645684489626023,0.11498049450481838,0.15192241224662187
0.31220550851672807,0.059836761454771084,0.14080485730973955,0.15028244376409225,-1.1010110977502046,0.019394639156652255,0.05394267825878904
0.1936087092223292,0.1894512637914546,0.21019067915092302,0.13010251525294914,-1.0202012256359676,0.022520641226737536,0.051157237971136464
0.1602547237397916,0.3216969558552009,0.006415805766601291,0.14560060302014793,-0.7204551804177077,0.10760988188077511,0.16175885038366516
0.15876843538870505,0.07796454243340913,0.01745264829770983,0.08743416650684657,-1.5368519781013756,0.005760959039977437,0.012928881925284783
0.022495002006197806,0.07285200741458964,0.15494623448597492,0.08370960615459717,-1.1399166069430486,0.052131303165704385,0.06703408463072806
