Baseline,SVM-RBF,Lin/Log-L1,RF,LogCont-L1,KernelBiome,KB_Aitchison
0.07607812371894129,0.0678094419410214,0.08958211849885764,0.2415207002932092,-0.5672500610324516,0.24615041907244561,0.39356788125138376
0.2510843951036321,0.10909318927428194,0.10154339864947749,0.2556807402450234,-0.9832872041656637,0.08442660084119148,0.12782555032496823
0.39797614119649766,0.20062065885189706,0.1987366658443234,0.20378304650633286,-0.5512158963193037,0.05742438133045962,0.071767116211006
0.12386419635188162,0.39925466542878324,0.1773825164995347,0.2651971044612266,-0.7441152358334115,0.38118377207690407,0.22079341328696367
0.18458425584506577,0.13330008534756224,0.1622611612276989,0.26165011160310203,-0.47770462307094863,0.28262757010545786,0.03547623385031934
0.4715374172971551,0.3715426865634177,0.19135095854823866,0.15932215829186724,-0.9836690034050757,0.024342074380371677,0.010828721823859157
0.47861555861500915,0.13408946955747497,0.05224932200684772,0.15195096859310425,-0.9829387087388852,0.0392981591837687,0.007650915032353318
