Baseline,SVM-RBF,Lin/Log-L1,RF,LogCont-L1,KernelBiome,KB_Aitchison
0.38319443200819703,0.07694089590393625,0.057871555193222915,0.1950030345536577,-0.9080087651039183,0.048791186681889843,0.08273277110761856
0.4828061889483784,0.1836011786537354,0.16187580804392215,0.17373362771749132,-0.3441617309507884,0.014374209742672797,0.03801209636068247
0.20995552982447235,0.36267585736914254,0.659034422792353,0.20287968272889514,-0.5610769899950337,0.3660172862684123,0.573448749690519
0.43544285671013044,0.019474787895565244,0.020913733100124277,0.10542027003591237,-0.26836192149342514,0.23180544004364487,0.3421018502046044
0.15687927111153682,0.07057658913388558,0.0305869796267139,0.2606645276691006,0.08863851970359907,0.06092917699207044,0.08470202468677475
0.15816252951774035,0.1790760957752116,0.3077526113818695,0.3096681744046745,0.006028946232684768,0.34995550733343417,0.49216425623153853
0.06340201559176001,0.047546677588708,0.1046956762026671,0.0904885555947759,-1.2464104573218127,0.0769359993074221,0.08029463734979889
0.4365175485172241,0.08387118362035893,0.0199774697666967,0.1850439257770736,-0.3578049199509753,0.3447949866361175,0.4207578907852884
