Baseline,SVM-RBF,Lin/Log-L1,RF,LogCont-L1,KernelBiome,KB_Aitchison
0.31247143556335744,0.05948736507761298,0.1201466229232609,0.14130977952378043,-1.1516412829279004,0.04108587064937097,0.05065056926812678
0.1798476900386779,0.0771133660398192,0.05018583808936884,0.0898778052160599,-0.7985033309747367,0.035157629913472356,0.09984154832095972
0.02499171029741648,0.20872503728882622,0.09583985263448876,0.17280659861113448,-1.5308156085124174,0.13312264326110015,0.027027068371111282
0.46216139764896924,0.04107542627666182,0.116609602048496,0.20280668241334177,-0.25223814823121826,0.045339015317102827,0.10013426435103391
0.11153517064093976,0.13848478080194665,0.28957378296940045,0.36968784244700503,0.3255716669100671,0.29329411987129367,0.3995428852281754
0.08362711871907036,0.06346974899725645,0.004994521302223958,0.06640668675712859,-1.603278022186764,0.002328533484911488,0.006557476861959126
0.4725971298587959,0.136601085658691,0.03125560550112652,0.09619661917917413,-0.4892365747266359,0.06218635572586279,0.055605961356791134
0.0911613089123659,0.05914358231045286,0.1308371622915728,0.10670769844000474,-0.6631280250494052,0.12391241187610841,0.07521495831708958
