Baseline,SVM-RBF,Lin/Log-L1,RF,LogCont-L1,KernelBiome,KB_Aitchison
0.19391491219119067,0.29359615805030764,0.317562891698701,0.3685123042733232,-0.29978247536850106,0.2689439759868244,0.3184439209547819
0.4154651228271818,0.4921924963429754,0.6864175218196981,0.3203454731024404,0.30355469536805557,0.7055009149840399,0.4259457861431033
0.2819704903144149,0.3799561739980764,0.2846383753266345,0.10807221797671447,-1.0522044004805422,0.23771216775720064,0.077560086334466
0.11536876373843857,0.43107060531224545,0.6805731020158947,0.2516947830284782,-0.5729874099174518,0.318951099927649,0.2638070651600241
0.3523373477985619,0.3021733934301901,0.4313576890216157,0.24000994874837964,-0.17803254907714472,0.09335901875634964,0.14775614652268915
0.4254185214302551,0.26296644597413404,0.252426646347714,0.08919937674601286,-0.8440525518075572,0.16673151584549276,0.1418733183840301
0.4887608377279191,0.2317356861080555,0.04539912164101141,0.17098920804771686,-0.2603281697781207,0.1393785313843442,0.22597099943862925
