Baseline,SVM-RBF,Lin/Log-L1,RF,LogCont-L1,KernelBiome,KB_Aitchison
0.2839443971995487,0.26834081395339493,0.17924335733815136,0.16896542434120648,-1.034957887062708,0.06673656629109125,0.13107965051170403
0.4128923684005847,0.26377808099446687,0.06709456262988284,0.2011984108930558,-0.161816227496145,0.18439036349100296,0.34877767964714884
0.414528157361249,0.23193888112293648,0.19657892708997662,0.24250038404865448,0.3234948476327957,0.6097580864056357,0.3822791183594239
0.08618387618967938,0.20954661032634037,0.837799687964336,0.2572400513027871,-0.7712612448223504,0.35726259581351444,0.17440284682033286
0.20641436993713752,0.13615149773386348,0.057872553528050416,0.2346052370174724,-0.3431098422498837,0.17636498429679956,0.10385674761728601
0.270323127177644,0.16580271882061623,0.02488395420516199,0.1387155053531436,-0.7417193914813875,0.03656801068666933,0.05077691925970329
0.08865762099107,0.14201627828848393,0.013553260493499033,0.06002820080826612,-1.0960665562069702,0.009325801986049022,0.023357913712903702
0.08922594456600325,0.13735218310486466,0.05714681070885419,0.17835295355649267,-1.293088017306124,0.1936671207188624,0.2512986003333907
