Baseline,SVM-RBF,Lin/Log-L1,RF,LogCont-L1,KernelBiome,KB_Aitchison
0.42603968782595764,0.09943561359812356,0.10877259530341066,0.11302159971816485,-0.9787469600545652,0.07344082800801469,0.03438519881629058
0.38585082150001676,0.16518280827443665,0.2705055830299233,0.43968557673390973,0.3784404778834414,0.24578815862131767,0.601047400512482
0.09625331897481171,0.06877630959786289,0.060566653786235526,0.13743482821834122,-0.8103434139574948,0.05906954185925451,0.0678103462370742
0.3507627122299584,0.11492867150807369,0.012557085565064926,0.0724506192381027,-1.6954730930748063,0.006477958848861041,6.202623078384869e-05
0.4071466289496916,0.2084341959040035,0.7668994297108118,0.2605619870846139,0.2787320530176174,0.9237002759320687,0.05033339557133967
0.11393134633778407,0.07371508632566848,0.032500483819079114,0.08348780235941972,-1.4472190838486245,0.02350981741751354,0.017997162780479883
0.2972802385857132,0.19587621831994775,0.17008940474692677,0.3503354408575632,0.35010058760914253,0.1786257733760821,0.8904862567275929
0.0020477309983698566,0.2152309165385066,0.44012726553306225,0.11512735570962804,-0.6070224202811539,0.42898845729073914,0.007066034506422524
