Baseline,SVM-RBF,Lin/Log-L1,RF,LogCont-L1,KernelBiome,KB_Aitchison
0.44197056884745783,0.5,0.6569176522669963,0.1877346743220279,-0.4711367957284379,0.6446370471404611,0.16034422739823614
0.17077230912692332,0.058134364024819196,0.01776895113517372,0.0817643482810614,-0.22069274626393867,0.011862032022549424,0.16262508840371617
0.31220550851672807,0.16471408816401428,0.03678880805943082,0.2510051041136315,-0.039128131313272224,0.118710587783752,0.20317646609285506
0.1936087092223292,0.13089978680786502,0.0010030235684964064,0.054676676209104866,-1.8923697257671563,0.000549641913211606,0.003838173464692878
0.1602547237397916,0.2374790247938733,0.041999800783318164,0.3472595225286809,-0.08740596192404917,0.014076267344415654,0.5662374857943371
0.15876843538870505,0.06793502377919741,0.011819933932152239,0.08965143023121035,-1.1968582018719154,0.009175029553145973,0.04509086767835513
0.022495002006197806,0.10697144879846107,0.028983349276770563,0.14270670691344328,-0.9427718916718177,0.024397835993621463,0.009581398691626043
