Baseline,SVM-RBF,Lin/Log-L1,RF,LogCont-L1,KernelBiome,KB_Aitchison
0.22829752910451728,0.04466769993382434,0.03802746234043213,0.055656353915942335,-0.582089552238806,0.01692616277818272,0.0073851029065505076
0.3608153074531019,0.12845546794357435,0.15518105309073732,0.33358207746363416,-0.582089552238806,0.39899614676539935,0.20217484061351465
0.28774120462543346,0.12162093247206003,0.16630574100444573,0.18545997860896488,-0.582089552238806,0.06175403109601603,0.10135627875622853
0.07761193384004816,0.31589246532113946,0.6124319539247565,0.19901633995004966,-0.582089552238806,0.2235821577866359,0.3604190368568805
0.4976405719045137,0.14696958918474962,0.8227799861265568,0.24569029312988014,-0.582089552238806,0.2760599741940461,0.09133937054054139
0.4392154396084429,0.1288613717932481,0.1303407532128592,0.10404936078459497,-0.582089552238806,0.05999675108710348,0.04788870387321542
0.16462545763661068,0.19022819512169675,0.3717410071910703,0.12788104591295363,-0.582089552238806,0.02527989828595057,0.03286391504972596
