Baseline,SVM-RBF,Lin/Log-L1,RF,LogCont-L1,KernelBiome,KB_Aitchison
0.07400725363495592,0.34861081203692346,0.4514167628474176,0.3142,0.12093172397355906,0.5735156273602657,0.6347307891025364
0.46304820057887003,0.20320986626080093,0.18656486954130172,0.194,-0.5913369849877852,0.04615315988597611,0.0671919668216038
0.052534118650688244,0.4476339889572695,0.4974155075310064,0.182,-0.5150418279886656,0.09453259334080569,0.10510403836173057
0.2817532262106959,0.14308510063736296,0.17333587648546694,0.2862,-0.7417220877514755,0.3111567002900432,0.38646884093685147
0.43616113288324404,0.15564348445041484,0.18044374252719395,0.174,-0.9729779713566914,0.14126652404130993,0.05375306335477651
0.21207106278753346,0.2766905852697551,0.08223833027222857,0.06620000000000001,-0.8247860723344475,0.01856280311927997,0.10235573191283927
0.07976454013521389,0.09495051759654062,0.1135714512418048,0.08033333333333334,-0.9279402220367142,0.0517983858949281,0.06610330463538801
0.282439724422434,0.13786789301638452,0.09691298543029088,0.14,-0.6009035717659135,0.09892867778471848,0.36924694260652285
