Baseline,SVM-RBF,Lin/Log-L1,RF,LogCont-L1,KernelBiome,KB_Aitchison
0.2839443971995487,0.32893973549442895,0.38054736294339847,0.30992373788413374,0.020461065977097126,0.47650438682147483,0.4289058812612813
0.4128923684005847,0.15020471156307466,0.06059253683113142,0.11969973419143565,-0.7180890928171482,0.11045852652726616,0.1454335907904031
0.414528157361249,0.19877698025891652,0.18141947538264233,0.22271927298971558,-0.7235997359506473,0.26931153573823935,0.3533573644189371
0.08618387618967938,0.17333341201259847,0.2586513119417706,0.24398562866958956,-0.5298194328951596,0.19075598119989925,0.252972708171891
0.20641436993713752,0.42454942931047385,0.08310257252223298,0.08177337560569745,-0.8081353884110437,0.10229929867043305,0.2156755138345116
0.270323127177644,0.19467933619187194,0.29445482081324115,0.2886823852787786,-0.5048859731080704,0.26838229451643913,0.27345095102758044
0.08865762099107,0.08008976168663363,0.17700871612802413,0.1537345550414873,-0.3892008495029925,0.10565130300587694,0.17309366856937947
