Baseline,SVM-RBF,Lin/Log-L1,RF,LogCont-L1,KernelBiome,KB_Aitchison
0.4957176011258105,0.2231433795254308,0.17257558315806842,0.14526575320613738,-0.5815908068740998,0.0640582515627739,0.06858335399757955
0.022846663459132555,0.07787842649284754,0.11973549968464735,0.17441847998987656,-0.8180287352559128,0.0243261627232939,0.039509542597660846
0.2752174828229079,0.5,0.3533575025374981,0.22303068304139217,-0.6750231723690862,0.08343292220960023,0.34274553613495395
0.194890614136442,0.3550127964925233,0.4055600754383035,0.3675401889475111,-0.14490073019205285,0.8275809328635482,0.5687551096872719
0.07397009126234805,0.09428456462910981,0.07795556429841727,0.20601792377285286,-0.9630462589363004,0.12248940255646049,0.04323529802676461
0.13059489430153204,0.31903014707947464,0.32466130560189366,0.3893375095869099,0.5851786042629322,0.7049033915606456,0.8658309891627745
0.012784205328486842,0.05989312559518307,0.02816482865558419,0.12474725865253374,-1.999954948150576,0.0121404181660155,0.001987890051587625
