Baseline,SVM-RBF,Lin/Log-L1,RF,LogCont-L1,KernelBiome,KB_Aitchison
0.07607812371894129,0.42762231648448823,0.5067162531520373,0.3039600351032873,-0.6060606060606061,0.5766739394140276,0.39117358294582344
0.2510843951036321,0.299262001544669,0.5411135734672519,0.1642008306467589,-0.6060606060606061,0.5407064247927846,0.13395140224032814
0.39797614119649766,0.0721623076227468,0.04375635072923205,0.0722392139482186,-0.6060606060606061,0.02741412701444009,0.04228852483551447
0.12386419635188162,0.5539438825457283,0.7294264227202615,0.3175593149865748,-0.6060606060606061,0.7785181827576837,0.5523832266863682
0.18458425584506577,0.19203183121174894,0.055225900889433535,0.2063199690584171,-0.6060606060606061,0.058558717566949275,0.5
0.4715374172971551,0.09447880494732554,0.10752762175400929,0.11548653259450631,-0.6060606060606061,0.08658088711648426,0.059756995555606145
0.47861555861500915,0.15099659808189594,0.2466983166756337,0.14706267427644837,-0.6060606060606061,0.17650436162134706,0.059383313564556485
0.29000675900015704,0.38498033811114746,0.29848516888237275,0.1826892342251841,-0.6060606060606061,0.31136551391401857,0.136836399988261
