Baseline,SVM-RBF,Lin/Log-L1,RF,LogCont-L1,KernelBiome,KB_Aitchison
0.42603968782595764,0.07769070573048772,0.1304572850788914,0.10018949087382083,-1.0753756853146452,0.07981391782631185,0.01603874624882192
0.38585082150001676,0.28423040720886344,0.3180931186696282,0.2872695333497259,-0.12658377054422865,0.39267016660429793,0.5290119408443321
0.09625331897481171,0.1459618471891733,0.10783063609239253,0.23030010393761857,-0.8957842151007045,0.21917155089375398,0.05896283534126548
0.3507627122299584,0.1913552109016226,0.025404376752585982,0.11401581702330425,-0.28214392625752566,0.07638213791230297,0.01804157022050909
0.4071466289496916,0.26137004147353016,0.20732509802584356,0.20172601711488494,-0.577109908010889,0.3354178884333791,0.373706250891783
0.11393134633778407,0.22871093725469627,0.15397227145972997,0.25056992438637576,-0.1175473189638398,0.1750628646873453,0.18511257811317516
0.2972802385857132,0.1113207282582384,0.12354590491179278,0.1187518836216393,-0.9276922184789669,0.06560504997742858,0.0545489479797552
0.0020477309983698566,0.28934721453857914,0.2333643366047762,0.12420135293708849,-1.0302069151625621,0.120664207724434,0.0225892226884537
