Baseline,SVM-RBF,Lin/Log-L1,RF,LogCont-L1,KernelBiome,KB_Aitchison
0.2839443971995487,0.20869025120021306,0.43663192314385746,0.2784864923203063,-0.6892962692293527,0.09375556147644329,0.14399509323152623
0.4128923684005847,0.2548741299041353,0.07707026895784957,0.12384846904345076,-1.6337780729575608,0.01749197458275685,0.008593062938456932
0.414528157361249,0.06225279572011502,0.1797822341270174,0.2874568778671009,-0.47337813378960386,0.34421624822941765,0.179807589637952
0.08618387618967938,0.05456174987160941,0.1218085042557522,0.22513404861997768,-0.5966845170280508,0.12782254796258033,0.04057611895684939
0.20641436993713752,0.08531963258538061,0.14392162827183277,0.15695101310289322,-0.8898760731441615,0.02875198557271923,0.02071334107711497
0.270323127177644,0.05363869908898045,0.12033092498422643,0.09274910661501536,-1.3084689828844607,0.04988383869700854,0.013322343498496718
0.08865762099107,0.17299927274722757,0.013213536222388637,0.0978227814483802,-0.008278125993420371,0.0824342578224989,0.15396427986506736
