Baseline,SVM-RBF,Lin/Log-L1,RF,LogCont-L1,KernelBiome,KB_Aitchison
0.02867421465331077,0.19249872035827126,0.18227259482435249,0.17454506254022428,-0.39072724111371027,0.025285350511980758,0.033813447106741674
0.21043105350260666,0.14399170526251218,0.01890745545239616,0.08406438772407997,-1.5041772913441451,0.0004097879217336005,0.0003668298927068843
0.4706876154628912,0.39451831648078634,0.06812729188598084,0.3103182087665656,0.011013015061858089,0.7033096241451019,0.7972939405030183
0.04552478946818839,0.30067529647241176,0.29435655717233117,0.40228351560135023,0.4816749650485617,0.9390993021351219,0.9684518430296378
0.17928721760815391,0.22474499476656556,0.02597507021050225,0.15866961556575793,-1.5480961450635797,0.02957042629673128,0.046601276773785553
0.0311259751402721,0.1807347345985321,0.36475985222309576,0.11311630394016653,-0.6559481074354769,0.029300674722355806,0.05574460622152567
0.4345758604374295,0.13863923549456206,0.045036454307847244,0.1450449176624553,-0.32179418518509334,0.4446509965507901,0.5171903209127909
