Baseline,SVM-RBF,Lin/Log-L1,RF,LogCont-L1,KernelBiome,KB_Aitchison
0.07607812371894129,0.09373446006922322,0.12572435232307572,0.16764744790451852,-1.1849028277491427,0.008055690747659152,0.02631135254269691
0.2510843951036321,0.14671195517647412,0.035663494744691965,0.09252066580115918,-0.29709861038790353,0.008825165230013903,0.010038297917653994
0.39797614119649766,0.08682882810123364,0.21472659848441342,0.12217913662083348,-1.265039357724468,0.003127180451582864,0.009613914429114847
0.12386419635188162,0.1702730628066667,0.2983527190468193,0.4154390388619139,-0.3821208852280255,0.49450076702244444,0.373194368877177
0.18458425584506577,0.37768697776017673,0.6826565088179309,0.2729566082363459,-0.3374807396899002,0.361940263505149,0.4788669240022832
0.4715374172971551,0.16534548878583472,0.23951724427317944,0.44503471655329274,-0.37867838935896997,0.4184204256012256,0.5309642841714246
0.47861555861500915,0.25875532726521305,0.36868811367527815,0.4522727823688532,0.45879244990361656,0.9302770977857556,0.8784062841192899
