Baseline,SVM-RBF,Lin/Log-L1,RF,LogCont-L1,KernelBiome,KB_Aitchison
0.4957176011258105,0.1453073930794018,0.04350972948687825,0.1794506143549514,-0.6119402985074627,0.15546328041305513,0.36665872394744253
0.022846663459132555,0.36047233284710867,0.41749544026377255,0.21728631683193342,-0.6119402985074627,0.02783384828914001,0.023860200142379766
0.2752174828229079,0.27620695656528016,0.2481191279709107,0.18073019091109827,-0.6119402985074627,0.023011947780587187,0.026593467836442106
0.194890614136442,0.18085341787281897,0.2733021507856036,0.25353081203802635,-0.6119402985074627,0.3117194829781254,0.3894154191154698
0.07397009126234805,0.14934979249950373,0.1302931692117232,0.12821849318167997,-0.6119402985074627,0.10503629757602564,0.11935039556167899
0.13059489430153204,0.12682259695019268,0.3656840973846318,0.23704766591376805,-0.6119402985074627,0.15018391877366646,0.29115610231152794
0.012784205328486842,0.1630099188538009,0.7000907835595962,0.2633501404190236,-0.6119402985074627,0.27611492192111464,0.10692264329634842
