Baseline,SVM-RBF,Lin/Log-L1,RF,LogCont-L1,KernelBiome,KB_Aitchison
0.07400725363495592,0.0838102414843093,0.084716238340842,0.08611455775741995,-1.052155195304932,0.07841743598571681,0.043558534220831356
0.46304820057887003,0.07035448184493748,0.008804658527023362,0.05913352476509286,-0.5373639546712861,0.0043685244190738975,0.06445937382741793
0.052534118650688244,0.12164196959802047,0.016871569874252576,0.18924051526199345,-0.5694243381724089,0.042323785899485836,0.1351062561992133
0.2817532262106959,0.08085045305904086,0.025476694220583653,0.09057491755209982,-0.26152059961230417,0.01920810604796702,0.2878922046270906
0.43616113288324404,0.5270647772268485,0.496222218964111,0.34885554378554795,0.4157715830124344,0.6577760696078004,0.6473413032555141
0.21207106278753346,0.2133065389980614,0.03771689346298426,0.15144722574731928,-0.2665372359513848,0.05130843608391124,0.24988531287711205
0.07976454013521389,0.07297391876117024,0.005872418524292361,0.07681769631301674,-1.2626939144985838,0.002726175260444135,0.03846175519141559
0.282439724422434,0.059373371661921394,0.03196261851199964,0.0501249159127997,-1.1328986329198873,0.016909399890201904,0.03767376569596875
