Baseline,SVM-RBF,Lin/Log-L1,RF,LogCont-L1,KernelBiome,KB_Aitchison
0.20115920753196842,0.3079073772958818,0.11768561718019606,0.15031129977299623,-1.5863169190820838,0.15260600658448198,0.01494512717516104
0.16200654781385798,0.1234383279284129,0.05226209555444751,0.06611818574591577,-1.4929432145749835,0.03496907734984204,0.014520974355783147
0.3503591294951491,0.4313308611234541,0.6849531839446971,0.31040836267502564,0.14801662793243336,0.6862261264135907,0.6959841019074485
0.13462986604548283,0.17498672555571937,0.035181468610887646,0.11934065566991496,-0.7622682373818588,0.1115780101712724,0.14733078613415376
0.21063030446951553,0.23863863924525905,0.2605625210998652,0.2856119805958004,-0.12829147425779602,0.251666915403989,0.31861485030361847
0.09549116518965456,0.14180263398594428,0.017892148695744254,0.06323282025463836,-1.3158138660256526,0.06572665899264912,0.03563223391681623
0.41637574792554227,0.1402693008238186,0.11009256680085315,0.15618477890829682,-0.5830243797758012,0.16781774394814258,0.5498290865608145
