Baseline,SVM-RBF,Lin/Log-L1,RF,LogCont-L1,KernelBiome,KB_Aitchison
0.24180068614877692,0.2764789755294549,0.11102128794696044,0.14124008030676058,-1.604730716058865,0.022740157506776375,0.042376277550830226
0.2146662065659301,0.06887146372507602,0.04377215169180641,0.07224161852099732,-1.6528519788747715,0.023327836198258074,0.025115370239045347
0.48576288676095153,0.14202542291107426,0.3197865422464913,0.4513166060372432,0.43485803763957587,0.519729482895224,0.3742653925492215
0.41423917188744847,0.07657555911807655,0.19790903100551804,0.11112293345092031,-0.856139545640585,0.038434723047263586,0.041383344663408726
0.15736150915134373,0.10867681320274679,0.20268794498163406,0.41864747674894187,-0.3398364812076828,0.344745202630932,0.3515208309009565
0.08305156868196173,0.17385022032251535,0.04603838057156548,0.10030800000012699,-0.4672679542163859,0.07539216307841934,0.14069614867748165
0.3465168901638811,0.023453642296477454,0.01942577494653977,0.1041146772182304,-1.6118939473086056,0.013419582973727579,0.005082416085700197
