Baseline,SVM-RBF,Lin/Log-L1,RF,LogCont-L1,KernelBiome,KB_Aitchison
0.31247143556335744,0.18022679094799315,0.14662526226549888,0.08972300377242502,-0.8726851719170641,0.024438396157201045,0.04178014644172917
0.1798476900386779,0.24585953815748848,0.6378842675378738,0.31940341030325464,-0.22902820536004825,0.7302622643732631,0.5491819827568241
0.02499171029741648,0.16946027720217016,0.06416879749445506,0.16643426379299306,0.16477469207968748,0.2873229475268467,0.5395546866384823
0.46216139764896924,0.16835023131316368,0.2189338023484922,0.0864104460026513,-1.1609215106521997,0.027820806458678526,0.025136573507897785
0.11153517064093976,0.17068568207634774,0.05965270400133928,0.11413492691428641,-0.5913326461463531,0.08638878122867592,0.12986034862702933
0.08362711871907036,0.2430824682490285,0.008254059889640997,0.14783684856429175,-0.5821301852968821,0.04943688405341776,0.1495083577540062
0.4725971298587959,0.1668898044991618,0.16699015686943233,0.2061027238274547,-0.7317362464738677,0.06081475681820473,0.17006354628518527
0.0911613089123659,0.276654487680588,0.4457370163472683,0.4007188424925649,0.15882157058354401,0.7711224840088092,0.6163383951818021
