Baseline,SVM-RBF,Lin/Log-L1,RF,LogCont-L1,KernelBiome,KB_Aitchison
0.20115920753196842,0.07576417944411037,0.0733093242952264,0.23251104711963494,-0.5236691504930621,0.5431007873963338,0.49337736692777273
0.16200654781385798,0.12714849507236967,0.0869816009871609,0.23343223727918103,-0.8848139715156663,0.13868107030678398,0.18975286293095223
0.3503591294951491,0.2034574413356815,0.15490165509753367,0.2191452228384688,-0.38746874179612995,0.08234494547742048,0.10983227116182255
0.13462986604548283,0.28594163614916485,0.276777545851819,0.3950624952026293,-0.08170197281682345,0.71712688801255,0.5
0.21063030446951553,0.12614162768805715,0.20626270636240443,0.23542169624736395,-0.31562241076312714,0.1250639990246985,0.04972864790266635
0.09549116518965456,0.2218703719611102,0.06830131237507064,0.15869724989862366,-0.5169925776555733,0.03348518227496572,0.17257043241686848
0.41637574792554227,0.4369150000882996,0.09978376610578286,0.31445273787315653,-0.028830586122447543,0.27269855450585717,0.356514163562082
0.34392751571155,0.12139016518586943,0.04462794125749449,0.19963343246353538,-0.45042389075033396,0.5453381628492041,0.538562308141839
