estimator_key,kmat_fun,avg_test_score,most_freq_best_param
aitchison_c_1.7773828038213738e-08,<function wrap.<locals>.calc at 0x7fffb255f6a8>,-0.04990479146822695,3.4455959796905518
aitchison-rbf_c_1.7773828038213738e-09_g_1.1746001885783897e-05,<function wrap.<locals>.calc at 0x7fffb255fb70>,-0.050840731468105936,0.00041785955909290356
hilbertian_a_1_b_-inf,<function wrap.<locals>.calc at 0x7fffb255f1e0>,-0.06394318970121324,0.0072459176899858655
generalized-js_a_inf_b_1,<function wrap.<locals>.calc at 0x7fffbc638e18>,-0.06394319083026048,0.007245918196081902
rbf_g_0.004377660104653353,<function wrap.<locals>.calc at 0x7fffbc638950>,-0.07890495574737709,0.00046104309149086486
linear,<function kmat_linear at 0x7fffbc6bc950>,-0.0904592800125457,0.007628940600616225
heat-diffusion_t_0.08447217207908736,<function wrap.<locals>.calc at 0x7fffb2542268>,-0.1593651116613157,1.7726335629040257e-25
