estimator_key,kmat_fun,avg_test_score,most_freq_best_param
aitchison_c_1.7773828038213738e-08,<function wrap.<locals>.calc at 0x7fffb255f6a8>,-0.0410359784626478,3.595894798636437
aitchison-rbf_c_1.7773828038213738e-09_g_1.1758613126700206e-05,<function wrap.<locals>.calc at 0x7fffb255fb70>,-0.042077115518330835,0.00043706562337320076
hilbertian_a_10_b_-inf,<function wrap.<locals>.calc at 0x7fffb255f378>,-0.05553515038286565,0.008325080416398126
generalized-js_a_inf_b_1,<function wrap.<locals>.calc at 0x7fffbc638e18>,-0.05573841007314504,0.0005936643356108105
rbf_g_0.004202527821630954,<function wrap.<locals>.calc at 0x7fffbc638950>,-0.0798690549560103,0.0004822458413400455
linear,<function kmat_linear at 0x7fffbc6bc950>,-0.10934826003446503,0.09475729361624255
heat-diffusion_t_0.08447217207908736,<function wrap.<locals>.calc at 0x7fffb2541268>,-0.15988993202029603,1.8129199959988945e-25
