estimator_key,kmat_fun,avg_test_score,most_freq_best_param
aitchison_c_1.7773828038213738e-08,<function wrap.<locals>.calc at 0x7fffb25586a8>,-0.03793766459730967,3.5018108487129207
aitchison-rbf_c_1.777382803821374e-07_g_3.667032056807484e-05,<function wrap.<locals>.calc at 0x7fffb2558d08>,-0.039784830344082145,0.0004169528765487484
generalized-js_a_1_b_1,<function wrap.<locals>.calc at 0x7fffbc638d08>,-0.06112125237040187,0.024222550552069545
hilbertian_a_1_b_-inf,<function wrap.<locals>.calc at 0x7fffb25581e0>,-0.06236950087360075,0.01679810720168433
rbf_g_0.045391641600848465,<function wrap.<locals>.calc at 0x7fffbc638bf8>,-0.07681640213255203,0.005772706027890348
linear,<function kmat_linear at 0x7fffbc6bc950>,-0.07687795492765508,0.07559282685150148
heat-diffusion_t_0.08447217207908736,<function wrap.<locals>.calc at 0x7fffb2540268>,-0.16795575128444276,1.268553740176299e-25
