estimator_key,kmat_fun,avg_test_score,most_freq_best_param
aitchison-rbf_c_1.777382803821374e-07_g_3.659068115035885e-05,<function wrap.<locals>.calc at 0x7fffb255fd08>,-0.047687908878251015,0.0004169089370407166
aitchison_c_1.7773828038213738e-08,<function wrap.<locals>.calc at 0x7fffb255f6a8>,-0.04841890846898636,3.4623829424381256
generalized-js_a_inf_b_1,<function wrap.<locals>.calc at 0x7fffbc638e18>,-0.06762177866099375,0.09119940153155119
hilbertian_a_1_b_-inf,<function wrap.<locals>.calc at 0x7fffb255f1e0>,-0.06762178718921472,0.09119940153155119
rbf_g_0.004223986481000299,<function wrap.<locals>.calc at 0x7fffbc638950>,-0.07947585531316528,0.00046105853834887983
linear,<function kmat_linear at 0x7fffbc6bc950>,-0.08154749886151946,0.08884306108311738
heat-diffusion_t_0.08447217207908736,<function wrap.<locals>.calc at 0x7fffb2542268>,-0.15778750336216535,1.6374873917357666e-25
