estimator_key,kmat_fun,avg_test_score,most_freq_best_param
aitchison_c_1.7773828038213738e-08,<function wrap.<locals>.calc at 0x7fffb25686a8>,-0.04704422315919272,3.4866335093975067
aitchison-rbf_c_1.777382803821374e-07_g_0.00036907597468585743,<function wrap.<locals>.calc at 0x7fffb2568d90>,-0.0475472366046084,0.00017860475600173237
generalized-js_a_inf_b_1,<function wrap.<locals>.calc at 0x7fffbc639e18>,-0.0630076970143192,0.03934770559612809
hilbertian_a_1_b_-inf,<function wrap.<locals>.calc at 0x7fffb25681e0>,-0.06300770546840731,0.03934770559612809
rbf_g_4.539164160084846,<function wrap.<locals>.calc at 0x7fffbc639c80>,-0.0736507926954795,0.07222360566182795
linear,<function kmat_linear at 0x7fffbc6bd950>,-0.09041599115411633,0.08702021731066467
heat-diffusion_t_0.08447217207908736,<function wrap.<locals>.calc at 0x7fffb2542268>,-0.14409134849908042,1.6334235562935977e-25
