estimator_key,kmat_fun,avg_test_score,most_freq_best_param
aitchison-rbf_c_1.777382803821374e-07_g_3.691686827789209e-05,<function wrap.<locals>.calc at 0x7fffb255ad08>,-0.043830674386743054,0.00041758283623494186
aitchison_c_1.777382803821374e-07,<function wrap.<locals>.calc at 0x7fffb255a730>,-0.043966188673596154,1.8837747573852537
hilbertian_a_1_b_-inf,<function wrap.<locals>.calc at 0x7fffb255a1e0>,-0.06953002700430601,0.039309047349050226
generalized-js_a_inf_b_1,<function wrap.<locals>.calc at 0x7fffbc638e18>,-0.06953003929612304,0.039309047349050226
rbf_g_0.004309310889005787,<function wrap.<locals>.calc at 0x7fffbc638950>,-0.08021214368130329,0.00046104825378279196
linear,<function kmat_linear at 0x7fffbc6bc950>,-0.08244454472904106,0.04217102713128884
heat-diffusion_t_0.08447217207908736,<function wrap.<locals>.calc at 0x7fffb2541268>,-0.15713088952445972,1.7726345797950398e-25
