estimator_key,kmat_fun,avg_test_score,most_freq_best_param
aitchison_c_1.777382803821374e-07,<function wrap.<locals>.calc at 0x7fffb2561730>,-0.022327743347324718,1.865866959095001
aitchison-rbf_c_1.777382803821374e-07_g_3.710189960639015e-05,<function wrap.<locals>.calc at 0x7fffb2561d08>,-0.022598210721691492,0.0004178284252702725
generalized-js_a_1_b_1,<function wrap.<locals>.calc at 0x7fffbc638d08>,-0.04717156786461252,0.010629216936682895
rbf_g_0.042677745388948,<function wrap.<locals>.calc at 0x7fffbc638bf8>,-0.05010047653548568,0.005771085002276322
hilbertian_a_1_b_-inf,<function wrap.<locals>.calc at 0x7fffb25611e0>,-0.0503241542654906,0.03936336998817173
linear,<function kmat_linear at 0x7fffbc6bc950>,-0.051142604168100445,0.04138203260179665
heat-diffusion_t_0.08447217207908736,<function wrap.<locals>.calc at 0x7fffb2542268>,-0.11801299147608957,1.772631698603852e-25
