estimator_key,kmat_fun,avg_test_score,most_freq_best_param
aitchison_c_1.9733713273092896e-08,<function wrap.<locals>.calc at 0x7fffb255e6a8>,-0.04488972683107743,3.4436185359954834
aitchison-rbf_c_1.9733713273092895e-09_g_1.1985108502685414e-05,<function wrap.<locals>.calc at 0x7fffb255eb70>,-0.04691895275465218,0.00041771705582505103
hilbertian_a_1_b_-inf,<function wrap.<locals>.calc at 0x7fffb255e1e0>,-0.07067148919430337,0.016834502056113584
generalized-js_a_inf_b_1,<function wrap.<locals>.calc at 0x7fffbc639e18>,-0.07067150513652216,0.016834502056113584
rbf_g_4.691845475078545,<function wrap.<locals>.calc at 0x7fffbc639c80>,-0.08968017400195213,0.0001911158706207062
linear,<function kmat_linear at 0x7fffbc6bd950>,-0.1094905473462963,0.08730901088815812
heat-diffusion_t_0.08447217207908736,<function wrap.<locals>.calc at 0x7fffb2556268>,-0.16891693121655588,1.6336267650138878e-25
