estimator_key,kmat_fun,avg_test_score,most_freq_best_param
aitchison_c_1.7773828038213738e-08,<function wrap.<locals>.calc at 0x7fffb255d6a8>,-0.040574680917315295,3.4604782760143276
aitchison-rbf_c_1.777382803821374e-07_g_3.6682159565423875e-05,<function wrap.<locals>.calc at 0x7fffb255dd08>,-0.043305284349458864,0.000417402796301758
generalized-js_a_1_b_1,<function wrap.<locals>.calc at 0x7fffbc639d08>,-0.0559701512751347,6.611484332097468e-05
hilbertian_a_10_b_-inf,<function wrap.<locals>.calc at 0x7fffb255d378>,-0.05840144945649802,0.008033365651499478
rbf_g_0.004574241655463186,<function wrap.<locals>.calc at 0x7fffbc639950>,-0.08641784224937853,0.000461040090158349
linear,<function kmat_linear at 0x7fffbc6bc950>,-0.11255136042347905,0.03733899803930072
heat-diffusion_t_0.08447217207908736,<function wrap.<locals>.calc at 0x7fffb2551268>,-0.15727114245043844,1.6658978012364285e-25
