estimator_key,kmat_fun,avg_test_score,most_freq_best_param
aitchison_c_1.7773828038213738e-08,<function wrap.<locals>.calc at 0x7fffb255c6a8>,-0.046864858928114525,3.489604264497757
aitchison-rbf_c_0.001777382803821374_g_0.006154176122536618,<function wrap.<locals>.calc at 0x7fffb2541158>,-0.04859778555129169,0.0001874169283837545
generalized-js_a_1_b_1,<function wrap.<locals>.calc at 0x7fffbc638d08>,-0.053634652790300205,0.004562707809984135
hilbertian_a_10_b_-1,<function wrap.<locals>.calc at 0x7fffb255c268>,-0.056684841559012634,0.03552592634566197
rbf_g_0.0043829185153913515,<function wrap.<locals>.calc at 0x7fffbc638950>,-0.07576342640925313,0.0004610443320416379
linear,<function kmat_linear at 0x7fffbc6bc950>,-0.08227332310204896,0.04156233102804118
heat-diffusion_t_0.08447217207908736,<function wrap.<locals>.calc at 0x7fffb2541268>,-0.1851334982861332,1.7726345797950398e-25
