estimator_key,kmat_fun,avg_test_score,most_freq_best_param
aitchison-rbf_c_1.777382803821374e-07_g_3.6907597468585746e-05,<function wrap.<locals>.calc at 0x7fffb2543d08>,-0.023988890641575323,0.00041726473500602873
aitchison_c_1.777382803821374e-07,<function wrap.<locals>.calc at 0x7fffb2543730>,-0.024266925963958658,1.8763355761766434
generalized-js_a_inf_b_1,<function wrap.<locals>.calc at 0x7fffbc639e18>,-0.04373099673912257,0.039194393999008
hilbertian_a_1_b_-inf,<function wrap.<locals>.calc at 0x7fffb25431e0>,-0.04373100374183937,0.039194393999008
rbf_g_0.004275608435559546,<function wrap.<locals>.calc at 0x7fffbc639950>,-0.04694780817548662,0.00046104533248580976
linear,<function kmat_linear at 0x7fffbc6bc950>,-0.053715742277555004,0.00735698710359206
heat-diffusion_t_0.08447217207908736,<function wrap.<locals>.calc at 0x7fffb254e268>,-0.12778210913749666,1.7723062934804428e-25
