estimator_key,kmat_fun,avg_test_score,most_freq_best_param
aitchison_c_1.777382803821374e-10,<function wrap.<locals>.calc at 0x7fffb2560598>,-0.0432925470649563,8.393325328826903
aitchison-rbf_c_1.7773828038213738e-11_g_5.055411556414098e-06,<function wrap.<locals>.calc at 0x7fffb25609d8>,-0.04386454491931769,0.00041831296039163124
generalized-js_a_10_b_1,<function wrap.<locals>.calc at 0x7fffbc6388c8>,-0.06764954954245922,0.0002796301887428854
hilbertian_a_10_b_-10,<function wrap.<locals>.calc at 0x7fffb25602f0>,-0.06768271787332261,0.003906854544766247
rbf_g_0.0043829185153913515,<function wrap.<locals>.calc at 0x7fffbc638950>,-0.09453267994815759,0.00046105289584375003
linear,<function kmat_linear at 0x7fffbc6bc950>,-0.1114743101380653,0.09525807889825041
heat-diffusion_t_0.08447217207908736,<function wrap.<locals>.calc at 0x7fffb2542268>,-0.1477533127981683,1.772633732385862e-25
