estimator_key,kmat_fun,avg_test_score,most_freq_best_param
aitchison_c_1.7773828038213738e-08,<function wrap.<locals>.calc at 0x7fffb25686a8>,-0.04468676043564605,3.5279546082019806
aitchison-rbf_c_1.7773828038213738e-09_g_1.1872948322064855e-05,<function wrap.<locals>.calc at 0x7fffb2568b70>,-0.04591804289216946,0.0004174854730081278
hilbertian_a_1_b_-inf,<function wrap.<locals>.calc at 0x7fffb25681e0>,-0.07038155396572318,0.016862771564146423
generalized-js_a_inf_b_1,<function wrap.<locals>.calc at 0x7fffbc639e18>,-0.07038158678006287,0.016862771564146423
rbf_g_0.004590923021689828,<function wrap.<locals>.calc at 0x7fffbc639950>,-0.07138652334361338,0.00046104869397822784
linear,<function kmat_linear at 0x7fffbc6bc950>,-0.08583209485242173,0.07776142965030534
heat-diffusion_t_0.08447217207908736,<function wrap.<locals>.calc at 0x7fffb2540268>,-0.1741207000391853,1.2669097663757729e-25
