estimator_key,kmat_fun,avg_test_score,most_freq_best_param
aitchison_c_1.7773828038213738e-08,<function wrap.<locals>.calc at 0x7fffb25686a8>,-0.04066488672137788,3.500217616558075
aitchison-rbf_c_1.7773828038213738e-09_g_1.1705820387675281e-05,<function wrap.<locals>.calc at 0x7fffb2568b70>,-0.04209458896371685,0.00041763822082430113
generalized-js_a_inf_b_1,<function wrap.<locals>.calc at 0x7fffbc638e18>,-0.07706516900356603,0.016841658162234596
hilbertian_a_1_b_-inf,<function wrap.<locals>.calc at 0x7fffb25681e0>,-0.07706517675985051,0.016841658162234596
rbf_g_0.004299140144603716,<function wrap.<locals>.calc at 0x7fffbc638950>,-0.08405875156806572,0.0004610673422575927
linear,<function kmat_linear at 0x7fffbc6bc950>,-0.10360774050184951,0.08562047606208784
heat-diffusion_t_0.08447217207908736,<function wrap.<locals>.calc at 0x7fffb2542268>,-0.17290051596967357,1.6637667366418077e-25
