Baseline,SVM-RBF,Lin/Log-L1,RF,LogCont-L1,KernelBiome,KB_Aitchison
0.5390909090909092,0.4616464375060546,0.5487334082186485,0.4537599999999995,0.5443663345013626,0.3106606917519608,0.25529484180212114
0.5390909090909092,1.1075111500525612,0.9904795455858014,1.051940000000001,0.8902194164267474,1.1470959110481247,1.2899536574319805
0.5390909090909092,0.26165692127168116,0.32611585164616474,0.3848399999999995,0.4153346167423644,0.3910516649070429,0.45857320790661116
0.5390909090909092,1.0485728059277366,0.915111264344973,1.0489400000000009,0.9786598162581457,1.1547179306436663,1.2736656922475804
0.5390909090909092,0.22822081144702533,0.14774865595841785,0.1534399999999993,0.11387304203543758,0.09172947504558548,0.0783664908222011
