Baseline,SVM-RBF,Lin/Log-L1,RF,LogCont-L1,KernelBiome,KB_Aitchison
0.5659090909090909,0.5517211156908359,0.5451394522131982,0.6326999999999998,0.7932066383921405,0.7444540373120967,0.7872264247842149
0.5659090909090909,0.49368452598940304,0.5544785884169915,0.24503999999999979,0.2390687559144552,0.2900567642129349,0.2593660472090263
0.5659090909090909,1.0007869608167732,1.0671579920419876,0.68528,0.8619372520522034,0.9263079487842671,0.9475388427110649
0.5659090909090909,0.27298767479655917,0.19273048758381284,0.27665999999999985,0.20439370690402314,0.20758767319306515,0.28520399873632707
0.5659090909090909,0.3082979816496035,0.31822806675002546,0.2767000000000002,0.2019979362181049,0.14734195492318658,0.14068687420106551
