Baseline,SVM-RBF,Lin/Log-L1,RF,LogCont-L1,KernelBiome,KB_Aitchison
0.5477272727272727,0.7294498210609666,0.6129983284542988,0.9205600000000007,0.6543852637775511,1.0046567699337077,1.042885564072662
0.5477272727272727,0.7507574425293174,0.6671528265467994,0.4755999999999994,0.6261393496383102,0.41713713112065864,0.3970420227487312
0.5477272727272727,0.40613470131242596,0.5629898793690987,0.30681999999999976,0.17381011059612161,0.20770033991165837,0.2612626934911768
0.5477272727272727,0.6066488076784561,0.5127815757221952,0.4845399999999983,0.42019039464111824,0.45837479107876056,0.5323351087583552
0.5477272727272727,1.0206940871064414,1.1714178815952845,0.8503400000000012,0.869652942092012,0.9349238426842846,0.9679552829254414
