Baseline,SVM-RBF,Lin/Log-L1,RF,LogCont-L1,KernelBiome,KB_Aitchison
0.579090909090909,0.533140541502232,0.5615465210297204,0.7286400000000007,0.6563453192398387,0.7489360103291546,0.7756006445019066
0.579090909090909,0.33016483634002003,0.488535913740416,0.13899999999999932,0.1923057701564298,0.176072179070972,0.17705385861013134
0.579090909090909,0.34213645159312545,0.22141791982732262,0.21754000000000015,0.17279245380800945,0.16381337924526096,0.17945942074643606
0.579090909090909,0.27444256116896637,0.18293419343121664,0.27462000000000014,0.2698665015857145,0.20539283727251484,0.272543201184167
0.579090909090909,0.3085400479707556,0.2859513111742864,0.2683400000000001,0.4185510870690382,0.30563444980800913,0.293438751019623
