Baseline,SVM-RBF,Lin/Log-L1,RF,LogCont-L1,KernelBiome,KB_Aitchison
0.5147727272727273,0.4628583730081904,0.5185677011815537,0.5247400000000015,0.35154083868413194,0.34857313703115805,0.34857313703115805
0.5147727272727273,0.9996146615006867,0.7112858814089472,0.9237000000000016,1.0850904220120174,1.0648645595550064,1.0648645595550064
0.5147727272727273,1.169043199820347,0.8581299813156227,1.0611400000000029,1.1363780512836072,1.249150573916011,1.249150573916011
0.5147727272727273,0.3441452551709066,0.4341502714455189,0.3742799999999987,0.29060562716649646,0.372910603067499,0.372910603067499
0.5147727272727273,0.5771513825619273,0.5559111304362913,0.5837199999999998,0.5064500227857669,0.5222303128991417,0.5222303128991417
