Baseline,SVM-RBF,Lin/Log-L1,RF,LogCont-L1,KernelBiome,KB_Aitchison
0.5477272727272727,0.5338531531724924,0.5261776885444694,0.7193999999999999,0.7211444682637274,0.7058847097975693,0.7426115391231329
0.5477272727272727,0.7029791895808009,0.6413558429920238,0.9161000000000004,0.8156609287317431,0.9895412753176605,1.0324564427568146
0.5477272727272727,0.6477493130125936,0.5777649356764217,0.5565999999999994,0.30465961681387216,0.49077055924459767,0.49861016367715594
0.5477272727272727,0.28082240107483364,0.13368214773221904,0.2510800000000002,0.3314837955645132,0.2219773291977572,0.23026262274065395
0.5477272727272727,0.29056261479173057,0.38362491117760045,0.2668200000000001,0.1995732030966219,0.14575782750292676,0.15554082470838632
