Baseline,SVM-RBF,Lin/Log-L1,RF,LogCont-L1,KernelBiome,KB_Aitchison
0.5571111111111111,0.665302722786703,0.6125737510453395,0.47697999999999807,0.5316454416942269,0.4497049516257891,0.5159139564257187
0.5571111111111111,0.1654676505573318,0.2595668926560377,0.14619999999999947,0.09222069513325482,0.06918645882297542,0.1135471037266203
0.5571111111111111,0.7790664988410102,0.7356393904167458,0.7320200000000007,0.9184843486185693,0.8007725596473021,0.7991072187932842
0.5571111111111111,0.956497644268421,1.0063706250164595,0.7111400000000004,0.8539234487361683,0.7376970061579966,0.7755463924343824
