Baseline,SVM-RBF,Lin/Log-L1,RF,LogCont-L1,KernelBiome,KB_Aitchison
0.5622727272727274,0.49279673856009265,0.49494006903377624,0.4359999999999997,0.45559897487644874,0.4761510664037628,0.37454029493390356
0.5622727272727274,0.48260498786376305,0.5432766765017738,0.5978600000000007,0.47915560960205494,0.5064782311958493,0.32109908928249153
0.5622727272727274,0.22888824445997694,0.1901872175169928,0.1744799999999997,0.06831098789147805,0.21719847749576465,0.040779349089898775
0.5622727272727274,0.852446180774765,0.5867510867339429,0.8332800000000008,0.9094120804085025,0.7961405571215351,0.8771718203522014
0.5622727272727274,0.8012976269897598,0.737661892087404,0.7658800000000009,0.8214756925949261,0.8497589048848015,0.7916868160159525
