Baseline,SVM-RBF,Lin/Log-L1,RF,LogCont-L1,KernelBiome,KB_Aitchison
0.5354545454545455,0.8370746364214465,0.781742383411272,1.0128400000000006,1.7057953583860872,1.33772642590692,1.4543453175059953
0.5354545454545455,1.0792931307233722,0.9066288207278556,1.0195800000000015,1.5081737479230872,1.1385548211185164,1.1951617952018494
0.5354545454545455,0.6553859392103898,0.6260659216801278,0.5655600000000001,0.5517283771854251,0.4955868229597583,0.5071330560895159
0.5354545454545455,0.31593555133591555,0.5742827662193508,0.15523999999999957,0.24726393652829604,0.1326492197481226,0.0991786309514639
0.5354545454545455,0.2841904980858967,0.06650918010674611,0.26794000000000034,0.26101836288917113,0.16439935612525047,0.1792156820055592
