Baseline,SVM-RBF,Lin/Log-L1,RF,LogCont-L1,KernelBiome,KB_Aitchison
0.5565909090909091,0.4467034191960927,0.4747008273665098,0.41301999999999855,0.36793872378952047,0.41796516493080055,0.5088746881089079
0.5565909090909091,0.5775757608156615,0.5103203227515122,0.6889800000000005,0.7787766334375551,0.7266429686401227,0.7949870806010628
0.5565909090909091,0.4300529138330387,0.5157567283298259,0.8810600000000012,0.7839254084297166,0.9289348704448679,0.8462367227050025
0.5565909090909091,0.5050007823903132,0.6257759558240868,0.3742399999999997,0.17798270992781573,0.26107258200430594,0.24539812258683907
0.5565909090909091,0.28966265326988205,0.29681676606679,0.17857999999999946,0.016814765979006885,0.1656166797267361,0.11929869436593843
