Baseline,SVM-RBF,Lin/Log-L1,RF,LogCont-L1,KernelBiome,KB_Aitchison
0.5279545454545456,0.44152459539592026,0.45303721226299565,0.3977628453836325,0.46309105546563156,0.4704558841243648,0.5201572983130924
0.5279545454545456,0.8699891261050994,1.0283883442524777,0.8017264159120903,0.5037521576315844,1.1115485650936017,1.0566331760644285
0.5279545454545456,0.8142010197685583,0.5707368126256109,0.8840357086312399,0.7155784857331617,0.8522481395852748,0.8623246848468089
0.5279545454545456,0.3408145051992766,0.21172393537279477,0.1949973833540899,0.20721509072490574,0.16429833830464496,0.17784826600344567
0.5279545454545456,0.9835670826265547,0.9917629963458678,0.8711107923155287,0.8251696894662411,0.9298158604217095,0.9449497905118387
