Baseline,SVM-RBF,Lin/Log-L1,RF,LogCont-L1,KernelBiome,KB_Aitchison
0.5545454545454546,0.5001635756545086,0.492969500197484,0.3630199999999995,0.7128484362536823,0.3586185120278596,0.3586185120278596
0.5545454545454546,1.1973071605215693,0.9953006640552965,1.1428200000000024,1.0545188225625637,1.3232120295307124,1.3232120295307124
0.5545454545454546,0.3430591726814232,0.48013638027800337,0.3908799999999986,0.5087279274155814,0.27058357386373605,0.27058357386373605
0.5545454545454546,0.2935322271911606,0.11424003167634311,0.2523200000000001,0.3383303412788207,0.20768948473865817,0.20768948473865817
0.5545454545454546,0.9931081912229882,1.028454431038449,0.7504000000000004,0.9286993449389327,0.7981702010384134,0.7981702010384134
