Baseline,SVM-RBF,Lin/Log-L1,RF,LogCont-L1,KernelBiome,KB_Aitchison
0.5545454545454546,0.8427909194764116,0.6613865422528954,0.9892200000000025,0.7628363162826974,0.8651858716920141,0.7891808159071363
0.5545454545454546,0.33193185504677925,0.5081531677282757,0.14685999999999938,0.19572217265070901,0.18618047168694013,0.19520062308169173
0.5545454545454546,0.33895785294880476,0.22095928146297833,0.2029400000000001,0.1878766621761152,0.15570433501041403,0.1660816069222072
0.5545454545454546,1.1436978588587656,0.7937426299526504,1.104840000000002,1.122748518084904,1.216061651811105,1.1437183268112299
0.5545454545454546,0.26881824200442783,0.18318984659617565,0.20309999999999997,0.07331246723717699,0.10159582818413138,0.0639647527825436
