Baseline,SVM-RBF,Lin/Log-L1,RF,LogCont-L1,KernelBiome,KB_Aitchison
0.5718181818181819,0.29603485567395293,0.24747141621506996,0.22370000000000012,0.12325098965965464,0.16006838675514584,0.08709604906159235
0.5718181818181819,0.3430916793448838,0.5115604380820256,0.20274,0.1860885255348958,0.18593697775475548,0.16018566981039895
0.5718181818181819,0.6252724628702891,0.8625258838471255,0.872720000000001,0.945959449927993,1.0640462561290314,0.966601913107916
0.5718181818181819,0.2594798941000378,0.3049291185525139,0.2082000000000001,0.11090752322673592,0.11899074985851599,0.1328461691128625
0.5718181818181819,0.5704483544812846,0.5743196262823683,0.58786,0.7678640097705489,0.5185560452550753,0.5141484714910063
