Baseline,SVM-RBF,Lin/Log-L1,RF,LogCont-L1,KernelBiome,KB_Aitchison
0.5700000000000002,0.4868549577445386,0.5722887364398594,0.5137800000000016,0.4998046406705693,0.4389419052989641,0.3582436724356135
0.5700000000000002,1.1568157605593163,0.9395924356505765,1.1519800000000007,1.2711957833850072,1.2881581942816287,1.3286870045480002
0.5700000000000002,0.28949095692152915,0.20618764704814158,0.1824599999999998,-0.08737998851847306,0.13979980174768492,0.1279783688004763
0.5700000000000002,0.3668185827053793,0.3000286323989636,0.23417999999999986,-0.11987377255561005,0.1647552121643826,0.13615156293466496
0.5700000000000002,0.6545193629931069,0.6600854104670462,0.5828400000000005,0.3644283769842541,0.5122621874713792,0.5149976702244886
