Baseline,SVM-RBF,Lin/Log-L1,RF,LogCont-L1,KernelBiome,KB_Aitchison
0.5602272727272728,0.5297928012872155,0.5969149901647366,0.6451799999999995,0.4375934614362281,0.5815733130924602,0.591746854689524
0.5602272727272728,0.23744486218652355,0.3098343146155461,0.3685799999999993,0.27787022866521893,0.373751921969006,0.40009719292322643
0.5602272727272728,0.8568982825214093,0.9554023930638575,0.793840000000001,0.7472192618976276,1.06790302484715,1.001551340136943
0.5602272727272728,0.23192780859956358,0.14812181296543891,0.14957999999999935,-0.04480349020721508,0.08530516445147512,0.08955445631750125
0.5602272727272728,0.2620109529030461,0.22098113324678034,0.2114799999999998,0.20667146525241553,0.09210342503457336,0.06247402675985758
