Baseline,SVM-RBF,Lin/Log-L1,RF,LogCont-L1,KernelBiome,KB_Aitchison
0.5348888888888889,0.2212611392468693,0.20247736290499002,0.1751399999999996,0.11277821715316716,0.13546358406898473,0.05765826727548223
0.5348888888888889,0.81366970691927,0.6131330040905709,0.9594000000000014,0.7695345762502155,0.8208065577015675,0.7407353577416889
0.5348888888888889,0.7495292411561222,0.4940438939742439,0.8017200000000004,0.820484185360624,0.8215096102601201,0.8236581107064536
0.5348888888888889,0.6421873933564741,0.8983738219600685,0.9222000000000015,0.9243830570443513,1.043830141541582,0.948344024830674
