Baseline,SVM-RBF,Lin/Log-L1,RF,LogCont-L1,KernelBiome,KB_Aitchison
0.5543181818181818,0.5328501945978951,0.5417102802825421,0.6370399999999998,0.8599681092315012,0.7681721763815235,0.78777233759295
0.5543181818181818,0.5896389727575505,0.5586447901662882,0.6315799999999996,0.8356590740892322,0.7578313560873124,0.7958708303806739
0.5543181818181818,0.3756132619637841,0.5317975454812157,0.4009200000000002,0.1680683246344149,0.22069148900484925,0.2862439576826339
0.5543181818181818,0.9999824631131482,1.0853525337580998,0.6938600000000003,0.8571061090518017,0.9481280288298597,0.9605302780024407
0.5543181818181818,0.27062616648430093,0.22353596837808248,0.31863999999999965,0.23990318544890377,0.20698122390023943,0.28272789276763866
