Baseline,SVM-RBF,Lin/Log-L1,RF,LogCont-L1,KernelBiome,KB_Aitchison
0.5545454545454546,0.46101277264822454,0.6287077539149243,0.4268199999999998,0.1932514352566872,0.2695841349425184,0.2483176977718261
0.5545454545454546,0.26152512984601617,0.32013997800558625,0.3190199999999996,0.2930627491693899,0.3900035601654827,0.4280914753611321
0.5545454545454546,0.7887337067233646,0.5250069953918899,0.8577400000000013,0.7488693018800228,0.8476517669368238,0.8616354307415163
0.5545454545454546,0.28958796374140605,0.2738711789820625,0.19465999999999958,0.03187729821742813,0.1380184027973012,0.10713747735835705
0.5545454545454546,1.12693501800159,0.8134162624840189,1.1315400000000018,1.1571032419749914,1.230378028624847,1.166249148631218
