Baseline,SVM-RBF,Lin/Log-L1,RF,LogCont-L1,KernelBiome,KB_Aitchison
0.5395454545454546,0.4801543458170759,0.49653703932671,0.46831999999999896,0.5153773870427274,0.48175826083600787,0.48175826083600787
0.5395454545454546,0.5425068874222069,0.549960402760002,0.5731999999999999,0.5886498971166385,0.5441604183020574,0.5441604183020574
0.5395454545454546,0.5687166340860303,0.6426793009091033,0.5372199999999995,0.6439113306133999,0.5798622511728488,0.5798622511728488
0.5395454545454546,0.8926118298973376,0.7330955755615693,0.9455000000000018,1.1281505844464772,1.0495514029194353,1.0495514029194353
0.5395454545454546,0.3123524721780628,0.38483044894595875,0.3000000000000001,0.1755618060333648,0.20862946889918965,0.20862946889918965
