Baseline,SVM-RBF,Lin/Log-L1,RF,LogCont-L1,KernelBiome,KB_Aitchison
0.5529545454545455,0.466455057610749,0.4953080679644459,0.38043999999999933,0.35902257770900314,0.44621601252212917,0.4164215505714234
0.5529545454545455,0.6368805168395197,0.5850924191934221,0.5713999999999996,0.6159295950840914,0.5471611486490588,0.5671444370225307
0.5529545454545455,0.6228931711515657,0.8639932261746173,0.9405400000000018,0.9992446734939898,1.0793739846386705,0.9970092600109353
0.5529545454545455,0.1716758677050823,0.2524375900718534,0.15057999999999955,0.10502059779908868,0.06043209698291774,0.10859034043804244
0.5529545454545455,0.4774688049790696,0.5259066220295706,0.5267799999999996,0.41873308331275083,0.5881430993779565,0.5739871295644544
