Baseline,SVM-RBF,Lin/Log-L1,RF,LogCont-L1,KernelBiome,KB_Aitchison
0.5720000000000001,0.48445527810997596,0.5471449721388116,0.2386399999999999,0.27018971369437805,0.27438933947670635,0.2719659596431369
0.5720000000000001,0.9977297275579536,1.0675345894698172,0.7897000000000004,0.86553693323085,0.9257246710711786,0.94992083318079
0.5720000000000001,0.37677290678254,0.36170626753780877,0.26714000000000004,0.23927682102558223,0.332420028778285,0.3073577343224564
0.5720000000000001,0.304502739527137,0.3101465617739308,0.26446000000000025,0.1889346133207951,0.34748728346033975,0.3535662762400496
