Baseline,SVM-RBF,Lin/Log-L1,RF,LogCont-L1,KernelBiome,KB_Aitchison
0.558409090909091,0.4786927377147275,0.5535428038539316,0.26033999999999974,0.27119629127784173,0.2890379473772473,0.27151922776997023
0.558409090909091,0.36283872761610947,0.5127086951101505,0.40005999999999947,0.2874093328177849,0.30994759500546454,0.23839548835063212
0.558409090909091,0.6860325606431927,0.9013055503533334,0.8784800000000007,1.050168856836029,1.078187879816047,1.0086030243035138
0.558409090909091,0.9477657715300325,1.0646384096580843,0.8070200000000008,0.82237433915128,0.9364872270674578,0.960161936563676
0.558409090909091,0.3202385910150381,0.3413749463518756,0.29439999999999994,0.19832278802604453,0.1627613229357901,0.16261898769245114
