Baseline,SVM-RBF,Lin/Log-L1,RF,LogCont-L1,KernelBiome,KB_Aitchison
0.5608888888888889,0.5449872396877388,0.606539750992714,0.7067800000000001,0.6843234895086204,0.5715404968470099,0.5715404968470099
0.5608888888888889,0.8866462486615045,0.7899454307194201,1.0521800000000017,1.6284126238960899,1.4250383722677833,1.4250383722677833
0.5608888888888889,0.3217203952950387,0.49231806527783645,0.16729999999999956,0.24620794073882468,0.11128685320921355,0.11128685320921355
0.5608888888888889,0.3044653755305599,0.30058819971266015,0.26808000000000004,0.19710594350267108,0.35441766494991944,0.35441766494991944
