Baseline,SVM-RBF,Lin/Log-L1,RF,LogCont-L1,KernelBiome,KB_Aitchison
0.5431818181818181,0.5298522811681761,0.6184105902462351,0.67018,0.5236753333479799,0.5670881778388421,0.5666451460336271
0.5431818181818181,0.857469777577918,0.9569920163220884,0.8099200000000002,0.7201941377742301,1.069048057757204,0.9857265731454399
0.5431818181818181,0.7981270753553422,0.5669222649992045,0.7684199999999999,0.8248552901006485,0.8711339958574885,0.876833961399248
0.5431818181818181,0.34547558166490966,0.36765005896621195,0.2688600000000002,0.2864236676316608,0.3415645075311111,0.3133625313444828
0.5431818181818181,0.2996576059492598,0.2979319757785648,0.2798399999999999,0.26640400132421105,0.3568891942064538,0.3535444483251064
