estimator_key,kmat_fun,avg_test_score,most_freq_best_param
aitchison-rbf_c_0.0001890691138167192_g_0.0031512273707485165,<function wrap.<locals>.calc at 0x7fffbc17fd08>,0.7792792792792793,9.383115866473181
aitchison_c_0.0013750240500322879,<function wrap.<locals>.calc at 0x7fffbc17f6a8>,0.7576576576576577,0.042361281286962676
generalized-js_a_1_b_0.5,<function wrap.<locals>.calc at 0x7fffbc62d840>,0.7441441441441442,21.693511720724274
hilbertian_a_1_b_-1,<function wrap.<locals>.calc at 0x7fffbc62de18>,0.7362612612612612,15.536261768870798
linear,<function kmat_linear at 0x7fffbc6bd950>,0.7137387387387386,350.4801393533505
heat-diffusion_t_0.08183728024685435,<function wrap.<locals>.calc at 0x7fffbc1ad1e0>,0.7001501501501501,29573330.53599599
rbf_g_1.1687056057196665,<function wrap.<locals>.calc at 0x7fffbc62d8c8>,0.6897147147147147,8.344927221611648
