estimator_key,kmat_fun,avg_test_score,most_freq_best_param
aitchison_c_0.0013933281698010386,<function wrap.<locals>.calc at 0x7fffbc1ac6a8>,0.7707957957957958,0.04262267614333848
aitchison-rbf_c_0.00019413633887611155_g_0.003214653041539737,<function wrap.<locals>.calc at 0x7fffbc1acd08>,0.7599099099099098,9.395694476791192
generalized-js_a_1_b_0.5,<function wrap.<locals>.calc at 0x7fffbc62d840>,0.752027027027027,45.13832858950446
hilbertian_a_1_b_-1,<function wrap.<locals>.calc at 0x7fffbc62de18>,0.7275525525525526,7.447387500290871
heat-diffusion_t_0.08314830612497942,<function wrap.<locals>.calc at 0x7fffbc1b2158>,0.6818318318318317,447806973941.1901
rbf_g_0.11783906433742543,<function wrap.<locals>.calc at 0x7fffbc62d7b8>,0.6812312312312312,15.749288762223111
linear,<function kmat_linear at 0x7fffbc6bd950>,0.676051051051051,349.249266557653
