estimator_key,kmat_fun,avg_test_score,most_freq_best_param
aitchison-rbf_c_0.0001890691138167192_g_0.003132228246604092,<function wrap.<locals>.calc at 0x7fffbc17fd08>,0.7771771771771772,9.303090224443995
aitchison_c_0.01,<function wrap.<locals>.calc at 0x7fffbc17f730>,0.7662912912912913,0.10125325983835878
hilbertian_a_10_b_-1,<function wrap.<locals>.calc at 0x7fffbc17f048>,0.7637387387387388,6.030053384968143
generalized-js_a_inf_b_0.5,<function wrap.<locals>.calc at 0x7fffbc62db70>,0.7611111111111111,3.6463056604353747
linear,<function kmat_linear at 0x7fffbc6bd950>,0.7036786786786786,348.58032791745256
heat-diffusion_t_0.085833701890057,<function wrap.<locals>.calc at 0x7fffbc1ad048>,0.7009009009009008,1.1147356562847678e+20
rbf_g_1.1492221855181854,<function wrap.<locals>.calc at 0x7fffbc62d8c8>,0.6985735735735735,17.286568662117507
