estimator_key,kmat_fun,avg_test_score,most_freq_best_param
aitchison-rbf_c_0.0001890691138167192_g_0.0031400122733389883,<function wrap.<locals>.calc at 0x7fffbc17dd08>,0.7876876876876877,40.717407392722876
aitchison_c_0.0013750240500322879,<function wrap.<locals>.calc at 0x7fffbc17d6a8>,0.7498498498498499,0.020413898566393657
generalized-js_a_1_b_0.5,<function wrap.<locals>.calc at 0x7fffbc62c840>,0.7253003003003003,45.2836069244995
hilbertian_a_inf_b_-1,<function wrap.<locals>.calc at 0x7fffbc17d1e0>,0.7114114114114114,5.355300198758126
heat-diffusion_t_0.085833701890057,<function wrap.<locals>.calc at 0x7fffbc1b1048>,0.7036036036036035,1.0266112875694293e+20
rbf_g_0.11526157830826597,<function wrap.<locals>.calc at 0x7fffbc62c7b8>,0.6871621621621621,7.558202252915243
linear,<function kmat_linear at 0x7fffbc6bc950>,0.6705705705705706,352.5499131010043
