estimator_key,kmat_fun,avg_test_score,most_freq_best_param
aitchison-rbf_c_0.00019413633887611155_g_0.0031777711186301294,<function wrap.<locals>.calc at 0x7fffbc17dd08>,0.7737987987987988,4.4950545175161345
aitchison_c_0.0013933281698010386,<function wrap.<locals>.calc at 0x7fffbc17d6a8>,0.7521771771771772,0.04283699365173816
generalized-js_a_1_b_0.5,<function wrap.<locals>.calc at 0x7fffbc62d840>,0.7328828828828828,45.23994273094101
hilbertian_a_1_b_-1,<function wrap.<locals>.calc at 0x7fffbc62de18>,0.7189939939939941,32.40324024835684
linear,<function kmat_linear at 0x7fffbc6bd950>,0.6945945945945946,352.7268408664362
heat-diffusion_t_0.085833701890057,<function wrap.<locals>.calc at 0x7fffbc1b2048>,0.6869369369369369,1.076184974053124e+20
rbf_g_1.1661569646736734,<function wrap.<locals>.calc at 0x7fffbc62d8c8>,0.678003003003003,8.346079729887363
