estimator_key,kmat_fun,avg_test_score,most_freq_best_param
aitchison-rbf_c_0.0001890691138167192_g_0.003173942674534883,<function wrap.<locals>.calc at 0x7fffbc17fd08>,0.7713963963963963,2.1624162130757303
generalized-js_a_1_b_0.5,<function wrap.<locals>.calc at 0x7fffbc62d840>,0.7686186186186187,45.11548290465226
aitchison_c_0.01,<function wrap.<locals>.calc at 0x7fffbc17f730>,0.7659159159159159,0.21031695822720148
hilbertian_a_inf_b_-1,<function wrap.<locals>.calc at 0x7fffbc17f1e0>,0.7578078078078077,5.337904459352099
heat-diffusion_t_0.085833701890057,<function wrap.<locals>.calc at 0x7fffbc1ad048>,0.7253753753753754,5.160085789302549e+19
rbf_g_11.757478240150252,<function wrap.<locals>.calc at 0x7fffbc62d510>,0.713963963963964,17.81174901481786
linear,<function kmat_linear at 0x7fffbc6bd950>,0.6843093093093093,349.6633759140931
