estimator_key,kmat_fun,avg_test_score,most_freq_best_param
aitchison-rbf_c_0.00019413633887611155_g_0.003154667672011605,<function wrap.<locals>.calc at 0x7fffbc1acd08>,0.7768018018018019,9.364484831991112
aitchison_c_2.7049562973812728e-05,<function wrap.<locals>.calc at 0x7fffbc1ac598>,0.7605105105105106,0.00616421587240338
generalized-js_a_1_b_0.5,<function wrap.<locals>.calc at 0x7fffbc62d840>,0.7547297297297297,45.29190484140757
hilbertian_a_inf_b_-1,<function wrap.<locals>.calc at 0x7fffbc1ac1e0>,0.7413663663663664,2.570658360772059
linear,<function kmat_linear at 0x7fffbc6bd950>,0.7333333333333333,351.2872061670494
rbf_g_1.146181993075311,<function wrap.<locals>.calc at 0x7fffbc62d8c8>,0.7195195195195195,8.340012291877775
heat-diffusion_t_0.08314830612497942,<function wrap.<locals>.calc at 0x7fffbc1b2158>,0.6833333333333333,460202914863.6348
