estimator_key,kmat_fun,avg_test_score,most_freq_best_param
aitchison_c_0.0013750240500322879,<function wrap.<locals>.calc at 0x7fffbc17e6a8>,0.7502252252252253,0.02031631009529824
aitchison-rbf_c_0.0001890691138167192_g_0.0031324138877741603,<function wrap.<locals>.calc at 0x7fffbc17ed08>,0.7475975975975976,40.439991931336316
generalized-js_a_1_b_1,<function wrap.<locals>.calc at 0x7fffbc62d620>,0.7365615615615616,41.85042163988847
hilbertian_a_1_b_-1,<function wrap.<locals>.calc at 0x7fffbc62de18>,0.7203453453453453,32.27776094298734
rbf_g_0.11516481494892404,<function wrap.<locals>.calc at 0x7fffbc62d7b8>,0.6928678678678678,15.66154335802622
heat-diffusion_t_0.085833701890057,<function wrap.<locals>.calc at 0x7fffbc180048>,0.690015015015015,1.0697408840150457e+20
linear,<function kmat_linear at 0x7fffbc6bd950>,0.6795795795795796,352.867789732685
