estimator_key,kmat_fun,avg_test_score,most_freq_best_param
aitchison-rbf_c_0.0001890691138167192_g_0.0031556045879532328,<function wrap.<locals>.calc at 0x7fffbc1acd08>,0.7683933933933934,9.372797909438752
aitchison_c_0.01,<function wrap.<locals>.calc at 0x7fffbc1ac730>,0.7387387387387386,0.210601451318397
generalized-js_a_1_b_0.5,<function wrap.<locals>.calc at 0x7fffbc62d840>,0.7305555555555555,21.68276808290978
hilbertian_a_1_b_-1,<function wrap.<locals>.calc at 0x7fffbc62de18>,0.7007507507507507,32.35155232289812
rbf_g_0.1179249151219694,<function wrap.<locals>.calc at 0x7fffbc62d7b8>,0.6925675675675677,15.750004312614978
linear,<function kmat_linear at 0x7fffbc6bd950>,0.687012012012012,351.2084403931165
heat-diffusion_t_0.08314830612497942,<function wrap.<locals>.calc at 0x7fffbc1b2158>,0.6541291291291292,459713005409.05707
