estimator_key,kmat_fun,avg_test_score,most_freq_best_param
aitchison-rbf_c_0.0001890691138167192_g_0.003190241412912436,<function wrap.<locals>.calc at 0x7fffbc17ed08>,0.7828078078078078,4.47515380910026
aitchison_c_0.0013750240500322879,<function wrap.<locals>.calc at 0x7fffbc17e6a8>,0.771921921921922,0.04170770662963663
hilbertian_a_inf_b_-1,<function wrap.<locals>.calc at 0x7fffbc17e1e0>,0.7613363363363364,5.299957246411321
generalized-js_a_inf_b_0.5,<function wrap.<locals>.calc at 0x7fffbc62db70>,0.7586336336336336,3.629562210424254
linear,<function kmat_linear at 0x7fffbc6bd950>,0.7342342342342342,80.8271826371465
heat-diffusion_t_0.08448033451990283,<function wrap.<locals>.calc at 0x7fffbc1ad0d0>,0.7206456456456457,6719835264932620.0
rbf_g_1.2097583416782414,<function wrap.<locals>.calc at 0x7fffbc62d8c8>,0.7072072072072071,17.308879184110854
