estimator_key,kmat_fun,avg_test_score,most_freq_best_param
aitchison-rbf_c_0.0001890691138167192_g_0.003156219171527143,<function wrap.<locals>.calc at 0x7fffbc17ed08>,0.752102102102102,9.366216651089145
aitchison_c_0.0013750240500322879,<function wrap.<locals>.calc at 0x7fffbc17e6a8>,0.7437687687687689,0.08806729170450328
generalized-js_a_1_b_0.5,<function wrap.<locals>.calc at 0x7fffbc62d840>,0.7384384384384384,4.997272698927651
heat-diffusion_t_0.08054692573214262,<function wrap.<locals>.calc at 0x7fffbc1ad268>,0.7273273273273274,1840.2312567203378
hilbertian_a_inf_b_-1,<function wrap.<locals>.calc at 0x7fffbc17e1e0>,0.7134384384384385,1.230559807963099
linear,<function kmat_linear at 0x7fffbc6bd950>,0.7083333333333334,353.94759382590155
rbf_g_118.06245171360143,<function wrap.<locals>.calc at 0x7fffbc62da60>,0.6837837837837839,1.8081736948900076
