estimator_key,kmat_fun,avg_test_score,most_freq_best_param
aitchison-rbf_c_3.3890162255252057e-10_g_0.00010126361966017354,<function wrap.<locals>.calc at 0x7fffa81e2598>,0.8969696969696969,408.678435233735
aitchison_c_3.3890162255252053e-06,<function wrap.<locals>.calc at 0x7fffa81e21e0>,0.8712121212121211,0.007214820058849489
generalized-js_a_10_b_0.5,<function wrap.<locals>.calc at 0x7fffa81df598>,0.7856060606060606,1.462971658602042
hilbertian_a_inf_b_-1,<function wrap.<locals>.calc at 0x7fffa81dfd08>,0.7848484848484848,1.123281681298864
linear,<function kmat_linear at 0x7fffbc6bd950>,0.7242424242424244,67.04551222770003
rbf_g_0.04644863608203033,<function wrap.<locals>.calc at 0x7fffa81df1e0>,0.7053030303030302,31.66076085452913
heat-diffusion_t_0.09378253426796587,<function wrap.<locals>.calc at 0x7fffa81e2bf8>,0.6901515151515152,4.054925636897184e+19
