estimator_key,kmat_fun,avg_test_score,most_freq_best_param
aitchison-rbf_c_3.3890162255252055e-08_g_0.0002853916872006775,<function wrap.<locals>.calc at 0x7fffb4576b70>,0.8810606060606061,406.1752794867345
aitchison_c_3.3890162255252054e-11,<function wrap.<locals>.calc at 0x7fffb4576378>,0.8560606060606061,0.00011987280620935385
generalized-js_a_inf_b_10,<function wrap.<locals>.calc at 0x7fffb4543c80>,0.8045454545454545,0.7774850154615861
hilbertian_a_inf_b_-1,<function wrap.<locals>.calc at 0x7fffb45761e0>,0.7704545454545455,0.5053970183044575
rbf_g_0.050476559893885366,<function wrap.<locals>.calc at 0x7fffb4543510>,0.7280303030303031,31.676744905319644
linear,<function kmat_linear at 0x7fffbc6bd950>,0.7113636363636364,6.148675266935136
heat-diffusion_t_0.09378253426796587,<function wrap.<locals>.calc at 0x7fffb457b0d0>,0.6833333333333333,4.857083728804448e+19
