estimator_key,kmat_fun,avg_test_score,most_freq_best_param
aitchison-rbf_c_3.3890162255252055e-08_g_0.00028751932384664635,<function wrap.<locals>.calc at 0x7fffb4578b70>,0.8719696969696968,404.9288142400294
aitchison_c_3.3890162255252057e-10,<function wrap.<locals>.calc at 0x7fffb4578400>,0.8553030303030302,0.00015477934993320548
generalized-js_a_1_b_1,<function wrap.<locals>.calc at 0x7fffb4549ae8>,0.8037878787878789,24.674278805965635
hilbertian_a_10_b_-1,<function wrap.<locals>.calc at 0x7fffb4578048>,0.7856060606060606,0.5771889724050894
rbf_g_0.46520758203451734,<function wrap.<locals>.calc at 0x7fffb4549620>,0.6931818181818182,3.2394091757291634
linear,<function kmat_linear at 0x7fffbc6bd950>,0.6681818181818182,2.8218335479588306
heat-diffusion_t_0.09796785283439047,<function wrap.<locals>.calc at 0x7fffb457d048>,0.6651515151515153,6.0362406750212854e+23
