estimator_key,kmat_fun,avg_test_score,most_freq_best_param
aitchison-rbf_c_3.3890162255252057e-10_g_0.00010239017054362782,<function wrap.<locals>.calc at 0x7fffa81e2598>,0.8704545454545455,407.64597749328743
aitchison_c_3.3890162255252055e-09,<function wrap.<locals>.calc at 0x7fffa81e2048>,0.8621212121212121,0.0002044925345067624
generalized-js_a_inf_b_inf,<function wrap.<locals>.calc at 0x7fffa81df8c8>,0.8196969696969697,1.7448577307920028
hilbertian_a_10_b_-1,<function wrap.<locals>.calc at 0x7fffa81dfb70>,0.8106060606060608,1.2783397583959542
rbf_g_0.0457984946774301,<function wrap.<locals>.calc at 0x7fffa81df1e0>,0.7287878787878788,70.04857786076681
linear,<function kmat_linear at 0x7fffbc6bd950>,0.7196969696969697,31.673222043221447
heat-diffusion_t_0.09796785283439047,<function wrap.<locals>.calc at 0x7fffa81e2b70>,0.6590909090909092,6.0391301153778066e+23
