estimator_key,kmat_fun,avg_test_score,most_freq_best_param
aitchison-rbf_c_3.3890162255252055e-08_g_0.0002898946859883551,<function wrap.<locals>.calc at 0x7fffb4575b70>,0.8689393939393939,405.9085761319117
aitchison_c_3.3890162255252055e-09,<function wrap.<locals>.calc at 0x7fffb4575488>,0.8606060606060606,0.00044251567615708794
generalized-js_a_1_b_1,<function wrap.<locals>.calc at 0x7fffb4540ae8>,0.7772727272727273,2.270011941250076
hilbertian_a_1_b_-1,<function wrap.<locals>.calc at 0x7fffb4540e18>,0.7522727272727273,3.3288932254546144
linear,<function kmat_linear at 0x7fffbc6bd950>,0.675,2.7941193429072606
rbf_g_0.047116965792967175,<function wrap.<locals>.calc at 0x7fffb4540510>,0.6742424242424243,155.01893046852203
heat-diffusion_t_0.09796785283439047,<function wrap.<locals>.calc at 0x7fffb457a048>,0.6666666666666667,6.0302898049547545e+23
