estimator_key,kmat_fun,avg_test_score,most_freq_best_param
aitchison-rbf_c_3.3890162255252057e-10_g_0.00010213018227145704,<function wrap.<locals>.calc at 0x7fffb45789d8>,0.8893939393939394,407.6974057196187
aitchison_c_3.3890162255252055e-07,<function wrap.<locals>.calc at 0x7fffb4578598>,0.8712121212121213,0.0019369708304104994
generalized-js_a_1_b_1,<function wrap.<locals>.calc at 0x7fffb45bfae8>,0.8287878787878787,10.987176176576048
hilbertian_a_1_b_-1,<function wrap.<locals>.calc at 0x7fffb45bfe18>,0.7871212121212121,1.5064863207055352
rbf_g_4.878810931280519,<function wrap.<locals>.calc at 0x7fffb45bfa60>,0.7507575757575757,1.3546059777633115
linear,<function kmat_linear at 0x7fffbc6bd950>,0.7166666666666667,68.19390213562721
heat-diffusion_t_0.09378253426796587,<function wrap.<locals>.calc at 0x7fffb457d0d0>,0.656818181818182,4.157578326519596e+19
