estimator_key,kmat_fun,avg_test_score,most_freq_best_param
aitchison-rbf_c_3.3890162255252054e-12_g_4.841418944245387e-06,<function wrap.<locals>.calc at 0x7fffb45767b8>,0.8719696969696968,7.067947140024929
aitchison_c_3.3890162255252054e-12,<function wrap.<locals>.calc at 0x7fffb45762f0>,0.8636363636363636,4.374331772142914e-05
generalized-js_a_1_b_1,<function wrap.<locals>.calc at 0x7fffb4540ae8>,0.7765151515151516,591.0408096902752
hilbertian_a_1_b_-10,<function wrap.<locals>.calc at 0x7fffb4540ea0>,0.75,0.5781555447800185
rbf_g_0.04765802335801092,<function wrap.<locals>.calc at 0x7fffb4540510>,0.706060606060606,31.649609174950275
linear,<function kmat_linear at 0x7fffbc6bd950>,0.6992424242424242,32.235451870417904
heat-diffusion_t_0.09796785283439047,<function wrap.<locals>.calc at 0x7fffb457b048>,0.6500000000000001,1.1834196228782321e+20
