estimator_key,kmat_fun,avg_test_score,most_freq_best_param
aitchison-rbf_c_3.3890162255252053e-06_g_9.563837858858441e-05,<function wrap.<locals>.calc at 0x7fffa8770c80>,0.8795454545454543,170.55342404902518
aitchison_c_3.3890162255252055e-07,<function wrap.<locals>.calc at 0x7fffa8770598>,0.8712121212121213,0.004241349617234351
generalized-js_a_inf_b_1,<function wrap.<locals>.calc at 0x7fffbc5fdbf8>,0.7840909090909091,0.5114957050176335
hilbertian_a_1_b_-inf,<function wrap.<locals>.calc at 0x7fffbc5fdf28>,0.7840909090909091,0.5114957050176335
linear,<function kmat_linear at 0x7fffbc6bd950>,0.7159090909090908,32.410232206059966
rbf_g_0.47419694649023314,<function wrap.<locals>.calc at 0x7fffbc5fd620>,0.7151515151515152,15.809496366105776
heat-diffusion_t_0.08977601814535993,<function wrap.<locals>.calc at 0x7fffa8775158>,0.6901515151515152,3420446464489509.0
