estimator_key,kmat_fun,avg_test_score,most_freq_best_param
aitchison-rbf_c_3.3890162255252057e-10_g_0.00010067774606909443,<function wrap.<locals>.calc at 0x7fffb45779d8>,0.890151515151515,407.31825959344144
aitchison_c_3.3890162255252055e-08,<function wrap.<locals>.calc at 0x7fffb4577510>,0.890151515151515,0.0013412007482823411
hilbertian_a_10_b_-1,<function wrap.<locals>.calc at 0x7fffb4577048>,0.8204545454545455,1.27722434761863
generalized-js_a_inf_b_1,<function wrap.<locals>.calc at 0x7fffb4543bf8>,0.8121212121212121,1.1317645136051127
rbf_g_0.477721295625434,<function wrap.<locals>.calc at 0x7fffb4543620>,0.7348484848484849,77.67528964746937
heat-diffusion_t_0.09796785283439047,<function wrap.<locals>.calc at 0x7fffb457c048>,0.7015151515151516,6.144516143126197e+23
linear,<function kmat_linear at 0x7fffbc6bd950>,0.6840909090909092,30.85602572117458
