estimator_key,kmat_fun,avg_test_score,most_freq_best_param
aitchison_c_3.3890162255252054e-12,<function wrap.<locals>.calc at 0x7fffa81dee18>,0.8848484848484848,9.88266338561202e-05
aitchison-rbf_c_3.3890162255252053e-06_g_0.0009190325790991215,<function wrap.<locals>.calc at 0x7fffa81e18c8>,0.8772727272727273,3.3618388884048707
generalized-js_a_1_b_1,<function wrap.<locals>.calc at 0x7fffa81de510>,0.7757575757575758,11.119236093512702
hilbertian_a_1_b_-inf,<function wrap.<locals>.calc at 0x7fffa81deae8>,0.7454545454545455,0.5125356356559287
rbf_g_0.04741969464902331,<function wrap.<locals>.calc at 0x7fffa81de1e0>,0.668939393939394,31.65609160771109
heat-diffusion_t_0.09378253426796587,<function wrap.<locals>.calc at 0x7fffa81e1bf8>,0.6333333333333334,5.0632679308355764e+19
linear,<function kmat_linear at 0x7fffbc6bd950>,0.6325757575757576,31.250986575244113
