estimator_key,kmat_fun,avg_test_score,most_freq_best_param
aitchison-rbf_c_3.3890162255252054e-12_g_4.864829939987762e-05,<function wrap.<locals>.calc at 0x7fffa81d3400>,0.8977272727272727,407.87970192218785
aitchison_c_3.3890162255252054e-12,<function wrap.<locals>.calc at 0x7fffa81d0e18>,0.8893939393939394,9.776862681449368e-05
generalized-js_a_1_b_1,<function wrap.<locals>.calc at 0x7fffa81d0510>,0.7863636363636364,2.2635461578053304
hilbertian_a_1_b_-1,<function wrap.<locals>.calc at 0x7fffa81d09d8>,0.7863636363636364,1.5166013224029233
linear,<function kmat_linear at 0x7fffbc6bd950>,0.7446969696969697,70.52839793876083
rbf_g_0.48816905789414955,<function wrap.<locals>.calc at 0x7fffa81d0268>,0.7416666666666667,3.239793952933654
heat-diffusion_t_0.08977601814535993,<function wrap.<locals>.calc at 0x7fffa81d3c80>,0.6583333333333334,2833898702368356.5
