estimator_key,kmat_fun,avg_test_score,most_freq_best_param
aitchison-rbf_c_3.905891756490461e-08_g_2.8990714053460974e-05,<function wrap.<locals>.calc at 0x7fffb4577ae8>,0.8780303030303032,34.73203447854628
aitchison_c_3.905891756490461e-12,<function wrap.<locals>.calc at 0x7fffb45772f0>,0.8628787878787879,9.818201701822606e-05
generalized-js_a_inf_b_inf,<function wrap.<locals>.calc at 0x7fffb45bfd08>,0.8121212121212121,205.42348491128902
hilbertian_a_inf_b_-1,<function wrap.<locals>.calc at 0x7fffb45771e0>,0.7696969696969698,1.1310941194154858
rbf_g_0.044845394705627865,<function wrap.<locals>.calc at 0x7fffb45bf510>,0.7265151515151516,155.00018374213997
linear,<function kmat_linear at 0x7fffbc6bd950>,0.709848484848485,14.696548559941345
heat-diffusion_t_0.09378253426796587,<function wrap.<locals>.calc at 0x7fffb457c0d0>,0.6689393939393941,4.279124164386796e+19
