estimator_key,kmat_fun,avg_test_score,most_freq_best_param
aitchison-rbf_c_0.00029137318244831583_g_0.0053016228292072694,<function wrap.<locals>.calc at 0x7fffb25a8c80>,-2.565664117351435,0.2605566839059176
aitchison_c_8.489833145005955e-06,<function wrap.<locals>.calc at 0x7fffb25a8488>,-2.9273082773127825,634.8036551647249
generalized-js_a_inf_b_0.5,<function wrap.<locals>.calc at 0x7fffbc608ae8>,-3.1095949803491876,1.0426734827226851
hilbertian_a_inf_b_-1,<function wrap.<locals>.calc at 0x7fffb25a8158>,-3.1312827987206058,0.7108053105277541
rbf_g_12.363578106232548,<function wrap.<locals>.calc at 0x7fffbc6089d8>,-3.1324174994152707,0.17076617985916928
heat-diffusion_t_0.10773804319248033,<function wrap.<locals>.calc at 0x7fffb25a8f28>,-3.3176608324560233,2.65834055068645e-22
linear,<function kmat_linear at 0x7fffbc6bc950>,-3.545286003062935,0.20013875380349502
