estimator_key,kmat_fun,avg_test_score,most_freq_best_param
aitchison-rbf_c_0.0003075039582005885_g_0.005246073809735367,<function wrap.<locals>.calc at 0x7fffb25a8c80>,-2.8812458371998293,0.2637014615078865
aitchison_c_5.392325074331701e-05,<function wrap.<locals>.calc at 0x7fffb25a8510>,-3.143662120548753,368.68492057030426
rbf_g_1.2402120094324978,<function wrap.<locals>.calc at 0x7fffbc608488>,-3.1641625401713416,0.06380846138250605
generalized-js_a_inf_b_0.5,<function wrap.<locals>.calc at 0x7fffbc608ae8>,-3.2269904506668423,1.045301792374106
hilbertian_a_inf_b_-1,<function wrap.<locals>.calc at 0x7fffb25a8158>,-3.254501309728431,0.7125932726570505
heat-diffusion_t_0.10773804319248033,<function wrap.<locals>.calc at 0x7fffb25a8f28>,-3.6185616584319846,2.526293017894704e-21
linear,<function kmat_linear at 0x7fffbc6bc950>,-3.6202947561614045,0.4186853924414909
