estimator_key,kmat_fun,avg_test_score,most_freq_best_param
aitchison-rbf_c_0.00029137318244831583_g_0.00498899750047693,<function wrap.<locals>.calc at 0x7fffb25a8c80>,-2.7873558353190755,0.26502079169512804
aitchison_c_4.9736402181054315e-05,<function wrap.<locals>.calc at 0x7fffb25a8510>,-2.9152327630905264,184.20220697193304
generalized-js_a_inf_b_0.5,<function wrap.<locals>.calc at 0x7fffbc608ae8>,-2.9763182431085116,1.0446791670539681
hilbertian_a_inf_b_-1,<function wrap.<locals>.calc at 0x7fffb25a8158>,-2.996183871541171,0.34096720134485364
rbf_g_1.2544333783100143,<function wrap.<locals>.calc at 0x7fffbc608488>,-3.199663882240533,0.13341976359721489
linear,<function kmat_linear at 0x7fffbc6bc950>,-3.4914132395888005,0.4163961204529648
heat-diffusion_t_0.10773804319248033,<function wrap.<locals>.calc at 0x7fffb25a8f28>,-3.4985271256170067,1.1721627195556411e-21
