estimator_key,kmat_fun,avg_test_score,most_freq_best_param
aitchison-rbf_c_0.00029137318244831583_g_0.005178605223409135,<function wrap.<locals>.calc at 0x7fffb25a7c80>,-2.803073590415962,0.5463317974693728
generalized-js_a_inf_b_0.5,<function wrap.<locals>.calc at 0x7fffbc608ae8>,-3.14014098657443,1.0411535245781185
aitchison_c_0.00029137318244831583,<function wrap.<locals>.calc at 0x7fffb25a7598>,-3.1648590927300524,92.29680471293496
hilbertian_a_inf_b_-1,<function wrap.<locals>.calc at 0x7fffb25a7158>,-3.187664053129145,0.33971908914383786
rbf_g_12.297169136782385,<function wrap.<locals>.calc at 0x7fffbc6089d8>,-3.1934274067236315,0.17198975409856063
heat-diffusion_t_0.10773804319248033,<function wrap.<locals>.calc at 0x7fffb25a7f28>,-3.1957760913040127,5.674007538633409e-22
linear,<function kmat_linear at 0x7fffbc6bc950>,-3.54708745197624,0.41761224323227786
