estimator_key,kmat_fun,avg_test_score,most_freq_best_param
aitchison-rbf_c_0.01_g_0.027067200884838428,<function wrap.<locals>.calc at 0x7fffb25a8e18>,-2.892431036267619,0.5852718229879071
aitchison_c_0.0017069656775937684,<function wrap.<locals>.calc at 0x7fffb25a8620>,-3.013284556774889,39.28114250385019
generalized-js_a_inf_b_0.5,<function wrap.<locals>.calc at 0x7fffbc609ae8>,-3.015070214137124,1.0433716300369862
hilbertian_a_1_b_-1,<function wrap.<locals>.calc at 0x7fffbc609d90>,-3.0277287702450306,0.11472245580611301
rbf_g_1.2153935504052213,<function wrap.<locals>.calc at 0x7fffbc609488>,-3.0649885964565975,0.27887546800391244
linear,<function kmat_linear at 0x7fffbc6bc950>,-3.27380810000208,0.19899275732066402
heat-diffusion_t_0.10773804319248033,<function wrap.<locals>.calc at 0x7fffb25a8f28>,-3.520470569081722,1.1865720493860914e-21
