estimator_key,kmat_fun,avg_test_score,most_freq_best_param
aitchison-rbf_c_0.00029137318244831583_g_0.005213718214186952,<function wrap.<locals>.calc at 0x7fffb25a7c80>,-2.91704911861099,0.26096455342067154
aitchison_c_4.9736402181054315e-05,<function wrap.<locals>.calc at 0x7fffb25a7510>,-3.200745050943337,375.71363670966235
generalized-js_a_inf_b_inf,<function wrap.<locals>.calc at 0x7fffbc609c80>,-3.3318010935980795,0.04752537953012128
rbf_g_12.069771112547063,<function wrap.<locals>.calc at 0x7fffbc6099d8>,-3.374625312585258,0.08069832506276196
heat-diffusion_t_0.10773804319248033,<function wrap.<locals>.calc at 0x7fffb25a7f28>,-3.3969807685369227,1.133786901453688e-21
hilbertian_a_inf_b_-1,<function wrap.<locals>.calc at 0x7fffb25a7158>,-3.4163745766661995,0.7073646489715139
linear,<function kmat_linear at 0x7fffbc6bc950>,-3.702959153501233,0.19516876209800496
