estimator_key,kmat_fun,avg_test_score,most_freq_best_param
aitchison-rbf_c_0.00029137318244831583_g_0.005519966416610571,<function wrap.<locals>.calc at 0x7fffb25a9c80>,-2.805119881301583,0.5444164531192234
generalized-js_a_inf_b_0.5,<function wrap.<locals>.calc at 0x7fffbc609ae8>,-3.050701999768582,1.0554056964112637
hilbertian_a_inf_b_-1,<function wrap.<locals>.calc at 0x7fffb25a9158>,-3.073200900973848,0.7191433569587583
aitchison_c_4.9736402181054315e-05,<function wrap.<locals>.calc at 0x7fffb25a9510>,-3.113504833947751,175.54790668642866
rbf_g_1.2595719327412112,<function wrap.<locals>.calc at 0x7fffbc609488>,-3.179867295733385,0.13421507371192257
linear,<function kmat_linear at 0x7fffbc6bd950>,-3.587535934366881,0.2076450243709582
heat-diffusion_t_0.10773804319248033,<function wrap.<locals>.calc at 0x7fffb25a9f28>,-3.8284706608873216,5.926911243235241e-22
