estimator_key,kmat_fun,avg_test_score,most_freq_best_param
aitchison-rbf_c_0.00029137318244831583_g_0.005216050306360181,<function wrap.<locals>.calc at 0x7fffb25a9c80>,-2.4784546363861137,0.2649819181220995
rbf_g_1.235740662938304,<function wrap.<locals>.calc at 0x7fffbc608488>,-2.8060320503705554,0.030547709267746477
aitchison_c_4.9736402181054315e-05,<function wrap.<locals>.calc at 0x7fffb25a9510>,-2.8061629351944646,179.28986632744432
generalized-js_a_inf_b_0.5,<function wrap.<locals>.calc at 0x7fffbc608ae8>,-2.820998644510978,1.0433025410304149
hilbertian_a_1_b_-1,<function wrap.<locals>.calc at 0x7fffbc608d90>,-2.8605588318602733,0.11475081201988438
linear,<function kmat_linear at 0x7fffbc6bc950>,-3.1075694828371594,0.19982025249246216
heat-diffusion_t_0.10773804319248033,<function wrap.<locals>.calc at 0x7fffb25a9f28>,-3.3129210332756407,5.684265040823269e-22
