estimator_key,kmat_fun,avg_test_score,most_freq_best_param
aitchison-rbf_c_0.00029137318244831583_g_0.005299165617523083,<function wrap.<locals>.calc at 0x7fffb25a9c80>,-2.8564212379346867,0.5462269191734042
aitchison_c_0.00029137318244831583,<function wrap.<locals>.calc at 0x7fffb25a9598>,-3.1056851391898697,190.63260494294016
generalized-js_a_inf_b_0.5,<function wrap.<locals>.calc at 0x7fffbc608ae8>,-3.1244922669290363,0.5002217199992022
rbf_g_1.2464780779595617,<function wrap.<locals>.calc at 0x7fffbc608488>,-3.1361511095949375,0.13342672326858623
hilbertian_a_inf_b_-1,<function wrap.<locals>.calc at 0x7fffb25a9158>,-3.169583743159058,0.3409393210525797
heat-diffusion_t_0.10773804319248033,<function wrap.<locals>.calc at 0x7fffb25a9f28>,-3.519846394733892,1.2010450130305051e-21
linear,<function kmat_linear at 0x7fffbc6bc950>,-3.53119322557903,0.20170723812810706
