estimator_key,kmat_fun,avg_test_score,most_freq_best_param
aitchison-rbf_c_0.00029137318244831583_g_0.005081966641064006,<function wrap.<locals>.calc at 0x7fffb25a7c80>,-2.923344528827871,0.26106493093442534
generalized-js_a_inf_b_0.5,<function wrap.<locals>.calc at 0x7fffbc608ae8>,-3.3293140251519047,1.0381815361357827
aitchison_c_0.00029137318244831583,<function wrap.<locals>.calc at 0x7fffb25a7598>,-3.33146660841878,93.4645656677704
hilbertian_a_inf_b_-1,<function wrap.<locals>.calc at 0x7fffb25a7158>,-3.3348300836432685,0.7075796086747326
rbf_g_12.280436857905821,<function wrap.<locals>.calc at 0x7fffbc6089d8>,-3.3488235715981554,0.17083102253866203
heat-diffusion_t_0.10773804319248033,<function wrap.<locals>.calc at 0x7fffb25a7f28>,-3.5421407735406647,1.161416851438623e-21
linear,<function kmat_linear at 0x7fffbc6bc950>,-3.729162906811547,0.41156955432346987
