estimator_key,kmat_fun,avg_test_score,most_freq_best_param
aitchison-rbf_c_0.01_g_0.02660103001058586,<function wrap.<locals>.calc at 0x7fffb25a8e18>,-2.3702732750401005,0.13355385015338272
rbf_g_1.247474875531092,<function wrap.<locals>.calc at 0x7fffbc609488>,-2.6518194427463144,0.03013462708044903
generalized-js_a_inf_b_0.5,<function wrap.<locals>.calc at 0x7fffbc609ae8>,-2.679246568623379,0.4968141112965024
hilbertian_a_inf_b_-1,<function wrap.<locals>.calc at 0x7fffb25a8158>,-2.691009404355106,0.33870866311240805
aitchison_c_0.00029137318244831583,<function wrap.<locals>.calc at 0x7fffb25a8598>,-2.764304510286669,195.71091866838043
heat-diffusion_t_0.10773804319248033,<function wrap.<locals>.calc at 0x7fffb25a8f28>,-3.059750074390804,1.1006272404098843e-21
linear,<function kmat_linear at 0x7fffbc6bc950>,-3.103491952432878,0.40149810302520206
