estimator_key,kmat_fun,avg_test_score,most_freq_best_param
aitchison-rbf_c_0.0003075039582005885_g_0.0053620018030974695,<function wrap.<locals>.calc at 0x7fffb25a7c80>,-2.6700788724144733,0.2635674326477776
aitchison_c_5.392325074331701e-05,<function wrap.<locals>.calc at 0x7fffb25a7510>,-2.8648119944785475,366.5511372499301
rbf_g_1.2739296095562702,<function wrap.<locals>.calc at 0x7fffbc609488>,-2.9727745683586524,0.06380378952576851
generalized-js_a_1_b_0.5,<function wrap.<locals>.calc at 0x7fffbc6097b8>,-3.0446030343786648,0.08210604292542308
hilbertian_a_inf_b_-1,<function wrap.<locals>.calc at 0x7fffb25a7158>,-3.050338291679876,0.7165298745837987
heat-diffusion_t_0.10773804319248033,<function wrap.<locals>.calc at 0x7fffb25a7f28>,-3.2176477378565655,5.740797509354341e-22
linear,<function kmat_linear at 0x7fffbc6bc950>,-3.408009644398548,0.4225617288471306
