estimator_key,kmat_fun,avg_test_score,most_freq_best_param
aitchison-rbf_c_0.0003075039582005885_g_0.005707390345926935,<function wrap.<locals>.calc at 0x7fffb25a8c80>,-2.9158834319081306,0.260633342360813
aitchison_c_9.455868430902929e-06,<function wrap.<locals>.calc at 0x7fffb25a8488>,-3.0498186426291207,287.388911696428
generalized-js_a_1_b_0.5,<function wrap.<locals>.calc at 0x7fffbc6097b8>,-3.23932908387217,0.08193151507541
hilbertian_a_1_b_-inf,<function wrap.<locals>.calc at 0x7fffbc609ea0>,-3.3742592054033316,0.33850154349136197
rbf_g_0.11848904645477809,<function wrap.<locals>.calc at 0x7fffbc609840>,-3.4032999659649334,0.026495382516316113
linear,<function kmat_linear at 0x7fffbc6bd950>,-3.5589021447250566,0.20726765426838206
heat-diffusion_t_0.10773804319248033,<function wrap.<locals>.calc at 0x7fffb25a8f28>,-3.6036342029544786,1.2624999073038742e-21
