estimator_key,kmat_fun,avg_test_score,most_freq_best_param
aitchison-rbf_c_0.00029137318244831583_g_0.005119618428439005,<function wrap.<locals>.calc at 0x7fffb25a6c80>,-2.8913356160612347,0.26265654616040257
aitchison_c_0.00029137318244831583,<function wrap.<locals>.calc at 0x7fffb25a6598>,-3.127111658705408,91.91138584776498
generalized-js_a_1_b_0.5,<function wrap.<locals>.calc at 0x7fffbc6087b8>,-3.1872924968240346,0.08097805202491187
hilbertian_a_1_b_-1,<function wrap.<locals>.calc at 0x7fffbc608d90>,-3.222980730195187,0.1140819805700485
rbf_g_1.2228500107071798,<function wrap.<locals>.calc at 0x7fffbc608488>,-3.250146211925215,0.13303956308526754
heat-diffusion_t_0.10773804319248033,<function wrap.<locals>.calc at 0x7fffb25a6f28>,-3.595998122168705,2.3862390295122e-21
linear,<function kmat_linear at 0x7fffbc6bc950>,-3.5960735462454694,0.19605128215530476
