estimator_key,kmat_fun,avg_test_score,most_freq_best_param
aitchison-rbf_c_0.01_g_0.026398130991702247,<function wrap.<locals>.calc at 0x7fffb25a7e18>,-2.8163259523144006,0.13462972767770964
generalized-js_a_inf_b_0.5,<function wrap.<locals>.calc at 0x7fffbc609ae8>,-3.090455238857732,1.0385476885179468
aitchison_c_0.00029137318244831583,<function wrap.<locals>.calc at 0x7fffb25a7598>,-3.106272636256162,189.5634954097906
rbf_g_1.211510975272915,<function wrap.<locals>.calc at 0x7fffbc609488>,-3.129486998750556,0.014550823341039635
hilbertian_a_inf_b_-1,<function wrap.<locals>.calc at 0x7fffb25a7158>,-3.1356287489446757,0.7078033254579155
heat-diffusion_t_0.10773804319248033,<function wrap.<locals>.calc at 0x7fffb25a7f28>,-3.549141809878506,2.3824721170686435e-21
linear,<function kmat_linear at 0x7fffbc6bc950>,-3.562305445887989,0.40644950874176455
