estimator_key,kmat_fun,avg_test_score,most_freq_best_param
aitchison-rbf_c_0.01_g_0.0274413235279955,<function wrap.<locals>.calc at 0x7fffb25a7e18>,-2.7982422342177,0.27870902515207796
rbf_g_1.2561267679661177,<function wrap.<locals>.calc at 0x7fffbc609488>,-2.9983856558781423,0.06369243956692261
aitchison_c_4.9736402181054315e-05,<function wrap.<locals>.calc at 0x7fffb25a7510>,-3.1274391805861006,380.17231932934175
hilbertian_a_inf_b_-1,<function wrap.<locals>.calc at 0x7fffb25a7158>,-3.1872566333903967,0.7123398315511568
generalized-js_a_inf_b_0.5,<function wrap.<locals>.calc at 0x7fffbc609ae8>,-3.194992074208348,1.0451134664617596
linear,<function kmat_linear at 0x7fffbc6bc950>,-3.4601128115775346,0.41867448594647566
heat-diffusion_t_0.10773804319248033,<function wrap.<locals>.calc at 0x7fffb25a7f28>,-3.5873241180403026,5.630341265112604e-22
