estimator_key,kmat_fun,avg_test_score,most_freq_best_param
aitchison_c_5.841599196195944e-10,<function wrap.<locals>.calc at 0x7fffbc58e2f0>,1.0,7.373244017791615e-05
linear,<function kmat_linear at 0x7fffbc6bc950>,1.0,9.553149588183926
generalized-js_a_1_b_0.5,<function wrap.<locals>.calc at 0x7fffbc62d840>,1.0,1.930144745288214
aitchison-rbf_c_5.841599196195944e-10_g_9.800936659436882e-06,<function wrap.<locals>.calc at 0x7fffbc58e7b8>,1.0,0.6771062694889248
hilbertian_a_1_b_-1,<function wrap.<locals>.calc at 0x7fffbc62de18>,0.9994623655913978,1.3877739919281575
rbf_g_0.6048724649299175,<function wrap.<locals>.calc at 0x7fffbc62d9d8>,0.9989247311827956,0.6780863728580723
heat-diffusion_t_0.085833701890057,<function wrap.<locals>.calc at 0x7fffbc5aa048>,0.955448220343856,4.812215599102736e+21
