estimator_key,kmat_fun,avg_test_score,most_freq_best_param
aitchison-rbf_c_0.0003127670021100431_g_0.0005658883054470549,<function wrap.<locals>.calc at 0x7fffb45aebf8>,0.65,3.2902561150905774
aitchison_c_9.782319760890367e-06,<function wrap.<locals>.calc at 0x7fffb45ae488>,0.6499999999999999,0.0010678815858302271
rbf_g_0.0012807850515063326,<function wrap.<locals>.calc at 0x7fffbc609950>,0.6333333333333334,64.7881140534007
generalized-js_a_1_b_0.5,<function wrap.<locals>.calc at 0x7fffbc6097b8>,0.6277777777777778,0.43516870312835787
hilbertian_a_inf_b_-1,<function wrap.<locals>.calc at 0x7fffb45ae158>,0.6222222222222221,0.10457597645444232
linear,<function kmat_linear at 0x7fffbc6bd950>,0.6166666666666666,0.18852506171112368
heat-diffusion_t_0.10109682217047987,<function wrap.<locals>.calc at 0x7fffa81ca048>,0.5777777777777778,1.044552695652112e+16
