estimator_key,kmat_fun,avg_test_score,most_freq_best_param
aitchison-rbf_c_9.569377990430618e-09_g_3.3985761492638715e-05,<function wrap.<locals>.calc at 0x7fffbc5e2730>,0.6666666666666667,3.2695499816022964
aitchison_c_3.0595868252955135e-07,<function wrap.<locals>.calc at 0x7fffbc5e2378>,0.6666666666666667,0.000473837687980713
generalized-js_a_inf_b_inf,<function wrap.<locals>.calc at 0x7fffbc609c80>,0.6555555555555556,1.7349794939823657
hilbertian_a_10_b_-1,<function wrap.<locals>.calc at 0x7fffbc609f28>,0.6555555555555556,0.5578986916584591
rbf_g_0.013013215103884484,<function wrap.<locals>.calc at 0x7fffbc609730>,0.6444444444444445,65.37205745923208
linear,<function kmat_linear at 0x7fffbc6bd950>,0.6277777777777778,1.9389910743242127
heat-diffusion_t_0.10109682217047987,<function wrap.<locals>.calc at 0x7fffa81ca048>,0.5444444444444445,4.909512865001203e+16
