estimator_key,kmat_fun,avg_test_score,most_freq_best_param
aitchison-rbf_c_9.782319760890367e-06_g_0.0001596960472694062,<function wrap.<locals>.calc at 0x7fffbc5e8a60>,0.6611111111111111,7.09916628774256
aitchison_c_9.782319760890367e-06,<function wrap.<locals>.calc at 0x7fffbc5e8488>,0.6611111111111111,0.002405510479195639
heat-diffusion_t_0.10109682217047987,<function wrap.<locals>.calc at 0x7fffa81ca048>,0.6444444444444445,4.919312365776057e+16
generalized-js_a_1_b_0.5,<function wrap.<locals>.calc at 0x7fffbc6097b8>,0.6222222222222221,4.319744699141638
rbf_g_0.0013533089498330307,<function wrap.<locals>.calc at 0x7fffbc609950>,0.6166666666666668,64.79018075454393
hilbertian_a_1_b_-1,<function wrap.<locals>.calc at 0x7fffbc609d90>,0.611111111111111,0.6583685447609163
linear,<function kmat_linear at 0x7fffbc6bd950>,0.5777777777777777,0.18198518538183125
