estimator_key,kmat_fun,avg_test_score,most_freq_best_param
aitchison_c_5.531353202694178e-05,<function wrap.<locals>.calc at 0x7fffbc5e2510>,0.6611111111111111,0.0017720484918490739
aitchison-rbf_c_9.782319760890367e-06_g_0.000152176889286669,<function wrap.<locals>.calc at 0x7fffbc5e2a60>,0.6555555555555556,3.277122384984683
generalized-js_a_1_b_0.5,<function wrap.<locals>.calc at 0x7fffbc6097b8>,0.6444444444444445,4.40353108862665
rbf_g_0.0012918503059144069,<function wrap.<locals>.calc at 0x7fffbc609950>,0.6222222222222223,64.78752565982819
hilbertian_a_1_b_-1,<function wrap.<locals>.calc at 0x7fffbc609d90>,0.5944444444444446,1.4498171755777363
linear,<function kmat_linear at 0x7fffbc6bd950>,0.5888888888888889,0.1908558849111289
heat-diffusion_t_0.0948649813020085,<function wrap.<locals>.calc at 0x7fffa81ca0d0>,0.5777777777777778,321514222069.0018
