estimator_key,kmat_fun,avg_test_score,most_freq_best_param
aitchison-rbf_c_0.0003127670021100431_g_0.005927160751082401,<function wrap.<locals>.calc at 0x7fffbc5e8c80>,0.6611111111111111,1.3489616413836185
aitchison_c_9.569377990430618e-09,<function wrap.<locals>.calc at 0x7fffbc5e8268>,0.6555555555555556,0.00012894554228130156
rbf_g_0.0013076345953087877,<function wrap.<locals>.calc at 0x7fffbc609950>,0.6444444444444445,64.78857437164103
generalized-js_a_1_b_0.5,<function wrap.<locals>.calc at 0x7fffbc6097b8>,0.6333333333333334,0.4300167648736478
linear,<function kmat_linear at 0x7fffbc6bd950>,0.6222222222222221,1.8714880379747723
hilbertian_a_10_b_-1,<function wrap.<locals>.calc at 0x7fffbc609f28>,0.6166666666666667,2.582731529131996
heat-diffusion_t_0.08901728545190833,<function wrap.<locals>.calc at 0x7fffa81c9158>,0.5944444444444444,43405458.86469765
