estimator_key,kmat_fun,avg_test_score,most_freq_best_param
aitchison_c_1.0858025717003786e-05,<function wrap.<locals>.calc at 0x7fffb45bc488>,0.6611111111111112,0.00228645548651754
aitchison-rbf_c_1.1789672247111536e-08_g_3.564660292051504e-05,<function wrap.<locals>.calc at 0x7fffb45bc730>,0.6611111111111111,3.2691703944901116
rbf_g_0.0013025768593527029,<function wrap.<locals>.calc at 0x7fffbc609950>,0.6222222222222222,64.78818610741142
heat-diffusion_t_0.07838107013753745,<function wrap.<locals>.calc at 0x7fffb45bf268>,0.6111111111111112,0.38590634351290476
hilbertian_a_10_b_-10,<function wrap.<locals>.calc at 0x7fffb45bc048>,0.6055555555555556,0.015553821780528651
generalized-js_a_10_b_1,<function wrap.<locals>.calc at 0x7fffbc609400>,0.6055555555555556,0.21734280804321268
linear,<function kmat_linear at 0x7fffbc6bc950>,0.6,0.18314423819159556
