estimator_key,kmat_fun,avg_test_score,most_freq_best_param
aitchison-rbf_c_9.782319760890367e-06_g_0.0015614329120399782,<function wrap.<locals>.calc at 0x7fffbc5dbae8>,0.6444444444444445,0.30385063788980393
aitchison_c_0.0003127670021100431,<function wrap.<locals>.calc at 0x7fffbc5db598>,0.6444444444444445,0.0007523228506409765
generalized-js_a_1_b_0.5,<function wrap.<locals>.calc at 0x7fffbc6097b8>,0.6444444444444445,0.9302510691245856
hilbertian_a_1_b_-1,<function wrap.<locals>.calc at 0x7fffbc609d90>,0.6333333333333334,0.3067068098439785
linear,<function kmat_linear at 0x7fffbc6bd950>,0.6333333333333334,0.4007446717656471
rbf_g_0.0013094438037927877,<function wrap.<locals>.calc at 0x7fffbc609950>,0.6333333333333334,64.7884758850425
heat-diffusion_t_0.0948649813020085,<function wrap.<locals>.calc at 0x7fffa81ca0d0>,0.5888888888888889,1388711575881.2654
