estimator_key,kmat_fun,avg_test_score,most_freq_best_param
aitchison_c_5.531353202694178e-05,<function wrap.<locals>.calc at 0x7fffb45bc510>,0.6722222222222222,0.0008263175785972839
generalized-js_a_10_b_0.5,<function wrap.<locals>.calc at 0x7fffbc6086a8>,0.6666666666666667,0.2953710273727928
hilbertian_a_1_b_-1,<function wrap.<locals>.calc at 0x7fffbc608d90>,0.6666666666666667,0.3090725167273963
aitchison-rbf_c_9.782319760890367e-06_g_0.00015104503546386978,<function wrap.<locals>.calc at 0x7fffb45bca60>,0.6555555555555556,3.2737952125207546
rbf_g_0.0013260094064285455,<function wrap.<locals>.calc at 0x7fffbc608950>,0.638888888888889,64.78909481828808
linear,<function kmat_linear at 0x7fffbc6bc950>,0.6222222222222223,0.41294486238686423
heat-diffusion_t_0.08901728545190833,<function wrap.<locals>.calc at 0x7fffb45bf158>,0.5888888888888889,98859831.3014238
