estimator_key,kmat_fun,avg_test_score,most_freq_best_param
aitchison_c_5.410946573917948e-08,<function wrap.<locals>.calc at 0x7fffb454f620>,0.6555555555555556,0.0003523646498706294
aitchison-rbf_c_3.0595868252955135e-07_g_6.461447354742451e-05,<function wrap.<locals>.calc at 0x7fffb454fbf8>,0.65,1.5113785162150926
generalized-js_a_1_b_0.5,<function wrap.<locals>.calc at 0x7fffbc609400>,0.6277777777777777,2.0213635116776283
hilbertian_a_1_b_-1,<function wrap.<locals>.calc at 0x7fffb454f158>,0.6166666666666666,0.30750628604648617
rbf_g_0.0013370423954212327,<function wrap.<locals>.calc at 0x7fffbc609c80>,0.6166666666666666,64.7895236371456
heat-diffusion_t_0.08353005503685018,<function wrap.<locals>.calc at 0x7fffb4554510>,0.5944444444444443,2875.9183476224293
linear,<function kmat_linear at 0x7fffbc6bd950>,0.5888888888888888,0.1875423635349613
