estimator_key,kmat_fun,avg_test_score,most_freq_best_param
aitchison-rbf_c_9.782319760890367e-06_g_0.0015719750921007196,<function wrap.<locals>.calc at 0x7fffbc5ecae8>,0.6555555555555556,0.3082206508925719
aitchison_c_9.569377990430618e-09,<function wrap.<locals>.calc at 0x7fffbc5ec268>,0.6555555555555556,0.00012598572945923936
rbf_g_0.0013454701297768107,<function wrap.<locals>.calc at 0x7fffbc609950>,0.6222222222222221,64.78945108003315
linear,<function kmat_linear at 0x7fffbc6bd950>,0.6055555555555557,1.9070281198377057
hilbertian_a_10_b_-1,<function wrap.<locals>.calc at 0x7fffbc609f28>,0.6055555555555556,0.5535049989409354
generalized-js_a_inf_b_0.5,<function wrap.<locals>.calc at 0x7fffbc609ae8>,0.6055555555555556,0.15333389568317068
heat-diffusion_t_0.10109682217047987,<function wrap.<locals>.calc at 0x7fffa81c9048>,0.5222222222222223,1.1097609419565456e+16
