estimator_key,kmat_fun,avg_test_score,most_freq_best_param
aitchison_c_1.9710088868480004e-06,<function wrap.<locals>.calc at 0x7fffbc5ec400>,0.65,0.0007189967606233865
aitchison-rbf_c_3.577884353276145e-07_g_6.645699829833742e-05,<function wrap.<locals>.calc at 0x7fffbc5ec8c8>,0.6444444444444445,3.2729266017531593
rbf_g_0.001313656946941455,<function wrap.<locals>.calc at 0x7fffbc609950>,0.5722222222222223,64.78868586462617
generalized-js_a_1_b_0.5,<function wrap.<locals>.calc at 0x7fffbc6097b8>,0.5722222222222222,0.4310303717680313
hilbertian_a_10_b_-1,<function wrap.<locals>.calc at 0x7fffbc609f28>,0.5722222222222222,0.25550217689050836
heat-diffusion_t_0.07838107013753745,<function wrap.<locals>.calc at 0x7fffa81c9268>,0.55,0.08591995858466557
linear,<function kmat_linear at 0x7fffbc6bd950>,0.5333333333333332,0.1866117389597729
