estimator_key,kmat_fun,avg_test_score,most_freq_best_param
aitchison-rbf_c_0.0003127670021100431_g_0.005959521521423942,<function wrap.<locals>.calc at 0x7fffbc5f3c80>,0.6500000000000001,0.6262994942681852
aitchison_c_9.782319760890367e-06,<function wrap.<locals>.calc at 0x7fffbc5f3488>,0.6444444444444445,0.0004997539291432225
hilbertian_a_1_b_-1,<function wrap.<locals>.calc at 0x7fffbc609d90>,0.6444444444444444,0.6617786415662162
generalized-js_a_1_b_1,<function wrap.<locals>.calc at 0x7fffbc609598>,0.6444444444444444,0.4211977653990694
rbf_g_0.013377002647539216,<function wrap.<locals>.calc at 0x7fffbc609730>,0.6333333333333334,30.22115860028895
linear,<function kmat_linear at 0x7fffbc6bd950>,0.6222222222222222,0.8680730355211429
heat-diffusion_t_0.08353005503685018,<function wrap.<locals>.calc at 0x7fffa81c91e0>,0.5555555555555556,5891.874339655549
