estimator_key,kmat_fun,avg_test_score,most_freq_best_param
aitchison_c_0.0003127670021100431,<function wrap.<locals>.calc at 0x7fffbc5e0598>,0.65,0.0016072286538517174
aitchison-rbf_c_3.0595868252955135e-07_g_6.411835346385081e-05,<function wrap.<locals>.calc at 0x7fffbc5e08c8>,0.638888888888889,3.2706727015224835
generalized-js_a_inf_b_inf,<function wrap.<locals>.calc at 0x7fffbc609c80>,0.6166666666666668,81.87834833671363
rbf_g_0.0013696084555600146,<function wrap.<locals>.calc at 0x7fffbc609950>,0.6166666666666668,64.79053058005593
hilbertian_a_inf_b_-10,<function wrap.<locals>.calc at 0x7fffbc5e01e0>,0.6055555555555557,0.007527028661019745
linear,<function kmat_linear at 0x7fffbc6bd950>,0.5722222222222222,0.8760068111879533
heat-diffusion_t_0.08353005503685018,<function wrap.<locals>.calc at 0x7fffa81c91e0>,0.5555555555555556,2851.263172663504
