estimator_key,kmat_fun,avg_test_score,most_freq_best_param
aitchison_c_9.782319760890367e-06,<function wrap.<locals>.calc at 0x7fffb45b7488>,0.6611111111111112,0.0010494436019924083
aitchison-rbf_c_9.782319760890367e-06_g_0.0001522281861859239,<function wrap.<locals>.calc at 0x7fffb45b7a60>,0.6555555555555556,3.276407508536283
rbf_g_0.0013393051668557812,<function wrap.<locals>.calc at 0x7fffbc608950>,0.6166666666666666,64.7890094398797
generalized-js_a_10_b_0.5,<function wrap.<locals>.calc at 0x7fffbc6086a8>,0.5944444444444444,2.9883537414691066
hilbertian_a_1_b_-inf,<function wrap.<locals>.calc at 0x7fffbc608ea0>,0.5944444444444444,1.0708735621175696
linear,<function kmat_linear at 0x7fffbc6bc950>,0.5833333333333334,0.1894381100569005
heat-diffusion_t_0.07838107013753745,<function wrap.<locals>.calc at 0x7fffb45b5268>,0.5333333333333334,0.03885658587260486
