estimator_key,kmat_fun,avg_test_score,most_freq_best_param
aitchison-rbf_c_0.0003127670021100431_g_0.0059751248593767825,<function wrap.<locals>.calc at 0x7fffbc5e0c80>,0.6444444444444445,0.628546773507031
hilbertian_a_inf_b_-1,<function wrap.<locals>.calc at 0x7fffbc5e0158>,0.6444444444444445,0.10359089765810096
generalized-js_a_1_b_1,<function wrap.<locals>.calc at 0x7fffbc609598>,0.6444444444444445,0.4230429231576314
rbf_g_0.01342877617535097,<function wrap.<locals>.calc at 0x7fffbc609730>,0.638888888888889,65.38235319265806
aitchison_c_1.7300247588184432e-06,<function wrap.<locals>.calc at 0x7fffbc5e0400>,0.6388888888888888,0.00032552023708313246
linear,<function kmat_linear at 0x7fffbc6bc950>,0.6277777777777777,4.0740999620789085
heat-diffusion_t_0.08353005503685018,<function wrap.<locals>.calc at 0x7fffa81cd1e0>,0.5777777777777777,593.4327791763403
