estimator_key,kmat_fun,avg_test_score,most_freq_best_param
aitchison_c_0.01,<function wrap.<locals>.calc at 0x7fffbc5f66a8>,0.669281045751634,0.20493614723957757
generalized-js_a_1_b_0.5,<function wrap.<locals>.calc at 0x7fffbc6087b8>,0.6643790849673202,101.08015383308908
aitchison-rbf_c_0.01_g_0.002464122069094004,<function wrap.<locals>.calc at 0x7fffbc5f6d90>,0.6470588235294118,33.12647855816833
hilbertian_a_1_b_-1,<function wrap.<locals>.calc at 0x7fffbc608d90>,0.6248366013071895,154.48237019357583
rbf_g_1.2868911986887792,<function wrap.<locals>.calc at 0x7fffbc608488>,0.6199346405228757,130.16272784954776
heat-diffusion_t_0.0948649813020085,<function wrap.<locals>.calc at 0x7fffa81ca0d0>,0.5643790849673203,27151839428.894608
linear,<function kmat_linear at 0x7fffbc6bc950>,0.5526143790849674,0.08472162256212439
