estimator_key,kmat_fun,avg_test_score,most_freq_best_param
aitchison-rbf_c_0.01_g_0.002387280272299156,<function wrap.<locals>.calc at 0x7fffbc5f7d90>,0.692483660130719,71.75194734808251
generalized-js_a_1_b_0.5,<function wrap.<locals>.calc at 0x7fffbc6087b8>,0.6872549019607843,223.62705624704753
aitchison_c_0.01,<function wrap.<locals>.calc at 0x7fffbc5f76a8>,0.6591503267973857,4.434922147668634
hilbertian_a_1_b_-1,<function wrap.<locals>.calc at 0x7fffbc608d90>,0.6369281045751636,157.33081923088736
rbf_g_1.2452801395182713,<function wrap.<locals>.calc at 0x7fffbc608488>,0.581045751633987,60.74073863443065
heat-diffusion_t_0.08901728545190833,<function wrap.<locals>.calc at 0x7fffa81c9158>,0.5473856209150327,8683560.82770878
linear,<function kmat_linear at 0x7fffbc6bc950>,0.5032679738562091,0.09234824159350234
