estimator_key,kmat_fun,avg_test_score,most_freq_best_param
aitchison_c_4.222537557500614e-08,<function wrap.<locals>.calc at 0x7fffa81cd2f0>,0.6702614379084968,0.001334372935654543
aitchison-rbf_c_2.473709701915579e-07_g_5.3454981698259285e-05,<function wrap.<locals>.calc at 0x7fffa81cd8c8>,0.6650326797385622,15.440870537135888
generalized-js_a_1_b_0.5,<function wrap.<locals>.calc at 0x7fffbc6087b8>,0.6539215686274511,220.36665804964767
hilbertian_a_1_b_-1,<function wrap.<locals>.calc at 0x7fffbc608d90>,0.6310457516339868,155.38856583763183
rbf_g_1.2836823404172781,<function wrap.<locals>.calc at 0x7fffbc608488>,0.5258169934640523,0.05793762773804651
linear,<function kmat_linear at 0x7fffbc6bc950>,0.5029411764705882,0.1844215941614446
heat-diffusion_t_0.10773804319248033,<function wrap.<locals>.calc at 0x7fffa81cdf28>,0.49640522875816984,3.1569122222075336e+22
