estimator_key,kmat_fun,avg_test_score,most_freq_best_param
aitchison_c_0.0003075039582005885,<function wrap.<locals>.calc at 0x7fffb45be598>,0.692156862745098,0.1394963532565663
aitchison-rbf_c_9.455868430902929e-06_g_0.0001303938684320774,<function wrap.<locals>.calc at 0x7fffb45bea60>,0.6529411764705882,33.38028805542597
generalized-js_a_1_b_0.5,<function wrap.<locals>.calc at 0x7fffbc6087b8>,0.6366013071895424,220.2369588155462
hilbertian_a_1_b_-1,<function wrap.<locals>.calc at 0x7fffbc608d90>,0.6140522875816994,155.4787141947501
heat-diffusion_t_0.10773804319248033,<function wrap.<locals>.calc at 0x7fffb45bef28>,0.5411764705882354,1.4437671708042868e+22
rbf_g_124.01490288531811,<function wrap.<locals>.calc at 0x7fffbc608510>,0.5254901960784313,0.1278398928172143
linear,<function kmat_linear at 0x7fffbc6bc950>,0.5026143790849673,0.08641482672545504
