estimator_key,kmat_fun,avg_test_score,most_freq_best_param
generalized-js_a_1_b_0.5,<function wrap.<locals>.calc at 0x7fffbc6087b8>,0.6444444444444444,216.82668332819833
hilbertian_a_1_b_-1,<function wrap.<locals>.calc at 0x7fffbc608d90>,0.638888888888889,153.06481376645846
aitchison_c_4.222537557500614e-08,<function wrap.<locals>.calc at 0x7fffbc5ea2f0>,0.6388888888888888,0.0013601623333844997
aitchison-rbf_c_0.01_g_0.0024449425325092002,<function wrap.<locals>.calc at 0x7fffbc5ead90>,0.6388888888888888,70.89024139902546
rbf_g_1.3047805979437663,<function wrap.<locals>.calc at 0x7fffbc608488>,0.5722222222222222,128.7927603150528
heat-diffusion_t_0.10773804319248033,<function wrap.<locals>.calc at 0x7fffbc5eaf28>,0.5666666666666667,3.063575506133268e+22
linear,<function kmat_linear at 0x7fffbc6bc950>,0.5222222222222221,0.08348954214843295
