estimator_key,kmat_fun,avg_test_score,most_freq_best_param
aitchison_c_0.0017069656775937684,<function wrap.<locals>.calc at 0x7fffbc5d7620>,0.6542483660130718,0.1472981431575715
generalized-js_a_1_b_0.5,<function wrap.<locals>.calc at 0x7fffbc6097b8>,0.6379084967320261,221.7507304849537
aitchison-rbf_c_0.01_g_0.002396701755707645,<function wrap.<locals>.calc at 0x7fffbc5d7d90>,0.6316993464052287,71.69075592429556
hilbertian_a_1_b_-1,<function wrap.<locals>.calc at 0x7fffbc609d90>,0.6254901960784313,156.1525066775091
rbf_g_1.28934695882266,<function wrap.<locals>.calc at 0x7fffbc609488>,0.5529411764705883,13.024441623122463
heat-diffusion_t_0.10773804319248033,<function wrap.<locals>.calc at 0x7fffbc5d7f28>,0.5140522875816993,6.946192083839466e+18
linear,<function kmat_linear at 0x7fffbc6bc950>,0.5084967320261438,0.08908403080391865
