estimator_key,kmat_fun,avg_test_score,most_freq_best_param
aitchison_c_5.392325074331701e-05,<function wrap.<locals>.calc at 0x7fffbc5f9510>,0.6663398692810457,0.0698890075472942
aitchison-rbf_c_9.455868430902929e-06_g_0.0001285532005776734,<function wrap.<locals>.calc at 0x7fffbc5f9a60>,0.6545751633986927,72.22918549303706
generalized-js_a_1_b_1,<function wrap.<locals>.calc at 0x7fffbc608598>,0.6032679738562091,104.91238290111824
hilbertian_a_1_b_-1,<function wrap.<locals>.calc at 0x7fffbc608d90>,0.5973856209150327,156.37326036708487
rbf_g_1.2891022586775474,<function wrap.<locals>.calc at 0x7fffbc608488>,0.5866013071895424,132.5534741582979
heat-diffusion_t_0.08353005503685018,<function wrap.<locals>.calc at 0x7fffa81ca1e0>,0.5254901960784313,121.17884160883045
linear,<function kmat_linear at 0x7fffbc6bc950>,0.5202614379084968,0.09076791395585196
