estimator_key,kmat_fun,avg_test_score,most_freq_best_param
generalized-js_a_1_b_0.5,<function wrap.<locals>.calc at 0x7fffbc6087b8>,0.6709150326797386,47.53731069328735
aitchison_c_2.473709701915579e-07,<function wrap.<locals>.calc at 0x7fffb45be378>,0.6598039215686274,0.0038864664935505055
aitchison-rbf_c_0.01_g_0.002371563743510619,<function wrap.<locals>.calc at 0x7fffb45bed90>,0.6535947712418302,71.6636914514812
hilbertian_a_1_b_-1,<function wrap.<locals>.calc at 0x7fffbc608d90>,0.6310457516339869,156.64182457449218
rbf_g_1.2632926387213297,<function wrap.<locals>.calc at 0x7fffbc608488>,0.5640522875816993,60.380493531728845
linear,<function kmat_linear at 0x7fffbc6bc950>,0.5140522875816993,0.0876665269437997
heat-diffusion_t_0.10773804319248033,<function wrap.<locals>.calc at 0x7fffb45bef28>,0.5088235294117647,6.502300171570472e+18
