estimator_key,kmat_fun,avg_test_score,most_freq_best_param
aitchison_c_0.0017069656775937684,<function wrap.<locals>.calc at 0x7fffb45be620>,0.6709150326797386,0.3268429120519976
generalized-js_a_1_b_0.5,<function wrap.<locals>.calc at 0x7fffbc6097b8>,0.6486928104575164,220.54147425448292
hilbertian_a_1_b_-1,<function wrap.<locals>.calc at 0x7fffbc609d90>,0.6431372549019607,71.85030766852701
aitchison-rbf_c_7.207726683004171e-09_g_2.9261621975420952e-05,<function wrap.<locals>.calc at 0x7fffb45be730>,0.6313725490196079,72.37173996963985
heat-diffusion_t_0.0948649813020085,<function wrap.<locals>.calc at 0x7fffa81ca0d0>,0.5473856209150327,58324355032646.516
rbf_g_1.2530140062114399,<function wrap.<locals>.calc at 0x7fffbc609488>,0.5196078431372548,0.12397241765461443
linear,<function kmat_linear at 0x7fffbc6bd950>,0.5084967320261438,0.1814037144666241
