estimator_key,kmat_fun,avg_test_score,most_freq_best_param
aitchison-rbf_c_0.01_g_0.002404379804398332,<function wrap.<locals>.calc at 0x7fffbc5d1d90>,0.6261437908496732,71.67586874535954
hilbertian_a_1_b_-1,<function wrap.<locals>.calc at 0x7fffbc608d90>,0.6258169934640524,155.92404724358082
aitchison_c_2.473709701915579e-07,<function wrap.<locals>.calc at 0x7fffbc5d1378>,0.619281045751634,0.0008518660926142018
generalized-js_a_1_b_1,<function wrap.<locals>.calc at 0x7fffbc608598>,0.6075163398692811,476.13165509804446
rbf_g_1.259713321861883,<function wrap.<locals>.calc at 0x7fffbc608488>,0.5584967320261438,129.88449448973512
heat-diffusion_t_0.10109682217047987,<function wrap.<locals>.calc at 0x7fffa81ca048>,0.5140522875816994,402885677295804.6
linear,<function kmat_linear at 0x7fffbc6bc950>,0.5140522875816994,0.18432554521356723
