estimator_key,kmat_fun,avg_test_score,most_freq_best_param
aitchison_c_0.0017069656775937684,<function wrap.<locals>.calc at 0x7fffbc5ea620>,0.7029411764705882,0.06966671527838192
generalized-js_a_1_b_1,<function wrap.<locals>.calc at 0x7fffbc609598>,0.6640522875816993,46.21225955222882
aitchison-rbf_c_0.01_g_0.0024260017816690946,<function wrap.<locals>.calc at 0x7fffbc5ead90>,0.6473856209150327,71.66049785528382
hilbertian_a_1_b_-10,<function wrap.<locals>.calc at 0x7fffbc609e18>,0.6313725490196078,5.901322903872092
heat-diffusion_t_0.10773804319248033,<function wrap.<locals>.calc at 0x7fffbc5eaf28>,0.5993464052287582,2.8470100113330266e+19
rbf_g_12.956403656937816,<function wrap.<locals>.calc at 0x7fffbc6099d8>,0.5699346405228758,213.65055686203087
linear,<function kmat_linear at 0x7fffbc6bc950>,0.5699346405228758,188.44669731207375
