estimator_key,kmat_fun,avg_test_score,most_freq_best_param
aitchison_c_4.999999999999999e-09,<function wrap.<locals>.calc at 0x7fffa875f1e0>,0.9430555555555555,0.04142969730849524
aitchison-rbf_c_1.8803015465431966e-07_g_0.0003256177714802396,<function wrap.<locals>.calc at 0x7fffa875f8c8>,0.9430555555555555,763.5980815118825
generalized-js_a_10_b_10,<function wrap.<locals>.calc at 0x7fffb45c6840>,0.8944444444444445,1232.7043254913112
hilbertian_a_1_b_-inf,<function wrap.<locals>.calc at 0x7fffb45c6e18>,0.8486111111111111,229.36488585104942
rbf_g_9.814675433090304,<function wrap.<locals>.calc at 0x7fffb45c6950>,0.836111111111111,2.252096145654859
linear,<function kmat_linear at 0x7fffbc6bc950>,0.8236111111111111,26.97046805772161
heat-diffusion_t_0.10353229717928208,<function wrap.<locals>.calc at 0x7fffa875fea0>,0.7875,5.469524038149553e+23
