estimator_key,kmat_fun,avg_test_score,most_freq_best_param
aitchison-rbf_c_4.999999999999999e-09_g_0.00015465466361213638,<function wrap.<locals>.calc at 0x7fffa8762730>,0.9194444444444445,1.162957456509868
aitchison_c_1.8803015465431966e-07,<function wrap.<locals>.calc at 0x7fffa87622f0>,0.9194444444444445,0.0006064589331552576
generalized-js_a_10_b_10,<function wrap.<locals>.calc at 0x7fffb45ce840>,0.8694444444444445,1239.1857144620149
rbf_g_9.500225865995425,<function wrap.<locals>.calc at 0x7fffb45ce950>,0.8694444444444445,2.260842373564094
hilbertian_a_1_b_-1,<function wrap.<locals>.calc at 0x7fffb45ced08>,0.836111111111111,5.211028959976382
linear,<function kmat_linear at 0x7fffbc6bc950>,0.836111111111111,26.756083082441418
heat-diffusion_t_0.10353229717928208,<function wrap.<locals>.calc at 0x7fffa8762ea0>,0.7625,5.2682916067179e+23
