estimator_key,kmat_fun,avg_test_score,most_freq_best_param
aitchison_c_1.8803015465431966e-07,<function wrap.<locals>.calc at 0x7fffa87602f0>,0.9305555555555556,0.07815650296986928
aitchison-rbf_c_4.999999999999999e-09_g_1.5215332240672381e-05,<function wrap.<locals>.calc at 0x7fffa87606a8>,0.9305555555555556,320.9627926572453
rbf_g_0.9970057972463545,<function wrap.<locals>.calc at 0x7fffb45fd510>,0.9097222222222221,12.853045633443275
generalized-js_a_inf_b_10,<function wrap.<locals>.calc at 0x7fffb45fdb70>,0.8972222222222221,2.7290620412433566
hilbertian_a_1_b_-10,<function wrap.<locals>.calc at 0x7fffb45fdd90>,0.8972222222222221,2.0068581460241655
linear,<function kmat_linear at 0x7fffbc6bc950>,0.8972222222222221,28.781725017753782
heat-diffusion_t_0.10353229717928208,<function wrap.<locals>.calc at 0x7fffa8760ea0>,0.7916666666666666,5.396387455003251e+23
