estimator_key,kmat_fun,avg_test_score,most_freq_best_param
aitchison_c_1.8803015465431966e-07,<function wrap.<locals>.calc at 0x7fffa87602f0>,0.9319444444444445,0.0013171595138534238
aitchison-rbf_c_1.8803015465431966e-07_g_3.295143669390255e-05,<function wrap.<locals>.calc at 0x7fffa8760840>,0.9319444444444445,12.253538765797614
generalized-js_a_10_b_10,<function wrap.<locals>.calc at 0x7fffb45d7840>,0.9097222222222221,4.061873707667281
rbf_g_10.30063505541501,<function wrap.<locals>.calc at 0x7fffb45d7950>,0.8972222222222221,0.9868872367039861
hilbertian_a_1_b_-1,<function wrap.<locals>.calc at 0x7fffb45d7d08>,0.8875,5.077394381190599
linear,<function kmat_linear at 0x7fffbc6bc950>,0.875,143.86083052881318
heat-diffusion_t_0.10353229717928208,<function wrap.<locals>.calc at 0x7fffa8760ea0>,0.8069444444444445,5.0835420169908294e+23
