estimator_key,kmat_fun,avg_test_score,most_freq_best_param
aitchison-rbf_c_4.999999999999999e-09_g_0.00015157197081973128,<function wrap.<locals>.calc at 0x7fffa8762730>,0.9069444444444444,766.6320976602681
aitchison_c_3.066187817586519e-08,<function wrap.<locals>.calc at 0x7fffa8762268>,0.9069444444444444,0.0004289134124231853
rbf_g_9.89179627359954,<function wrap.<locals>.calc at 0x7fffb45f0950>,0.8597222222222222,2.266200563608715
generalized-js_a_inf_b_1,<function wrap.<locals>.calc at 0x7fffb45f0ae8>,0.8458333333333332,230.4088618229805
hilbertian_a_1_b_-inf,<function wrap.<locals>.calc at 0x7fffb45f0e18>,0.8458333333333332,230.4088618229805
heat-diffusion_t_0.10353229717928208,<function wrap.<locals>.calc at 0x7fffa8762ea0>,0.8013888888888889,5.591728544603113e+23
linear,<function kmat_linear at 0x7fffbc6bc950>,0.7888888888888889,135.54854084759242
