estimator_key,kmat_fun,avg_test_score,most_freq_best_param
aitchison_c_4.999999999999999e-09,<function wrap.<locals>.calc at 0x7fffa875f1e0>,0.9305555555555556,0.0007074037517487964
aitchison-rbf_c_4.999999999999999e-09_g_1.537841180353178e-05,<function wrap.<locals>.calc at 0x7fffa875f6a8>,0.9305555555555556,12.251101531814218
generalized-js_a_inf_b_1,<function wrap.<locals>.calc at 0x7fffb45c6ae8>,0.8722222222222221,225.06051412560973
hilbertian_a_1_b_-inf,<function wrap.<locals>.calc at 0x7fffb45c6e18>,0.8722222222222221,225.06051412560973
rbf_g_0.0956539080114818,<function wrap.<locals>.calc at 0x7fffb45c6400>,0.861111111111111,127.7898235068514
linear,<function kmat_linear at 0x7fffbc6bc950>,0.861111111111111,26.68671966116188
heat-diffusion_t_0.10353229717928208,<function wrap.<locals>.calc at 0x7fffa875fea0>,0.7458333333333333,5.485017517255746e+23
