estimator_key,kmat_fun,avg_test_score,most_freq_best_param
aitchison-rbf_c_1.8803015465431966e-07_g_0.0003232687521920873,<function wrap.<locals>.calc at 0x7fffa87618c8>,0.9180555555555555,763.6231447859034
aitchison_c_4.999999999999999e-09,<function wrap.<locals>.calc at 0x7fffa87611e0>,0.9180555555555555,0.0007207949520068412
generalized-js_a_inf_b_0.5,<function wrap.<locals>.calc at 0x7fffb45d0a60>,0.8930555555555555,2.7288438861749595
rbf_g_10.035116624130222,<function wrap.<locals>.calc at 0x7fffb45d0950>,0.8805555555555555,2.308253965451727
hilbertian_a_inf_b_-1,<function wrap.<locals>.calc at 0x7fffa87610d0>,0.8708333333333332,1.7497292344661552
linear,<function kmat_linear at 0x7fffbc6bc950>,0.8472222222222221,61.09958133162092
heat-diffusion_t_0.10353229717928208,<function wrap.<locals>.calc at 0x7fffa8761ea0>,0.7888888888888889,5.662182173653089e+23
