estimator_key,kmat_fun,avg_test_score,most_freq_best_param
aitchison_c_4.999999999999999e-09,<function wrap.<locals>.calc at 0x7fffa875f1e0>,0.9055555555555556,0.0003204089664800841
aitchison-rbf_c_4.999999999999999e-09_g_1.5445105620992796e-05,<function wrap.<locals>.calc at 0x7fffa875f6a8>,0.9055555555555556,12.509069530706354
generalized-js_a_10_b_10,<function wrap.<locals>.calc at 0x7fffb45bd840>,0.861111111111111,1.8863975782871811
hilbertian_a_10_b_-inf,<function wrap.<locals>.calc at 0x7fffa875f048>,0.851388888888889,0.12602290152834766
rbf_g_0.955157357045814,<function wrap.<locals>.calc at 0x7fffb45bd510>,0.851388888888889,12.825672729231618
linear,<function kmat_linear at 0x7fffbc6bd950>,0.8375,26.476487528217138
heat-diffusion_t_0.10353229717928208,<function wrap.<locals>.calc at 0x7fffa875fea0>,0.7791666666666666,5.246887024213295e+23
