estimator_key,kmat_fun,avg_test_score,most_freq_best_param
aitchison_c_4.999999999999999e-09,<function wrap.<locals>.calc at 0x7fffa875f1e0>,0.9319444444444445,0.0007025704430798022
aitchison-rbf_c_4.999999999999999e-09_g_1.5368203547053418e-05,<function wrap.<locals>.calc at 0x7fffa875f6a8>,0.9319444444444445,12.250884054605738
generalized-js_a_10_b_10,<function wrap.<locals>.calc at 0x7fffb45bd840>,0.8875,4.14068322863473
hilbertian_a_1_b_-1,<function wrap.<locals>.calc at 0x7fffb45bdd08>,0.875,5.136949539549597
rbf_g_9.6629033837293,<function wrap.<locals>.calc at 0x7fffb45bd950>,0.8541666666666667,2.202406084805246
linear,<function kmat_linear at 0x7fffbc6bc950>,0.8527777777777779,27.43711918553311
heat-diffusion_t_0.10353229717928208,<function wrap.<locals>.calc at 0x7fffa875fea0>,0.8041666666666666,5.1855998430191597e+23
