estimator_key,kmat_fun,avg_test_score,most_freq_best_param
aitchison-rbf_c_1.8803015465431966e-07_g_3.252831575591883e-05,<function wrap.<locals>.calc at 0x7fffa8764840>,0.9152777777777779,321.0546910797711
aitchison_c_4.999999999999999e-09,<function wrap.<locals>.calc at 0x7fffa87641e0>,0.9152777777777779,0.00031868197493693903
generalized-js_a_1_b_1,<function wrap.<locals>.calc at 0x7fffb45e39d8>,0.8819444444444444,13.335676980908227
linear,<function kmat_linear at 0x7fffbc6bc950>,0.8472222222222221,140.39251674859662
rbf_g_1.0065816495004167,<function wrap.<locals>.calc at 0x7fffb45e3510>,0.8472222222222221,2.533307251028526
hilbertian_a_1_b_-1,<function wrap.<locals>.calc at 0x7fffb45e3d08>,0.8458333333333332,11.729953779512897
heat-diffusion_t_0.10353229717928208,<function wrap.<locals>.calc at 0x7fffa8764ea0>,0.8013888888888889,5.3982545647584416e+23
