estimator_key,kmat_fun,avg_test_score,most_freq_best_param
aitchison_c_4.999999999999999e-09,<function wrap.<locals>.calc at 0x7fffa87611e0>,0.9638888888888889,0.0003193003526223515
aitchison-rbf_c_1.8803015465431966e-07_g_0.0003239847081748872,<function wrap.<locals>.calc at 0x7fffa87618c8>,0.9527777777777778,765.7454101211043
rbf_g_9.492921988106982,<function wrap.<locals>.calc at 0x7fffb45f5950>,0.8847222222222222,0.9972295680106169
generalized-js_a_inf_b_10,<function wrap.<locals>.calc at 0x7fffb45f5b70>,0.8833333333333332,2.7237210311839735
linear,<function kmat_linear at 0x7fffbc6bc950>,0.8375,28.251326528705867
hilbertian_a_10_b_-1,<function wrap.<locals>.calc at 0x7fffb45f5ea0>,0.8347222222222221,1.9995503228426426
heat-diffusion_t_0.10353229717928208,<function wrap.<locals>.calc at 0x7fffa8761ea0>,0.7805555555555556,5.6685234588833114e+23
