estimator_key,kmat_fun,avg_test_score,most_freq_best_param
aitchison_c_1.1530715390799684e-06,<function wrap.<locals>.calc at 0x7fffa875f378>,0.9638888888888889,0.0009074412466826079
aitchison-rbf_c_7.071067811865475e-06_g_9.647198920719621e-05,<function wrap.<locals>.calc at 0x7fffa875f9d8>,0.9638888888888889,12.529211402434116
rbf_g_9.435733845654596,<function wrap.<locals>.calc at 0x7fffb45bd950>,0.9041666666666666,2.2511187186273016
linear,<function kmat_linear at 0x7fffbc6bc950>,0.8930555555555555,62.05592990999113
generalized-js_a_10_b_10,<function wrap.<locals>.calc at 0x7fffb45bd840>,0.8916666666666666,1251.4851799497148
hilbertian_a_inf_b_-1,<function wrap.<locals>.calc at 0x7fffa875f0d0>,0.8819444444444444,1.765316343444211
heat-diffusion_t_0.10353229717928208,<function wrap.<locals>.calc at 0x7fffa875fea0>,0.8013888888888889,5.966530516970051e+23
