estimator_key,kmat_fun,avg_test_score,most_freq_best_param
aitchison_c_3.066187817586519e-08,<function wrap.<locals>.calc at 0x7fffb45d3d90>,0.9402777777777779,0.0009646872583584512
aitchison-rbf_c_4.999999999999999e-09_g_1.512519086506417e-05,<function wrap.<locals>.calc at 0x7fffb45eb268>,0.9402777777777779,12.510596360355208
generalized-js_a_10_b_10,<function wrap.<locals>.calc at 0x7fffb45d3598>,0.9083333333333332,1.9082460586055239
rbf_g_9.837257259992366,<function wrap.<locals>.calc at 0x7fffb45d31e0>,0.8944444444444445,2.2590436348166714
hilbertian_a_10_b_-inf,<function wrap.<locals>.calc at 0x7fffb45d3b70>,0.8833333333333332,0.28615332308221814
linear,<function kmat_linear at 0x7fffbc6bc950>,0.8597222222222222,27.01219772844323
heat-diffusion_t_0.10353229717928208,<function wrap.<locals>.calc at 0x7fffb45eba60>,0.7791666666666666,5.7978261593961375e+23
