Baseline,SVM-RBF,Lin/Log-L1,RF,LogCont-L1,KernelBiome,KB_Aitchison
0.27429443675926896,0.3368814587147156,0.17867608629850176,0.6044447457430707,-0.4276094027968874,0.9741730827285591,0.5620011528180837
0.35033344462809674,0.8130513075223699,0.51689585446752,0.7729888900301133,0.9558126566535482,0.983622366836013,0.9841960828543073
0.3845191516919113,0.8399482537796453,0.7984837278644239,0.8147056382555417,1.5542893976163525,0.9638919663619766,0.9903461233205836
0.057348299619869814,0.35069210364683606,0.225666276391704,0.20998178354685193,-1.022836866899194,0.02323485632846968,0.0337781048978507
0.40677820522443875,0.2055573941009718,0.21568259790894234,0.35562667325722375,-0.3326664099649268,0.37950959883371793,0.2142504565405721
0.0342166438442833,0.2774255963570776,0.1952893080376352,0.17951202222252605,-0.8340022808342983,0.057151354055464454,0.023226791143272647
0.47729889496149647,0.06993354519591706,0.08419871494141186,0.2852817038741096,-0.44225938293630607,0.31128104089598685,0.11666263741509995
0.12014727775794376,0.19093310242400072,0.17276564727611549,0.16820167025536678,-0.5047634784398696,0.005304669392635113,0.09046661362646664
0.4560962730253755,0.03340028528358505,0.024688997447034133,0.08325199779404052,-0.9086435159996886,0.007331740727980441,0.007655665450078637
