Baseline,SVM-RBF,Lin/Log-L1,RF,LogCont-L1,KernelBiome,KB_Aitchison
0.31241568335561054,0.9015593695925274,0.8127861799505209,0.4512355596346867,-0.5985451815359286,0.5096488555552134,0.5502815704537318
0.32564629617698687,0.8456363614608368,0.9917742302271316,0.9121340239465617,0.27237182967461626,0.9619635109506822,0.9900156635183804
0.0356782618650211,0.7645657288379268,0.5027140995719948,0.24228017271912886,-0.7932490689600316,0.04991633237420307,0.10804262222733345
0.4854310884384351,0.08819644451628084,0.07550740672023597,0.0568225941142952,-0.9727449952101663,0.0010323187923834722,0.015355663635558823
0.4987542465708814,0.04363310924722144,0.07849409817419387,0.055511675612934026,-1.1279625093025392,0.04805344712331338,0.04941792563366706
0.10804370187129125,0.04720547294481924,0.01307858746381873,0.047036346124997165,-1.0601324361783222,0.011871476945836361,0.01770283845183263
0.4791196767651792,0.9201217278554293,0.8402951771221028,0.3459321363705941,-0.6576310068931311,0.23216728447668972,0.25145988582472095
0.2610030244804774,0.0225387428599395,0.014127439123634494,0.03628655638354613,-0.9378876115186803,0.0045028273398569,0.01255067885310707
0.31913815526691297,0.09264737567134707,0.140279618519639,0.10130830574551032,-0.41562479080019843,0.06374761914404278,0.1099241823573802
