Baseline,SVM-RBF,Lin/Log-L1,RF,LogCont-L1,KernelBiome,KB_Aitchison
0.07400725363495592,0.6443716972617933,0.9917794443541427,0.63,0.6163542571223166,0.6978125190251029,0.9336647676658499
0.46304820057887003,0.798487604817575,0.7662160185814799,0.6,0.1063157443650739,0.7668339200220006,0.27625770805280214
0.052534118650688244,0.42971988726899285,0.613154976794125,0.562,0.20958470727073253,0.5143156658376797,0.8834733737997073
0.2817532262106959,0.6918464704637977,0.6916921622896647,0.284,-0.48622569405040594,0.7644869119229635,0.43543346945948497
0.43616113288324404,0.04174425329610674,0.00370946031026038,0.148,-0.8610306763679474,0.023401604465223425,0.12137634559855463
0.21207106278753346,0.35971297911059674,0.4063696827427059,0.194,-0.8552996615212316,0.4613638759536985,0.035974726104858794
0.07976454013521389,0.045145880721765,0.005183659894680462,0.18,-0.5625830254534787,0.03582603986042067,0.11373139310956765
0.282439724422434,0.05972056331813067,0.01975250487867297,0.238,-0.5247761646343353,0.057176719354600544,0.20312757816149443
0.15204471981004097,0.9328167652313075,0.9989798893849238,0.398,-0.6748210919680344,0.9111533923476111,0.4571197879776901
