Baseline,SVM-RBF,Lin/Log-L1,RF,LogCont-L1,KernelBiome,KB_Aitchison
0.41864752027743257,0.8499042638978848,0.8892147539695766,0.8808887127526855,-0.029214508178878995,0.962623286820853,0.9721951221831078
0.12260956117432503,0.23735969702163576,0.06929953703757871,0.26991162224294424,-0.6601768747619976,0.4303351618504311,0.3046139428497943
0.21829907567611134,0.8231319212483195,0.9678889895362325,0.8793940713056481,0.5047273133906183,0.9692264814113968,0.9821395744171212
0.3873677928156208,0.039864672148924106,0.003792982918752971,0.05546514954544029,-1.3883404460831372,0.002400937026855348,0.014190775815924928
0.32936910768842026,0.327355399895722,0.1521576432043111,0.16904546625236058,-0.9769245602420458,0.003997114056941319,0.053833530712535126
0.4237543865394604,0.04241702169541493,0.030860814822536446,0.04016735512809747,-0.640213731732101,0.0806835416695422,0.0829306776745471
0.3274043921605555,0.08884209343105443,0.0451808316257809,0.0743291642345062,-0.9053138013708446,0.02533008643341659,0.08423425874468886
0.479162557559745,0.1794243827077927,0.046912037735359007,0.151267011652995,-1.18663062174909,0.005107442665102132,0.044864819949885254
0.37602981294540383,0.20412512523435627,0.28392078239942864,0.22936928859094616,-0.5752359230445157,0.12968587177580548,0.21011446028166136
