Baseline,SVM-RBF,Lin/Log-L1,RF,LogCont-L1,KernelBiome,KB_Aitchison
0.44197056884745783,0.7204891243570332,0.9237628881636112,0.644,0.3437188753135818,0.47148202038429,0.6910139620198973
0.17077230912692332,0.25300924144965914,1.0682417312519005e-11,0.55,-0.33684965707577896,0.9515998861009966,0.6381917803701411
0.31220550851672807,0.152602157386662,0.0006118218727556086,0.234,-0.8107784254912133,0.39480479956659054,0.1648155404175352
0.1936087092223292,0.03445720438696344,1.3318760721260436e-08,0.178,-0.9670158962128202,0.003700157517591494,0.015626501372760993
0.1602547237397916,0.05295636561423404,0.002382006326292352,0.154,-0.409836599439693,0.04012552626569338,0.09216261203321519
0.15876843538870505,0.0788644120504516,0.015595333992964259,0.08,-1.2227030639307084,0.00902609287759762,0.01346760586898098
0.022495002006197806,0.03244058310702021,0.009748205267141045,0.03,-1.1477446304782837,0.028038970793846738,0.09486251635759435
0.18138853030414592,0.023851218159078643,4.405819807483834e-05,0.11,-1.0314158306448782,0.004738608925556179,0.033956156684827626
0.24352819612674664,0.060136297972672795,0.0027218844764877806,0.076,-0.6146793596690613,0.05759856862361886,0.09630303412229667
