Baseline,SVM-RBF,Lin/Log-L1,RF,LogCont-L1,KernelBiome,KB_Aitchison
0.38319443200819703,0.8980682686788332,0.9160951283397875,0.8672742182657497,1.2741593853682551,0.9751008647795423,0.9926043736350538
0.4828061889483784,0.6366786973288296,0.7853713012200438,0.7559612078906504,1.3111613085223066,0.9195214074488497,0.9971540476128885
0.20995552982447235,0.7760522755519988,0.9722351096962004,0.9191170751930613,0.4875465609902082,0.9573231244857265,0.9910916948899167
0.43544285671013044,0.07192272237645686,0.0362775722435242,0.14242975278256367,-0.5987349913577491,0.07582584416643846,0.060274853066353454
0.15687927111153682,0.1160951159657949,0.16873296420725634,0.10320951723831324,-0.7816899788406383,0.0007118641257999801,0.005773113760444681
0.15816252951774035,0.07712839630028415,0.08632959926994162,0.13408826457153744,-0.8283114949074238,0.15009909187175344,0.14280795321832188
0.06340201559176001,0.1223086592474341,0.14430229253196783,0.10790495917949115,-0.7827239313931291,0.0015518837861774224,0.0086221936857483
0.4365175485172241,0.07640071295125345,0.06110675759866811,0.12707601030352475,-0.6661002946357077,0.0033235079186406725,0.03215902375850279
0.20516570327950495,0.0701955037871073,0.012194133371333828,0.04056023191650622,-1.1112946006323297,0.004767194102717207,0.013729292687945644
