Baseline,SVM-RBF,Lin/Log-L1,RF,LogCont-L1,KernelBiome,KB_Aitchison
0.41864752027743257,0.8163268683436012,0.8194241639817137,0.522,-0.6667595378648761,0.621770378364533,0.6918891198642302
0.12260956117432503,0.9191171934058501,0.9676797872233399,0.872,1.690858419471227,0.9812540936786209,0.9974482275288261
0.21829907567611134,0.9279904572438206,0.9475428658303756,0.882,1.2605677917497171,0.9756618514249393,0.9916551196019386
0.3873677928156208,0.08166542182094244,0.11323263682976972,0.064,-1.0278246449839414,0.006276758651497574,0.016784764213659018
0.32936910768842026,0.570904247931188,0.869299215012831,0.582,0.06292244524408304,0.5759010368102563,0.8490402194951101
0.4237543865394604,0.0736230625157516,0.08190206127967518,0.106,-1.0770255959008586,0.1239152910823194,0.0830446709527117
0.3274043921605555,0.07811548370222345,0.0143621610203273,0.128,-0.7622120117156219,0.05405033509112093,0.055755829221730724
0.479162557559745,0.0394116827150823,0.03164741452332916,0.048,-1.171775872088504,0.0017850156083982363,0.01276150980765142
0.37602981294540383,0.043250247941190596,0.019348011522787305,0.052,-1.1287801922955698,0.00027307647978212643,0.008114741721268127
