Baseline,SVM-RBF,Lin/Log-L1,RF,LogCont-L1,KernelBiome,KB_Aitchison
0.24180068614877692,0.5419302778180377,0.21815788550125317,0.428,-0.9307226469566494,0.5463799850384669,0.4154350355782971
0.2146662065659301,0.918363960665201,0.9664694199123606,0.808,1.306032493215043,0.9830142972667213,0.9905025337056338
0.48576288676095153,0.5451302839126853,0.8467063379298334,0.468,0.3478516800574843,0.8585783162940374,0.7300770677844546
0.41423917188744847,0.4604764401585182,0.8768462346529657,0.278,-0.18108921157144647,0.054370920306557574,0.13250134713672723
0.15736150915134373,0.056520884212759546,0.00025818496990485246,0.116,-0.7855970726346058,0.08707619536320375,0.07227645584335798
0.08305156868196173,0.04342572850569864,0.003390497320711899,0.094,-1.1768763099271071,0.0029642118826431305,0.011733300509046784
0.3465168901638811,0.057712366090185055,0.0009865979253989487,0.068,-0.9315607263075834,0.019898249253001214,0.024416423598110675
0.05319346015830134,0.04491743465164942,0.053774621399241336,0.078,-0.9438128308388114,0.013677917442002308,0.03636255390063865
0.13922806911584767,0.0427860176716302,0.002608953922813562,0.05,-0.9684694171739014,0.039702553488187825,0.11002420094786003
