Baseline,SVM-RBF,Lin/Log-L1,RF,LogCont-L1,KernelBiome,KB_Aitchison
0.44197056884745783,0.656138969382317,0.1755591271742517,0.5055122110408757,-0.19851340787833976,0.9539450066117366,0.4371245666699499
0.17077230912692332,0.849556326943399,0.0659469008972392,0.905106073857492,0.4441746737065936,0.9677106318248354,0.7904433769792533
0.31220550851672807,0.5720862875156926,0.9396892807991521,0.4716243331613861,0.04621263101574835,0.7761946099613946,0.575143954348096
0.1936087092223292,0.06927908675346596,0.011718717797593562,0.04776792254836167,-1.2099034601462626,0.003303254375600178,0.009858601979764205
0.1602547237397916,0.681736175951228,0.05019196080149852,0.2689355592088211,-0.645859195725001,0.06190424794354205,0.15911645050740789
0.15876843538870505,0.04201245001953752,0.00664240775645477,0.06216946282574887,-1.1400823911363647,0.009640928957914846,0.013923369856696698
0.022495002006197806,0.1459791329537005,0.020053411066166572,0.092949996237716,-1.0483011393107997,0.024308081024136893,0.06026204822995023
0.18138853030414592,0.04110887264660318,0.00027774405575354215,0.03949587548205844,-0.9422384548669533,0.005976866268293438,0.007499894655999432
0.24352819612674664,0.07206024135380545,0.08144452436844082,0.1656774285183228,-0.7207647794245435,0.028858132264483177,0.025947272644129583
