Baseline,SVM-RBF,Lin/Log-L1,RF,LogCont-L1,KernelBiome,KB_Aitchison
0.4581300380518089,0.5278229284172054,0.9624666186814888,0.5876637247790305,0.3836023532590177,0.8229838525760457,0.8352244174004504
0.3332468537604995,0.7028326075537629,0.044106245473138024,0.2772352195726641,-0.10365257012682219,0.5,0.22442455097238354
0.07032212745567645,0.19828051307509573,0.0006270015191173567,0.23935436987603873,-0.6049127550312501,0.5709874927833345,0.18872345386398567
0.44715658234045774,0.044629930112175684,4.789565550079685e-05,0.06703404730386953,-1.10926816637638,0.002457220471148873,0.013474426619776462
0.23217997798912304,0.05718479325052304,0.0016219528712089954,0.15711970715750387,-0.6425381679372348,0.21389563494760375,0.06411038102949923
0.468155215124872,0.08978913251624872,0.011359418477864461,0.0691553037097223,-0.793337983084522,0.019606679670370424,0.011189993013221558
0.35158271066498226,0.11800893629175602,0.01527806189576307,0.05160873445513927,-1.047071505597978,0.0047223399328751095,0.02812019429328623
0.49887738158994155,0.06061291697923827,0.05802100993751776,0.08771801078760398,-0.9053492999658282,0.006685380517483697,0.04902337512880736
0.27444204529537886,0.049271891738525246,0.00022970482155240822,0.058682884482918356,-1.140346715363245,0.002623797561956222,0.023278053634735348
