Baseline,SVM-RBF,Lin/Log-L1,RF,LogCont-L1,KernelBiome,KB_Aitchison
0.31241568335561054,0.6886860804969723,0.999999923049954,0.9139835341549479,1.8596721139483872,0.9999957135958446,0.9999983798008356
0.32564629617698687,0.7494223660398192,0.04155838419473235,0.3001130093014593,0.0763134553843356,0.3194190046528856,0.29726923341504835
0.0356782618650211,0.7349727558979752,0.9999995459540035,0.7862511762334652,1.6328978403501455,0.9907927651883273,0.9938649565010167
0.4854310884384351,0.0669826366493388,0.012451433547090565,0.05442701793147533,-1.0530457149065617,0.016970620453593193,0.01411447636702557
0.4987542465708814,0.03981831122200454,0.0005238947595387268,0.058509231105324945,-1.2628822876213925,0.01429429095803219,0.011489909290632488
0.10804370187129125,0.04764021942125342,0.034579653499009426,0.19525434151017376,-0.5466737398334968,0.14172412836887877,0.12396889666453023
0.4791196767651792,0.05301474966628312,0.0018600773758339095,0.02386241839232576,-0.8056706523533474,0.005330907125263483,0.003996307444931037
0.2610030244804774,0.06974980865039497,0.08224926300108545,0.17971009589144535,-0.25299392744834054,0.19522358164928633,0.18850748116686555
0.31913815526691297,0.04478529149191766,0.000931224216997402,0.08188858521379273,-1.0040732824635585,0.0491236204576256,0.04330002150108099
