Baseline,SVM-RBF,Lin/Log-L1,RF,LogCont-L1,KernelBiome,KB_Aitchison
0.22829752910451728,0.8533651888997349,0.8133444093072755,0.4834109666705955,-0.3945100414720857,0.6358157518432288,0.7182468273851247
0.3608153074531019,0.9466188758991203,0.9457443778500835,0.8754524805944176,1.2646096920404595,0.9538507032740462,0.9880748098758732
0.28774120462543346,0.8860535277452272,0.8190004141005975,0.3838108876100631,-0.3536227687167216,0.3951077808355686,0.5406956519394944
0.07761193384004816,0.06071987238166381,0.01807983550809812,0.1075065268776897,-0.6420943083969466,0.044358656403932974,0.058658545987600286
0.4976405719045137,0.2137400268578294,0.21336779825266738,0.3464912357840641,-0.4030059889940236,0.2720930582824459,0.24629828113629093
0.4392154396084429,0.10946549389768287,0.15577525058683564,0.08609628560777885,-0.8292943278782683,0.02695101925177151,0.06177606768764576
0.16462545763661068,0.029684124943319904,0.03170058472761058,0.04100422115754611,-1.2294738227911552,0.0037243019639978,0.007192867214646954
0.08707362244747618,0.03866320808943869,0.02755216389963752,0.07176607187681523,-0.8294446915789735,0.003813083052197884,0.005480439887344357
0.4316467051575235,0.07580097550337055,0.12018181710563204,0.09943345952570838,-0.5907703657699693,0.12379221353141716,0.16192819321316496
