Baseline,SVM-RBF,Lin/Log-L1,RF,LogCont-L1,KernelBiome,KB_Aitchison
0.4019538451300303,0.7931603517202175,0.6421461928308061,0.4765367103413186,-0.731764832505712,0.6578285099227552,0.5354659098051472
0.14861279960179147,0.6369136058344015,0.6822007390201291,0.7529811551044319,0.7783476772371314,0.9447419345968561,0.9883130499446989
0.2931541332658746,0.05847133202054893,0.08107752000329764,0.2948789589313433,0.08342760394560028,0.2095136202569266,0.3122340610867933
0.21159962563709833,0.049966513632646016,0.036187210919787965,0.11187121286019394,-0.8653691416992165,0.007772234799878524,0.027934836348150836
0.13606414387132731,0.057274087921138174,0.0686566951246603,0.04268284575960977,-1.047435906616459,0.0017980738821978517,0.02445838971631823
0.40472979837571854,0.08865221556239887,0.07907245554157315,0.06519220036485379,-1.0722304027782605,0.00030815244331087565,0.005678898930741849
0.21344090454214815,0.09088946019979541,0.06756869048090007,0.057801320637241055,-0.8410148374094446,0.01072050772233988,0.06993404084614682
0.19290372402987294,0.0707795071897976,0.11371795517610504,0.10034065277649215,-0.5377273109034423,0.03787406608433192,0.07589144090804552
0.22800599359272056,0.1904277004646482,0.13637294879607467,0.1525639530945149,-1.3368687319967814,0.005984064902951827,0.0269064222123724
