Baseline,SVM-RBF,Lin/Log-L1,RF,LogCont-L1,KernelBiome,KB_Aitchison
0.42418401641242665,0.9327996902430478,0.9923621843457568,0.878,1.6107990311171594,0.9877517517731592,0.9943157244417862
0.06562735962934368,0.6970270723660841,0.11054765756921348,0.49,-0.3318886485978491,0.9574331455874522,0.4237433718117346
0.03705811847586965,0.8495911022048754,0.0807756438534715,0.886,0.23154531105999013,0.979687457314573,0.8050396984921478
0.2557934111746782,0.03399504723553504,0.0006077730178547795,0.072,-1.2772076549803795,0.003715789110623978,0.01834048907451644
0.11725353073547706,0.3337927901837633,0.14136416642697358,0.156,-0.8074722340945119,0.01900131908267769,0.08253921880585507
0.31908878542734953,0.30698828408894063,0.4321907304296664,0.228,-0.9230543666398967,0.0046210015184990115,0.04120840187736658
0.4333976499535676,0.16325349721969312,0.03539795828483152,0.124,-0.6271539452271278,0.02059019404780643,0.05389162040166888
0.23915296200114022,0.03402582437285633,0.02108951253615109,0.064,-1.0654228567591075,0.0004956551457803654,0.012778760256588697
0.13946929326807,0.08024576615701383,0.005530803764281494,0.078,-0.5999736136240654,0.12717107160924476,0.18696976159848147
