estimator_key,kmat_fun,avg_test_score,most_freq_best_param
aitchison-rbf_c_0.00017021020746290123_g_0.00034291438296026955,<function wrap.<locals>.calc at 0x7fffbc3fdc80>,0.6044117647058823,8.606471693224698
aitchison_c_2.2206412433760017e-05,<function wrap.<locals>.calc at 0x7fffbc3fd598>,0.5610294117647059,0.0009278207789298504
generalized-js_a_inf_b_inf,<function wrap.<locals>.calc at 0x7fffbc62dd08>,0.55625,1.9798975159243184
heat-diffusion_t_0.08314830612497942,<function wrap.<locals>.calc at 0x7fffbc400158>,0.5555147058823529,1371259965051876.5
rbf_g_0.063803188882408,<function wrap.<locals>.calc at 0x7fffbc62d6a8>,0.5503676470588236,80.93615132544863
linear,<function kmat_linear at 0x7fffbc6bd950>,0.5371323529411764,27.95400555247738
hilbertian_a_inf_b_-1,<function wrap.<locals>.calc at 0x7fffbc3fd1e0>,0.53125,0.5244321436798034
