estimator_key,kmat_fun,avg_test_score,most_freq_best_param
rbf_g_0.6371945418915267,<function wrap.<locals>.calc at 0x7fffbc62d7b8>,0.5974264705882353,41.35418254542138
aitchison-rbf_c_0.00017021020746290123_g_0.00034199934142582875,<function wrap.<locals>.calc at 0x7fffbc3d4c80>,0.5922794117647059,18.721941214729192
aitchison_c_0.01,<function wrap.<locals>.calc at 0x7fffbc3d4730>,0.5863970588235294,0.05219726326508026
generalized-js_a_1_b_1,<function wrap.<locals>.calc at 0x7fffbc62d510>,0.5805147058823529,3.8989873786901117
hilbertian_a_1_b_-1,<function wrap.<locals>.calc at 0x7fffbc62de18>,0.5558823529411765,3.3053094563497063
linear,<function kmat_linear at 0x7fffbc6bc950>,0.5555147058823529,61.9809458503935
heat-diffusion_t_0.07927691664886036,<function wrap.<locals>.calc at 0x7fffbc4032f0>,0.5246323529411765,0.07397688984122204
