estimator_key,kmat_fun,avg_test_score,most_freq_best_param
hilbertian_a_1_b_-1,<function wrap.<locals>.calc at 0x7fffa80502f0>,0.6051470588235295,3.2919129819046415
aitchison_c_0.01,<function wrap.<locals>.calc at 0x7fffa8050b70>,0.59375,0.023913335925185852
rbf_g_0.6455482963142811,<function wrap.<locals>.calc at 0x7fffbc3ad950>,0.5871323529411765,19.033652889554155
aitchison-rbf_c_0.01_g_0.03315179836972632,<function wrap.<locals>.calc at 0x7fffa8053378>,0.5863970588235294,0.8686660379166407
generalized-js_a_1_b_1,<function wrap.<locals>.calc at 0x7fffbc3adbf8>,0.5863970588235294,3.867376936011821
linear,<function kmat_linear at 0x7fffbc6bd950>,0.5621323529411765,27.674081756932885
heat-diffusion_t_0.085833701890057,<function wrap.<locals>.calc at 0x7fffa8053488>,0.5378676470588235,3.3230275874176046e+23
