estimator_key,kmat_fun,avg_test_score,most_freq_best_param
generalized-js_a_inf_b_inf,<function wrap.<locals>.calc at 0x7fffbc62cd08>,0.6095588235294118,1.9794118862595353
hilbertian_a_10_b_-inf,<function wrap.<locals>.calc at 0x7fffbc3a1158>,0.6036764705882354,0.08412926952819641
aitchison_c_0.01,<function wrap.<locals>.calc at 0x7fffbc3a1730>,0.5919117647058824,0.023854307014406412
aitchison-rbf_c_0.00017021020746290123_g_0.0033725778380219863,<function wrap.<locals>.calc at 0x7fffbc3a1d08>,0.5911764705882353,205.2332153228133
linear,<function kmat_linear at 0x7fffbc6bc950>,0.5727941176470589,6.218474228753504
rbf_g_0.6624912263590481,<function wrap.<locals>.calc at 0x7fffbc62c7b8>,0.5602941176470588,4.023995707886837
heat-diffusion_t_0.085833701890057,<function wrap.<locals>.calc at 0x7fffbc3b3048>,0.54375,3.416632381835783e+23
