estimator_key,kmat_fun,avg_test_score,most_freq_best_param
aitchison_c_2.2206412433760017e-05,<function wrap.<locals>.calc at 0x7fffbc3a7598>,0.5911764705882353,0.002006531571015256
aitchison-rbf_c_4.9312475317825146e-08_g_2.9483135301102277e-05,<function wrap.<locals>.calc at 0x7fffbc3a7950>,0.5797794117647059,3.9534866451331196
rbf_g_648.1535953961869,<function wrap.<locals>.calc at 0x7fffbc62c400>,0.5433823529411764,12383.756298137472
generalized-js_a_1_b_1,<function wrap.<locals>.calc at 0x7fffbc62c510>,0.5367647058823529,3.8827057336512394
linear,<function kmat_linear at 0x7fffbc6bc950>,0.5367647058823529,636.0277409371948
heat-diffusion_t_0.08054692573214262,<function wrap.<locals>.calc at 0x7fffbc39f268>,0.5308823529411765,1074.5990109008771
hilbertian_a_1_b_-1,<function wrap.<locals>.calc at 0x7fffbc62ce18>,0.5113970588235295,3.302426235124445
