estimator_key,kmat_fun,avg_test_score,most_freq_best_param
rbf_g_65.93911724784664,<function wrap.<locals>.calc at 0x7fffbc62ca60>,0.5805147058823529,2452.1095502868493
aitchison-rbf_c_0.00017021020746290123_g_0.003401617595398515,<function wrap.<locals>.calc at 0x7fffbc3a2d08>,0.5738970588235294,0.8888005483195557
aitchison_c_8.393486654356214e-10,<function wrap.<locals>.calc at 0x7fffbc3a22f0>,0.5617647058823529,5.474006320423971e-05
generalized-js_a_inf_b_0.5,<function wrap.<locals>.calc at 0x7fffbc62cb70>,0.5551470588235294,0.7775591644126649
heat-diffusion_t_0.085833701890057,<function wrap.<locals>.calc at 0x7fffbc3ae048>,0.5492647058823529,1.357267507512708e+20
linear,<function kmat_linear at 0x7fffbc6bc950>,0.5371323529411764,28.867182640267732
hilbertian_a_inf_b_-1,<function wrap.<locals>.calc at 0x7fffbc3a21e0>,0.5305147058823529,1.1392385438049402
