estimator_key,kmat_fun,avg_test_score,most_freq_best_param
aitchison-rbf_c_0.01_g_0.0033403676132256355,<function wrap.<locals>.calc at 0x7fffbc3a3e18>,0.5992647058823529,3.953687578715355
aitchison_c_2.2206412433760017e-05,<function wrap.<locals>.calc at 0x7fffbc3a3598>,0.5919117647058824,0.0009184519501324836
generalized-js_a_1_b_0.5,<function wrap.<locals>.calc at 0x7fffbc62c730>,0.5617647058823529,4.525954084131723
rbf_g_6.535766420940673,<function wrap.<locals>.calc at 0x7fffbc62c950>,0.5566176470588236,8.40087463522005
hilbertian_a_10_b_-1,<function wrap.<locals>.calc at 0x7fffbc3a3048>,0.5433823529411764,2.7932480803383526
heat-diffusion_t_0.08054692573214262,<function wrap.<locals>.calc at 0x7fffbc39f268>,0.5363970588235294,5624089.413281568
linear,<function kmat_linear at 0x7fffbc6bc950>,0.48125,28.405618793511508
