estimator_key,kmat_fun,avg_test_score,most_freq_best_param
hilbertian_a_1_b_-1,<function wrap.<locals>.calc at 0x7fffbc62ce18>,0.5735294117647058,7.1787617227462635
aitchison_c_0.00017021020746290123,<function wrap.<locals>.calc at 0x7fffbc3a0620>,0.5669117647058823,0.0020160765424651703
generalized-js_a_10_b_0.5,<function wrap.<locals>.calc at 0x7fffbc62c620>,0.5551470588235294,15.14957910420759
rbf_g_0.6508620601030031,<function wrap.<locals>.calc at 0x7fffbc62c7b8>,0.5496323529411764,90.25219590340716
heat-diffusion_t_0.08314830612497942,<function wrap.<locals>.calc at 0x7fffbc3ae158>,0.5441176470588236,1328531052329323.5
aitchison-rbf_c_8.393486654356214e-10_g_0.0015055494715249358,<function wrap.<locals>.calc at 0x7fffbc3a08c8>,0.5433823529411764,11442.514385093105
linear,<function kmat_linear at 0x7fffbc6bc950>,0.5058823529411764,28.38452242213989
