estimator_key,kmat_fun,avg_test_score,most_freq_best_param
hilbertian_a_inf_b_-1,<function wrap.<locals>.calc at 0x7fffbc3a11e0>,0.6356617647058823,1.141190273407052
rbf_g_6.441079251762544,<function wrap.<locals>.calc at 0x7fffbc62d950>,0.6294117647058823,0.8227582015963859
generalized-js_a_inf_b_0.5,<function wrap.<locals>.calc at 0x7fffbc62db70>,0.6235294117647059,0.7784972362630695
linear,<function kmat_linear at 0x7fffbc6bc950>,0.6176470588235294,136.88004498935405
aitchison-rbf_c_0.00017021020746290123_g_0.00034336087932575193,<function wrap.<locals>.calc at 0x7fffbc3a1c80>,0.5985294117647059,8.59922817037101
aitchison_c_2.8971514724563874e-06,<function wrap.<locals>.calc at 0x7fffbc3a1510>,0.5808823529411764,0.0023845044699192432
heat-diffusion_t_0.08183728024685435,<function wrap.<locals>.calc at 0x7fffbc3ae1e0>,0.5444852941176471,97935914878.58098
