estimator_key,kmat_fun,avg_test_score,most_freq_best_param
aitchison_c_0.00017021020746290123,<function wrap.<locals>.calc at 0x7fffbc3a0620>,0.6360294117647058,0.0043443367803360465
aitchison-rbf_c_0.00017021020746290123_g_0.00034481303563324095,<function wrap.<locals>.calc at 0x7fffbc3a0c80>,0.6301470588235294,40.6988422859638
generalized-js_a_1_b_0.5,<function wrap.<locals>.calc at 0x7fffbc62c730>,0.6117647058823529,9.881314213230327
hilbertian_a_1_b_-1,<function wrap.<locals>.calc at 0x7fffbc62ce18>,0.5801470588235295,3.2966523905489304
rbf_g_0.6522284752941565,<function wrap.<locals>.calc at 0x7fffbc62c7b8>,0.5801470588235295,8.743039325727525
linear,<function kmat_linear at 0x7fffbc6bc950>,0.5566176470588236,136.034698022622
heat-diffusion_t_0.07927691664886036,<function wrap.<locals>.calc at 0x7fffbc3b32f0>,0.5496323529411764,385.438857351525
