estimator_key,kmat_fun,avg_test_score,most_freq_best_param
generalized-js_a_1_b_1,<function wrap.<locals>.calc at 0x7fffbc608e18>,0.7717948717948718,1.6449606292295573
hilbertian_a_1_b_-10,<function wrap.<locals>.calc at 0x7fffbc5eb268>,0.7544871794871795,2.294239530414546
aitchison_c_0.01,<function wrap.<locals>.calc at 0x7fffbc5eba60>,0.7474358974358974,0.019345272301052128
aitchison-rbf_c_0.01_g_0.0023688808234550145,<function wrap.<locals>.calc at 0x7fffa81ce1e0>,0.7314102564102565,2.8108177811829895
linear,<function kmat_linear at 0x7fffbc6bd950>,0.7147435897435898,6.347583640856539
rbf_g_0.05760243467321846,<function wrap.<locals>.calc at 0x7fffbc608d08>,0.7070512820512821,60.70590525351493
heat-diffusion_t_0.09371333034598954,<function wrap.<locals>.calc at 0x7fffa81ce400>,0.5955128205128205,6.886087347888822e+19
