estimator_key,kmat_fun,avg_test_score,most_freq_best_param
aitchison-rbf_c_0.01_g_0.022826084590364063,<function wrap.<locals>.calc at 0x7fffa81d1268>,0.8326923076923076,14.235111025322693
generalized-js_a_inf_b_inf,<function wrap.<locals>.calc at 0x7fffa81ce0d0>,0.7769230769230769,170.00989322117317
aitchison_c_0.01,<function wrap.<locals>.calc at 0x7fffa81cea60>,0.7474358974358974,0.009104296417720278
hilbertian_a_1_b_-1,<function wrap.<locals>.calc at 0x7fffa81ce1e0>,0.7461538461538463,2.7042654359330514
rbf_g_0.054398625217849474,<function wrap.<locals>.calc at 0x7fffbc608d08>,0.7384615384615384,133.8105842080624
linear,<function kmat_linear at 0x7fffbc6bd950>,0.7230769230769231,6.613750200237547
heat-diffusion_t_0.09371333034598954,<function wrap.<locals>.calc at 0x7fffa81d1400>,0.5801282051282051,6.931352935243214e+19
