estimator_key,kmat_fun,avg_test_score,most_freq_best_param
generalized-js_a_10_b_0.5,<function wrap.<locals>.calc at 0x7fffbc6088c8>,0.7294871794871794,2.6294184475131055
hilbertian_a_inf_b_-1,<function wrap.<locals>.calc at 0x7fffa81ce510>,0.7128205128205128,0.4170832541324924
rbf_g_0.05186750445452872,<function wrap.<locals>.calc at 0x7fffbc608d08>,0.7076923076923076,27.530449603658255
linear,<function kmat_linear at 0x7fffbc6bd950>,0.6923076923076923,3.0002822770242488
aitchison-rbf_c_0.01_g_0.022541501302647413,<function wrap.<locals>.calc at 0x7fffa81d1268>,0.6833333333333333,335.7119181920104
aitchison_c_1.8178813667514944e-05,<function wrap.<locals>.calc at 0x7fffa81ce840>,0.6730769230769231,0.0008964838851939824
heat-diffusion_t_0.09787635250924033,<function wrap.<locals>.calc at 0x7fffa81d1378>,0.5871794871794871,1.0869674398173295e+24
