estimator_key,kmat_fun,avg_test_score,most_freq_best_param
aitchison_c_1.6004410854759425e-07,<function wrap.<locals>.calc at 0x7fffb45be6a8>,0.7371794871794872,0.0003188129590069151
aitchison-rbf_c_1.8178813667514944e-05_g_9.688819986408214e-05,<function wrap.<locals>.calc at 0x7fffb45bee18>,0.7282051282051283,6.186477227128885
hilbertian_a_1_b_-1,<function wrap.<locals>.calc at 0x7fffb45be1e0>,0.7057692307692307,2.697658184158638
generalized-js_a_10_b_1,<function wrap.<locals>.calc at 0x7fffbc6089d8>,0.6987179487179488,0.8658300837380832
rbf_g_0.0551535989215978,<function wrap.<locals>.calc at 0x7fffbc608d08>,0.698076923076923,27.52915146837651
linear,<function kmat_linear at 0x7fffbc6bc950>,0.6666666666666666,3.0665772486868272
heat-diffusion_t_0.09371333034598954,<function wrap.<locals>.calc at 0x7fffa81cb400>,0.5948717948717948,6.928312549948027e+19
