estimator_key,kmat_fun,avg_test_score,most_freq_best_param
aitchison-rbf_c_7.7508317076083e-07_g_4.376610776549231e-05,<function wrap.<locals>.calc at 0x7fffb45bfc80>,0.7435897435897436,2.806869759130738
aitchison_c_7.7508317076083e-07,<function wrap.<locals>.calc at 0x7fffb45bf730>,0.7352564102564102,0.00042817476479154175
rbf_g_0.054369942885883246,<function wrap.<locals>.calc at 0x7fffbc608d08>,0.7301282051282052,60.696597510328075
hilbertian_a_10_b_-inf,<function wrap.<locals>.calc at 0x7fffb45bf488>,0.7237179487179487,0.0664538877050745
generalized-js_a_inf_b_1,<function wrap.<locals>.calc at 0x7fffbc608f28>,0.716025641025641,0.9310733463904798
linear,<function kmat_linear at 0x7fffbc6bd950>,0.6525641025641026,1707.6085644825368
heat-diffusion_t_0.09787635250924033,<function wrap.<locals>.calc at 0x7fffa81ce378>,0.5967948717948718,1.0653756668945943e+24
