estimator_key,kmat_fun,avg_test_score,most_freq_best_param
aitchison-rbf_c_0.00042636620020253653_g_0.003229152880502324,<function wrap.<locals>.calc at 0x7fffa81d10d0>,0.7371794871794872,0.6141286184453943
hilbertian_a_10_b_-1,<function wrap.<locals>.calc at 0x7fffa81ce378>,0.7301282051282052,0.4685949966976604
aitchison_c_1.6004410854759425e-07,<function wrap.<locals>.calc at 0x7fffa81ce6a8>,0.7282051282051283,0.0003134693362810885
generalized-js_a_10_b_1,<function wrap.<locals>.calc at 0x7fffbc6089d8>,0.7224358974358974,0.8615357001769026
rbf_g_0.005836025348136849,<function wrap.<locals>.calc at 0x7fffbc608a60>,0.6826923076923077,132.27008705486162
linear,<function kmat_linear at 0x7fffbc6bd950>,0.6416666666666666,31.83242301773364
heat-diffusion_t_0.09787635250924033,<function wrap.<locals>.calc at 0x7fffa81d1378>,0.5897435897435896,1.048406967341567e+24
