estimator_key,kmat_fun,avg_test_score,most_freq_best_param
hilbertian_a_1_b_-1,<function wrap.<locals>.calc at 0x7fffbc5fa1e0>,0.7384615384615385,1.2185678319821154
generalized-js_a_10_b_1,<function wrap.<locals>.calc at 0x7fffbc6089d8>,0.7217948717948719,1.901727579045982
aitchison_c_8.803880796335377e-05,<function wrap.<locals>.calc at 0x7fffbc5fa8c8>,0.7160256410256409,0.0014142769732238835
aitchison-rbf_c_3.304692663582288e-08_g_2.5314248021907206e-05,<function wrap.<locals>.calc at 0x7fffbc5faae8>,0.7147435897435898,6.187870562832193
rbf_g_0.05548381698744644,<function wrap.<locals>.calc at 0x7fffbc608d08>,0.698076923076923,27.530635302719002
linear,<function kmat_linear at 0x7fffbc6bd950>,0.6673076923076924,2.973759025754476
heat-diffusion_t_0.09787635250924033,<function wrap.<locals>.calc at 0x7fffa81ce378>,0.5865384615384615,1.0623258998208063e+24
