estimator_key,kmat_fun,avg_test_score,most_freq_best_param
aitchison-rbf_c_0.00042636620020253653_g_0.0003232873971487212,<function wrap.<locals>.calc at 0x7fffa81ce048>,0.7237179487179486,2.8067992756193956
hilbertian_a_10_b_-1,<function wrap.<locals>.calc at 0x7fffbc5d8378>,0.7083333333333334,1.03317144423451
aitchison_c_0.01,<function wrap.<locals>.calc at 0x7fffbc5d8a60>,0.7070512820512821,0.019604042499430607
generalized-js_a_inf_b_inf,<function wrap.<locals>.calc at 0x7fffbc5d80d0>,0.7006410256410257,1.4765437847458396
rbf_g_0.056499748099973324,<function wrap.<locals>.calc at 0x7fffbc608d08>,0.7,60.693467027066184
linear,<function kmat_linear at 0x7fffbc6bc950>,0.6666666666666667,32.24367731957545
heat-diffusion_t_0.09787635250924033,<function wrap.<locals>.calc at 0x7fffa81ce378>,0.5961538461538461,1.0483525573754347e+24
