estimator_key,kmat_fun,avg_test_score,most_freq_best_param
rbf_g_5.692290806256112,<function wrap.<locals>.calc at 0x7fffbc608d90>,0.7410256410256411,1.237429721888591
generalized-js_a_1_b_0.5,<function wrap.<locals>.calc at 0x7fffbc608950>,0.7307692307692307,1.7612632599396993
aitchison_c_0.01,<function wrap.<locals>.calc at 0x7fffb45bea60>,0.7237179487179487,0.00883339928682548
hilbertian_a_1_b_-1,<function wrap.<locals>.calc at 0x7fffb45be1e0>,0.7160256410256409,2.672638793187578
aitchison-rbf_c_0.00042636620020253653_g_0.0032672110622533924,<function wrap.<locals>.calc at 0x7fffa81cb0d0>,0.7121794871794872,0.615031702281188
linear,<function kmat_linear at 0x7fffbc6bd950>,0.7102564102564103,6.463062293283724
heat-diffusion_t_0.09371333034598954,<function wrap.<locals>.calc at 0x7fffa81cb400>,0.6128205128205128,6.978516147652727e+19
