estimator_key,kmat_fun,avg_test_score,most_freq_best_param
rbf_g_0.5632801438247848,<function wrap.<locals>.calc at 0x7fffbc5cfd08>,0.739102564102564,13.919028283474741
aitchison_c_0.01,<function wrap.<locals>.calc at 0x7fffa876fea0>,0.7384615384615385,0.01972788277622815
generalized-js_a_inf_b_inf,<function wrap.<locals>.calc at 0x7fffa876f510>,0.7230769230769231,1.4764095357331655
hilbertian_a_1_b_-1,<function wrap.<locals>.calc at 0x7fffa876f620>,0.7224358974358975,5.916403965711711
linear,<function kmat_linear at 0x7fffbc6bd950>,0.7224358974358975,31.235328336494014
aitchison-rbf_c_1.8178813667514944e-05_g_0.0009744640923304728,<function wrap.<locals>.calc at 0x7fffa8772378>,0.7224358974358974,0.6196291473680271
heat-diffusion_t_0.09787635250924033,<function wrap.<locals>.calc at 0x7fffa87727b8>,0.5967948717948719,1.0429786834494136e+24
