estimator_key,kmat_fun,avg_test_score,most_freq_best_param
aitchison_c_0.01,<function wrap.<locals>.calc at 0x7fffa81cea60>,0.7621794871794871,0.009019225819908896
hilbertian_a_10_b_-1,<function wrap.<locals>.calc at 0x7fffa81ce378>,0.7544871794871796,0.4716428819314584
generalized-js_a_10_b_0.5,<function wrap.<locals>.calc at 0x7fffbc6088c8>,0.7461538461538461,1.1876093863273471
rbf_g_0.05400967152453429,<function wrap.<locals>.calc at 0x7fffbc608d08>,0.7365384615384616,27.536035176208838
aitchison-rbf_c_0.0004502148922408768_g_0.0033049815779148803,<function wrap.<locals>.calc at 0x7fffa81d10d0>,0.7294871794871794,0.615450385718584
linear,<function kmat_linear at 0x7fffbc6bd950>,0.6897435897435897,14.607947092073024
heat-diffusion_t_0.09787635250924033,<function wrap.<locals>.calc at 0x7fffa81d1378>,0.5884615384615385,1.0743878645490118e+24
