estimator_key,kmat_fun,avg_test_score,most_freq_best_param
aitchison-rbf_c_0.01_g_0.02325532706884444,<function wrap.<locals>.calc at 0x7fffa81cb268>,0.7551282051282051,0.6040596525241418
hilbertian_a_1_b_-1,<function wrap.<locals>.calc at 0x7fffb45be1e0>,0.7538461538461538,1.2159648981871516
aitchison_c_3.753677202169596e-06,<function wrap.<locals>.calc at 0x7fffb45be7b8>,0.7480769230769232,0.0005883198250969624
generalized-js_a_1_b_0.5,<function wrap.<locals>.calc at 0x7fffbc608950>,0.739102564102564,1.7688431705093146
linear,<function kmat_linear at 0x7fffbc6bd950>,0.7307692307692307,6.721676719240537
rbf_g_0.05604730134899978,<function wrap.<locals>.calc at 0x7fffbc608d08>,0.7147435897435896,60.68889285874802
heat-diffusion_t_0.09787635250924033,<function wrap.<locals>.calc at 0x7fffa81cb378>,0.6044871794871794,1.0609404503159708e+24
