estimator_key,kmat_fun,avg_test_score,most_freq_best_param
hilbertian_a_1_b_-1,<function wrap.<locals>.calc at 0x7fffbc5eb1e0>,0.7461538461538462,1.2156769216213232
aitchison_c_0.002064863676378023,<function wrap.<locals>.calc at 0x7fffbc5eb9d8>,0.7301282051282051,0.002797878776769532
generalized-js_a_1_b_0.5,<function wrap.<locals>.calc at 0x7fffbc608950>,0.7301282051282051,1.7666865975899364
aitchison-rbf_c_0.00042636620020253653_g_0.00032584176369014205,<function wrap.<locals>.calc at 0x7fffa81cb048>,0.7230769230769231,2.807192336845774
rbf_g_5.616011300834508,<function wrap.<locals>.calc at 0x7fffbc608d90>,0.7147435897435896,2.747863146975684
linear,<function kmat_linear at 0x7fffbc6bd950>,0.691025641025641,3.0037170829810984
heat-diffusion_t_0.09371333034598954,<function wrap.<locals>.calc at 0x7fffa81cb400>,0.6115384615384616,7.003716639790642e+19
