estimator_key,kmat_fun,avg_test_score,most_freq_best_param
aitchison_c_0.002064863676378023,<function wrap.<locals>.calc at 0x7fffa81d39d8>,0.7711538461538463,0.06594181378893181
generalized-js_a_inf_b_inf,<function wrap.<locals>.calc at 0x7fffa81d30d0>,0.7628205128205129,168.9658409642448
aitchison-rbf_c_0.00042636620020253653_g_0.00322174584055288,<function wrap.<locals>.calc at 0x7fffa81d60d0>,0.7544871794871795,0.6135397377497757
hilbertian_a_inf_b_-1,<function wrap.<locals>.calc at 0x7fffa81d3510>,0.7538461538461538,1.995491447519019
rbf_g_0.0057501476975842375,<function wrap.<locals>.calc at 0x7fffbc608a60>,0.7224358974358973,132.2638967489269
linear,<function kmat_linear at 0x7fffbc6bd950>,0.7134615384615385,2.8882135370483297
heat-diffusion_t_0.09787635250924033,<function wrap.<locals>.calc at 0x7fffa81d6378>,0.6051282051282052,1.0529251190720905e+24
