estimator_key,kmat_fun,avg_test_score,most_freq_best_param
generalized-js_a_1_b_1,<function wrap.<locals>.calc at 0x7fffbc608e18>,0.7224358974358974,1.6897055999488646
aitchison-rbf_c_0.01_g_0.022973887254919143,<function wrap.<locals>.calc at 0x7fffa81d1268>,0.7083333333333333,6.4536943799146735
hilbertian_a_inf_b_-1,<function wrap.<locals>.calc at 0x7fffa81ce510>,0.7064102564102565,0.9130768340694742
linear,<function kmat_linear at 0x7fffbc6bd950>,0.7064102564102565,3.0186819984264557
rbf_g_55.076372878362456,<function wrap.<locals>.calc at 0x7fffbc608c80>,0.6993589743589743,4440.509486982563
aitchison_c_1.8178813667514944e-05,<function wrap.<locals>.calc at 0x7fffa81ce840>,0.6756410256410257,0.0008789381590343298
heat-diffusion_t_0.09787635250924033,<function wrap.<locals>.calc at 0x7fffa81d1378>,0.6115384615384615,1.0527681346597066e+24
