estimator_key,kmat_fun,avg_test_score,most_freq_best_param
hilbertian_a_1_b_-1,<function wrap.<locals>.calc at 0x7fffa81ce1e0>,0.7621794871794871,2.696600011193342
generalized-js_a_10_b_0.5,<function wrap.<locals>.calc at 0x7fffbc6088c8>,0.7474358974358976,299.8955506553767
aitchison_c_0.01,<function wrap.<locals>.calc at 0x7fffa81cea60>,0.7461538461538462,0.008969941875324055
aitchison-rbf_c_1.8178813667514944e-05_g_9.725083569001202e-05,<function wrap.<locals>.calc at 0x7fffa81cee18>,0.7307692307692307,6.185518870461508
rbf_g_5.475346977738433,<function wrap.<locals>.calc at 0x7fffbc608d90>,0.698076923076923,1.2336333033773172
linear,<function kmat_linear at 0x7fffbc6bd950>,0.6801282051282052,3.0828948228460096
heat-diffusion_t_0.09371333034598954,<function wrap.<locals>.calc at 0x7fffa81d1400>,0.6032051282051282,6.928172089217687e+19
