estimator_key,kmat_fun,avg_test_score,most_freq_best_param
aitchison-rbf_c_1.4353570808422108e-06_g_0.00021262754278350633,<function wrap.<locals>.calc at 0x7fffbc5a9950>,-14.336581296301262,1.8088334137069775
aitchison_c_1.8822613436831357e-09,<function wrap.<locals>.calc at 0x7fffbc5a9158>,-14.768423525121232,64828.53155674369
generalized-js_a_inf_b_0.5,<function wrap.<locals>.calc at 0x7fffbc60f950>,-14.900370481217298,5.541515267229544
hilbertian_a_inf_b_-1,<function wrap.<locals>.calc at 0x7fffbc60ff28>,-14.903831218082704,3.8766204495555883
heat-diffusion_t_0.10555760367366526,<function wrap.<locals>.calc at 0x7fffbc5a9d90>,-15.173525628719139,8.35380746012275e-24
rbf_g_0.6997102893873913,<function wrap.<locals>.calc at 0x7fffbc60f6a8>,-15.518240577505898,0.5321095343122325
linear,<function kmat_linear at 0x7fffbc6bd950>,-15.685337850924373,0.35470800498485533
