estimator_key,kmat_fun,avg_test_score,most_freq_best_param
aitchison-rbf_c_1.7196494856085932e-08_g_8.057576419502609e-05,<function wrap.<locals>.calc at 0x7fffbc5a87b8>,-14.58410320939952,1.8034564371096535
aitchison_c_2.060249949523873e-10,<function wrap.<locals>.calc at 0x7fffbc5a80d0>,-14.937470685820742,85845.01165007439
hilbertian_a_1_b_-1,<function wrap.<locals>.calc at 0x7fffbc60fbf8>,-15.190666333656202,1.2282508091154183
generalized-js_a_10_b_0.5,<function wrap.<locals>.calc at 0x7fffbc60f510>,-15.193312564155494,1.313380251796856
heat-diffusion_t_0.10555760367366526,<function wrap.<locals>.calc at 0x7fffbc5a8d90>,-15.372919955280087,8.216505917583154e-24
rbf_g_0.06857920209287116,<function wrap.<locals>.calc at 0x7fffbc60f598>,-15.73386312529892,0.14835067075910047
linear,<function kmat_linear at 0x7fffbc6bd950>,-15.78726463265204,0.18120430769566412
