estimator_key,kmat_fun,avg_test_score,most_freq_best_param
aitchison-rbf_c_1.505225428828963e-06_g_0.00021625553125262004,<function wrap.<locals>.calc at 0x7fffbc5a7950>,-14.23633899518327,1.8044653759639355
aitchison_c_1.6672546340382867e-07,<function wrap.<locals>.calc at 0x7fffbc5a7268>,-14.275376803832447,15811.69709759237
generalized-js_a_1_b_0.5,<function wrap.<locals>.calc at 0x7fffbc60f620>,-14.560949076918709,0.7306988326666567
hilbertian_a_1_b_-1,<function wrap.<locals>.calc at 0x7fffbc60fbf8>,-14.63715207001535,1.2247018329397994
rbf_g_0.707375891428875,<function wrap.<locals>.calc at 0x7fffbc60f6a8>,-15.074335629315769,0.26507023697685667
linear,<function kmat_linear at 0x7fffbc6bd950>,-15.154361261654046,0.17673708214518105
heat-diffusion_t_0.10555760367366526,<function wrap.<locals>.calc at 0x7fffbc5a7d90>,-15.218728446718188,8.321517304038037e-24
