estimator_key,kmat_fun,avg_test_score,most_freq_best_param
aitchison-rbf_c_1.4353570808422108e-06_g_0.00021335718044318913,<function wrap.<locals>.calc at 0x7fffbc5a8950>,-14.290711469167855,1.8081765734488082
aitchison_c_1.4353570808422108e-06,<function wrap.<locals>.calc at 0x7fffbc5a82f0>,-14.619515833835024,10002.183419025647
generalized-js_a_1_b_0.5,<function wrap.<locals>.calc at 0x7fffbc60f620>,-14.91738235566363,0.7284651929498617
hilbertian_a_1_b_-1,<function wrap.<locals>.calc at 0x7fffbc60fbf8>,-15.049434404866949,1.2234326839165415
heat-diffusion_t_0.10555760367366526,<function wrap.<locals>.calc at 0x7fffbc5a8d90>,-15.207005287493512,8.166461087120014e-24
linear,<function kmat_linear at 0x7fffbc6bd950>,-15.506310225186969,0.17119864012828612
rbf_g_0.6978268528235274,<function wrap.<locals>.calc at 0x7fffbc60f6a8>,-15.527204559292821,0.5322392754409029
