estimator_key,kmat_fun,avg_test_score,most_freq_best_param
aitchison-rbf_c_1.4353570808422108e-06_g_0.000213461410179441,<function wrap.<locals>.calc at 0x7fffbc5a8950>,-13.917771453502885,0.9023425450021999
aitchison_c_1.311354065692631e-05,<function wrap.<locals>.calc at 0x7fffbc5a8378>,-14.243809918460519,5522.089093049083
generalized-js_a_1_b_0.5,<function wrap.<locals>.calc at 0x7fffbc60f620>,-14.645785048134446,0.7309214618527075
hilbertian_a_inf_b_-1,<function wrap.<locals>.calc at 0x7fffbc60ff28>,-14.708438144608795,3.8839642882505614
heat-diffusion_t_0.10555760367366526,<function wrap.<locals>.calc at 0x7fffbc5a8d90>,-14.97999722933981,8.768671646568281e-24
rbf_g_6.882203720780648,<function wrap.<locals>.calc at 0x7fffbc60f268>,-15.21263065372489,4.056694535377663
linear,<function kmat_linear at 0x7fffbc6bd950>,-15.366058338213126,0.18016417752195885
