estimator_key,kmat_fun,avg_test_score,most_freq_best_param
aitchison-rbf_c_1.7196494856085932e-08_g_8.039373459594415e-05,<function wrap.<locals>.calc at 0x7fffbc5a97b8>,-13.462903955643663,1.8043162939845596
aitchison_c_2.060249949523873e-10,<function wrap.<locals>.calc at 0x7fffbc5a90d0>,-13.689411193949047,86554.21750501725
generalized-js_a_1_b_0.5,<function wrap.<locals>.calc at 0x7fffbc60f620>,-13.798674111431364,0.7305186697339899
hilbertian_a_10_b_-1,<function wrap.<locals>.calc at 0x7fffbc60fd90>,-13.88007027315599,3.37206673437874
linear,<function kmat_linear at 0x7fffbc6bd950>,-14.178694045890259,0.17589533606969085
heat-diffusion_t_0.10555760367366526,<function wrap.<locals>.calc at 0x7fffbc5a9d90>,-14.190813808846418,8.699418101596414e-24
rbf_g_0.6913252510126938,<function wrap.<locals>.calc at 0x7fffbc60f6a8>,-14.240044390755225,0.26591719090959676
