estimator_key,kmat_fun,avg_test_score,most_freq_best_param
aitchison-rbf_c_1.4353570808422108e-06_g_0.0002131558366918214,<function wrap.<locals>.calc at 0x7fffbc5a8950>,-13.96748363121812,1.80839885441604
aitchison_c_1.5710859510971892e-07,<function wrap.<locals>.calc at 0x7fffbc5a8268>,-14.21691234247885,16044.801629383463
generalized-js_a_1_b_0.5,<function wrap.<locals>.calc at 0x7fffbc60f620>,-14.567102281735817,0.7246428759230937
hilbertian_a_1_b_-1,<function wrap.<locals>.calc at 0x7fffbc60fbf8>,-14.617307251252942,1.2184830424787196
heat-diffusion_t_0.10555760367366526,<function wrap.<locals>.calc at 0x7fffbc5a8d90>,-14.783732336554436,7.886148012645526e-24
rbf_g_0.7057091798008334,<function wrap.<locals>.calc at 0x7fffbc60f6a8>,-15.071287063266343,0.2658909293167595
linear,<function kmat_linear at 0x7fffbc6bd950>,-15.102750703453818,0.1678374802714237
