estimator_key,kmat_fun,avg_test_score,most_freq_best_param
aitchison-rbf_c_1.846725388425523e-08_g_8.155263473944729e-05,<function wrap.<locals>.calc at 0x7fffbc5a77b8>,-13.926434937717683,1.8048757010854253
generalized-js_a_1_b_1,<function wrap.<locals>.calc at 0x7fffbc60f400>,-14.11392819375541,1.0604290230774258
hilbertian_a_1_b_-1,<function wrap.<locals>.calc at 0x7fffbc60fbf8>,-14.119128855406,1.2213453730171706
aitchison_c_1.846725388425523e-08,<function wrap.<locals>.calc at 0x7fffbc5a71e0>,-14.226919438800332,46375.12629020625
heat-diffusion_t_0.10555760367366526,<function wrap.<locals>.calc at 0x7fffbc5a7d90>,-14.52355749320266,8.262532652670057e-24
rbf_g_0.6950112756122101,<function wrap.<locals>.calc at 0x7fffbc60f6a8>,-14.613241012442748,0.26584439358931106
linear,<function kmat_linear at 0x7fffbc6bd950>,-14.73375750023138,0.17370528598213
