estimator_key,kmat_fun,avg_test_score,most_freq_best_param
aitchison-rbf_c_1.7196494856085932e-08_g_8.028499920263824e-05,<function wrap.<locals>.calc at 0x7fffbc5a87b8>,-14.568743104779974,1.8041686623754905
generalized-js_a_10_b_0.5,<function wrap.<locals>.calc at 0x7fffbc60f510>,-14.724205293778573,1.3049927573495939
hilbertian_a_10_b_-1,<function wrap.<locals>.calc at 0x7fffbc60fd90>,-14.740315651446974,3.3594170950018882
aitchison_c_1.7196494856085932e-08,<function wrap.<locals>.calc at 0x7fffbc5a81e0>,-14.826263634482595,46793.180844756935
heat-diffusion_t_0.10555760367366526,<function wrap.<locals>.calc at 0x7fffbc5a8d90>,-14.877603306262127,8.501620031882474e-24
rbf_g_6.927006223366547,<function wrap.<locals>.calc at 0x7fffbc60f268>,-15.18788427668442,2.033001175881754
linear,<function kmat_linear at 0x7fffbc6bc950>,-15.230414959190421,0.17344136678206096
