estimator_key,kmat_fun,avg_test_score,most_freq_best_param
aitchison-rbf_c_1.4353570808422108e-06_g_0.00021260471924342618,<function wrap.<locals>.calc at 0x7fffbc5a9950>,-14.059697303536478,1.8085787167653586
aitchison_c_1.8822613436831357e-09,<function wrap.<locals>.calc at 0x7fffbc5a9158>,-14.386054189710734,65192.28777003081
generalized-js_a_1_b_0.5,<function wrap.<locals>.calc at 0x7fffbc60f620>,-14.814599794431661,0.7306900262962532
hilbertian_a_10_b_-1,<function wrap.<locals>.calc at 0x7fffbc60fd90>,-14.925844680510277,3.3739905761501263
heat-diffusion_t_0.10555760367366526,<function wrap.<locals>.calc at 0x7fffbc5a9d90>,-15.024918365169304,8.247396746125903e-24
rbf_g_6.975385339136171,<function wrap.<locals>.calc at 0x7fffbc60f268>,-15.42879803319561,4.0531845633710155
linear,<function kmat_linear at 0x7fffbc6bd950>,-15.465190464503497,0.35118034568295814
