estimator_key,kmat_fun,avg_test_score,most_freq_best_param
aitchison-rbf_c_1.4353570808422108e-06_g_0.00021233053602366905,<function wrap.<locals>.calc at 0x7fffbc5a9950>,-14.508697075036494,1.8094611722052663
aitchison_c_1.7196494856085932e-08,<function wrap.<locals>.calc at 0x7fffbc5a91e0>,-14.73158533884318,47042.57087842697
generalized-js_a_10_b_0.5,<function wrap.<locals>.calc at 0x7fffbc60f510>,-14.979445727159506,1.3042250544590188
hilbertian_a_10_b_-1,<function wrap.<locals>.calc at 0x7fffbc60fd90>,-15.006483549017783,3.3575162222637815
heat-diffusion_t_0.10555760367366526,<function wrap.<locals>.calc at 0x7fffbc5a9d90>,-15.113945767828076,8.56356989968929e-24
rbf_g_7.031631456223031,<function wrap.<locals>.calc at 0x7fffbc60f268>,-15.507417607871592,4.064126232862906
linear,<function kmat_linear at 0x7fffbc6bd950>,-15.69714410634729,0.17302390201037682
