estimator_key,kmat_fun,avg_test_score,most_freq_best_param
aitchison-rbf_c_1.4353570808422108e-06_g_0.0002127842170631747,<function wrap.<locals>.calc at 0x7fffbc5a9950>,-14.409268096401686,1.8086077985252371
aitchison_c_1.5710859510971892e-07,<function wrap.<locals>.calc at 0x7fffbc5a9268>,-14.794366269515105,31912.915226047116
generalized-js_a_1_b_0.5,<function wrap.<locals>.calc at 0x7fffbc60f620>,-14.909794033165628,0.7296910935040789
hilbertian_a_1_b_-1,<function wrap.<locals>.calc at 0x7fffbc60fbf8>,-15.029329531254353,1.2251837022359056
heat-diffusion_t_0.10555760367366526,<function wrap.<locals>.calc at 0x7fffbc5a9d90>,-15.093920858229293,8.253889679969742e-24
rbf_g_6.992283872150838,<function wrap.<locals>.calc at 0x7fffbc60f268>,-15.460726224210172,4.051951526945195
linear,<function kmat_linear at 0x7fffbc6bc950>,-15.670253005466614,0.3500140570279139
