estimator_key,kmat_fun,avg_test_score,most_freq_best_param
aitchison-rbf_c_1.7196494856085932e-08_g_8.039645501881151e-05,<function wrap.<locals>.calc at 0x7fffbc5a97b8>,-14.645920704830994,1.803683719398647
generalized-js_a_10_b_0.5,<function wrap.<locals>.calc at 0x7fffbc60f510>,-14.812293966046363,1.3121636339695437
aitchison_c_1.5710859510971892e-07,<function wrap.<locals>.calc at 0x7fffbc5a9268>,-14.823275374277097,31920.05339152776
hilbertian_a_10_b_-10,<function wrap.<locals>.calc at 0x7fffbc60fe18>,-14.845442758128405,27.41041446808042
heat-diffusion_t_0.10555760367366526,<function wrap.<locals>.calc at 0x7fffbc5a9d90>,-14.933088671336403,8.185916644988155e-24
rbf_g_6.97244295533935,<function wrap.<locals>.calc at 0x7fffbc60f268>,-15.347800117914668,8.106796541662115
linear,<function kmat_linear at 0x7fffbc6bd950>,-15.524663615774102,0.1745885329936866
