estimator_key,kmat_fun,avg_test_score,most_freq_best_param
aitchison-rbf_c_1.846725388425523e-08_g_8.160493964900312e-05,<function wrap.<locals>.calc at 0x7fffbc5a97b8>,-14.283570084090252,3.608678082090651
aitchison_c_2.2657035915933355e-10,<function wrap.<locals>.calc at 0x7fffbc5a90d0>,-14.479956845117766,85313.06465009246
generalized-js_a_1_b_0.5,<function wrap.<locals>.calc at 0x7fffbc60f620>,-14.558199014264366,0.7296859954221215
hilbertian_a_10_b_-1,<function wrap.<locals>.calc at 0x7fffbc60fd90>,-14.57437309066336,3.371085734376693
heat-diffusion_t_0.10555760367366526,<function wrap.<locals>.calc at 0x7fffbc5a9d90>,-14.67564251972243,8.152598688655259e-24
rbf_g_0.6990503025779674,<function wrap.<locals>.calc at 0x7fffbc60f6a8>,-14.972510513886704,0.26581017954230474
linear,<function kmat_linear at 0x7fffbc6bd950>,-15.00557053783094,0.17281318418542843
