estimator_key,kmat_fun,avg_test_score,most_freq_best_param
aitchison-rbf_c_1.4353570808422108e-06_g_0.00021275534797134452,<function wrap.<locals>.calc at 0x7fffbc5a8950>,-14.609115586728137,1.8058400180688696
hilbertian_a_1_b_-1,<function wrap.<locals>.calc at 0x7fffbc60fbf8>,-14.848938004332961,1.2201061830486015
aitchison_c_1.4353570808422108e-06,<function wrap.<locals>.calc at 0x7fffbc5a82f0>,-14.88219989255995,19942.589265312097
generalized-js_a_10_b_0.5,<function wrap.<locals>.calc at 0x7fffbc60f510>,-14.907998704486412,1.3052152761459865
heat-diffusion_t_0.10555760367366526,<function wrap.<locals>.calc at 0x7fffbc5a8d90>,-15.1593482492694,8.303259797854818e-24
rbf_g_0.6897879639573263,<function wrap.<locals>.calc at 0x7fffbc60f6a8>,-15.298068462008013,0.5308377369774945
linear,<function kmat_linear at 0x7fffbc6bd950>,-15.342287885597594,0.1746613575642727
