estimator_key,kmat_fun,avg_test_score,most_freq_best_param
aitchison-rbf_c_1.4353570808422108e-06_g_0.00021381218353604426,<function wrap.<locals>.calc at 0x7fffbc5aa950>,-13.588363581819602,1.8102176684304105
aitchison_c_1.4353570808422108e-06,<function wrap.<locals>.calc at 0x7fffbc5aa2f0>,-13.864091990606715,9943.43705066207
hilbertian_a_1_b_-1,<function wrap.<locals>.calc at 0x7fffbc60fbf8>,-14.306382313855332,1.2239267033662133
generalized-js_a_1_b_0.5,<function wrap.<locals>.calc at 0x7fffbc60f620>,-14.31029246976843,0.7294531278750582
heat-diffusion_t_0.10555760367366526,<function wrap.<locals>.calc at 0x7fffbc5aad90>,-14.371311929207248,8.391344141346875e-24
rbf_g_6.828524811184685,<function wrap.<locals>.calc at 0x7fffbc60f268>,-14.751399382088277,4.074088737270037
linear,<function kmat_linear at 0x7fffbc6bd950>,-15.100922833479624,0.17622868025677613
