estimator_key,kmat_fun,avg_test_score,most_freq_best_param
aitchison-rbf_c_1.4353570808422108e-06_g_0.00021352871210490932,<function wrap.<locals>.calc at 0x7fffbc5a8950>,-14.398689974832966,1.8084690581548575
aitchison_c_1.4353570808422108e-06,<function wrap.<locals>.calc at 0x7fffbc5a82f0>,-14.69196005344802,10023.485782878872
hilbertian_a_1_b_-1,<function wrap.<locals>.calc at 0x7fffbc60fbf8>,-14.856941524768132,1.2268900791276842
generalized-js_a_10_b_1,<function wrap.<locals>.calc at 0x7fffbc60f2f0>,-14.94696432994434,1.9597451489161832
heat-diffusion_t_0.10555760367366526,<function wrap.<locals>.calc at 0x7fffbc5a8d90>,-15.179840838708277,8.286951344330834e-24
rbf_g_6.889621083932015,<function wrap.<locals>.calc at 0x7fffbc60f268>,-15.533512229064192,4.053950624775335
linear,<function kmat_linear at 0x7fffbc6bc950>,-15.710499851839852,0.17855562027457206
