estimator_key,kmat_fun,avg_test_score,most_freq_best_param
aitchison-rbf_c_1.4353570808422108e-06_g_0.00021287675703880946,<function wrap.<locals>.calc at 0x7fffbc5a8950>,-14.37113322653639,1.8085461155568308
aitchison_c_1.4353570808422108e-06,<function wrap.<locals>.calc at 0x7fffbc5a82f0>,-14.681859012571067,10010.819432811413
generalized-js_a_1_b_0.5,<function wrap.<locals>.calc at 0x7fffbc60f620>,-14.935834771230365,0.7310007662666917
hilbertian_a_10_b_-1,<function wrap.<locals>.calc at 0x7fffbc60fd90>,-15.055625955249344,3.377071019887673
heat-diffusion_t_0.10555760367366526,<function wrap.<locals>.calc at 0x7fffbc5a8d90>,-15.365383246776322,8.159057368679528e-24
linear,<function kmat_linear at 0x7fffbc6bd950>,-15.503687780189964,0.17527391316734675
rbf_g_0.7042067806890242,<function wrap.<locals>.calc at 0x7fffbc60f6a8>,-15.549628051074823,0.5320683224243016
