estimator_key,kmat_fun,avg_test_score,most_freq_best_param
aitchison-rbf_c_1.4353570808422108e-06_g_0.00021283122899226907,<function wrap.<locals>.calc at 0x7fffbc5a9950>,-14.11637237808689,1.804786829024824
aitchison_c_1.4353570808422108e-06,<function wrap.<locals>.calc at 0x7fffbc5a92f0>,-14.439464834074371,19970.155185218402
generalized-js_a_1_b_0.5,<function wrap.<locals>.calc at 0x7fffbc60f620>,-14.640238331413252,0.7254660289065298
hilbertian_a_inf_b_-1,<function wrap.<locals>.calc at 0x7fffbc60ff28>,-14.746577512920581,3.8679253165286447
heat-diffusion_t_0.10555760367366526,<function wrap.<locals>.calc at 0x7fffbc5a9d90>,-14.90400992920039,7.805700907370035e-24
rbf_g_6.997147396868007,<function wrap.<locals>.calc at 0x7fffbc60f268>,-15.2320218674962,8.09798448121193
linear,<function kmat_linear at 0x7fffbc6bd950>,-15.342372180546056,0.6813349790602046
