estimator_key,kmat_fun,avg_test_score,most_freq_best_param
aitchison-rbf_c_1.4353570808422108e-06_g_0.0002132645333062865,<function wrap.<locals>.calc at 0x7fffbc5a7950>,-13.969401142880486,0.9017964015022968
aitchison_c_1.4353570808422108e-06,<function wrap.<locals>.calc at 0x7fffbc5a72f0>,-14.306137343834923,9977.447712876758
generalized-js_a_1_b_0.5,<function wrap.<locals>.calc at 0x7fffbc60f620>,-14.678470038161814,0.7297334095882678
hilbertian_a_10_b_-1,<function wrap.<locals>.calc at 0x7fffbc60fd90>,-14.735988510543805,3.3665051772219448
heat-diffusion_t_0.10555760367366526,<function wrap.<locals>.calc at 0x7fffbc5a7d90>,-14.862438823319334,8.864338144369438e-24
rbf_g_0.06917031935975092,<function wrap.<locals>.calc at 0x7fffbc60f598>,-15.422917751336604,0.14797009162430186
linear,<function kmat_linear at 0x7fffbc6bd950>,-15.593270547719953,0.36079412569629765
