estimator_key,kmat_fun,avg_test_score,most_freq_best_param
aitchison-rbf_c_3.0928614962806222e-12_g_1.4037313372273719e-05,<function wrap.<locals>.calc at 0x7fffbc246158>,0.8803030303030303,400.3589895618956
aitchison_c_3.092861496280622e-11,<function wrap.<locals>.calc at 0x7fffbc242bf8>,0.8712121212121213,4.8522737551113723e-05
hilbertian_a_10_b_-1,<function wrap.<locals>.calc at 0x7fffbc2428c8>,0.7840909090909092,0.5028626418438867
generalized-js_a_inf_b_inf,<function wrap.<locals>.calc at 0x7fffbc242620>,0.7583333333333334,192.671512166394
rbf_g_0.06287472885926765,<function wrap.<locals>.calc at 0x7fffbc509d90>,0.7242424242424242,154.9838339173373
linear,<function kmat_linear at 0x7fffbc6bc950>,0.7166666666666667,89.21123404268118
heat-diffusion_t_0.08247190755027486,<function wrap.<locals>.calc at 0x7fffbc2468c8>,0.6643939393939394,9.439178942700214e+23
