estimator_key,kmat_fun,avg_test_score,most_freq_best_param
aitchison-rbf_c_3.092861496280622e-08_g_0.00011707933702910725,<function wrap.<locals>.calc at 0x7fffbc245488>,0.8787878787878787,1.530789941243302
aitchison_c_3.092861496280622e-08,<function wrap.<locals>.calc at 0x7fffbc241d90>,0.8621212121212121,0.00036802378298489197
generalized-js_a_10_b_1,<function wrap.<locals>.calc at 0x7fffbc241378>,0.7712121212121212,2.0526079272076485
hilbertian_a_1_b_-10,<function wrap.<locals>.calc at 0x7fffbc2417b8>,0.7712121212121212,1.1303901527139861
rbf_g_0.6380415339649015,<function wrap.<locals>.calc at 0x7fffbc50df28>,0.7083333333333333,77.3955619687606
linear,<function kmat_linear at 0x7fffbc6bc950>,0.6757575757575759,83.63398547190167
heat-diffusion_t_0.08247190755027486,<function wrap.<locals>.calc at 0x7fffbc2458c8>,0.5984848484848484,7.238897995095494e+23
