estimator_key,kmat_fun,avg_test_score,most_freq_best_param
aitchison-rbf_c_3.0928614962806222e-12_g_1.4010296254281623e-05,<function wrap.<locals>.calc at 0x7fffbc245158>,0.8977272727272727,400.8723598249532
aitchison_c_3.0928614962806222e-12,<function wrap.<locals>.calc at 0x7fffbc241b70>,0.8712121212121213,0.001922470637019661
hilbertian_a_1_b_-1,<function wrap.<locals>.calc at 0x7fffbc241730>,0.803030303030303,2.870358691902971
generalized-js_a_10_b_1,<function wrap.<locals>.calc at 0x7fffbc241378>,0.7946969696969697,0.9270454791373471
linear,<function kmat_linear at 0x7fffbc6bc950>,0.7772727272727273,83.65981362970366
rbf_g_0.6461047389037022,<function wrap.<locals>.calc at 0x7fffbc508f28>,0.7522727272727272,77.71522246824006
heat-diffusion_t_0.08247190755027486,<function wrap.<locals>.calc at 0x7fffbc2458c8>,0.6825757575757576,7.212991077991274e+23
