estimator_key,kmat_fun,avg_test_score,most_freq_best_param
aitchison-rbf_c_3.658133120049534e-10_g_3.3652767328841826e-05,<function wrap.<locals>.calc at 0x7fffbc2442f0>,0.8818181818181818,400.10136630162253
aitchison_c_3.658133120049534e-12,<function wrap.<locals>.calc at 0x7fffbc241b70>,0.8560606060606061,3.6724993155606836e-05
generalized-js_a_inf_b_0.5,<function wrap.<locals>.calc at 0x7fffbc241488>,0.796969696969697,0.672608930171375
hilbertian_a_inf_b_-1,<function wrap.<locals>.calc at 0x7fffbc241a60>,0.7886363636363637,0.4462054235874295
linear,<function kmat_linear at 0x7fffbc6bc950>,0.7280303030303031,90.00823660470171
rbf_g_0.6471253301735418,<function wrap.<locals>.calc at 0x7fffbc509f28>,0.693939393939394,35.11795600125193
heat-diffusion_t_0.08247190755027486,<function wrap.<locals>.calc at 0x7fffbc2448c8>,0.6166666666666667,7.364978937374228e+23
