estimator_key,kmat_fun,avg_test_score,most_freq_best_param
aitchison-rbf_c_3.092861496280622e-10_g_3.198935154460459e-05,<function wrap.<locals>.calc at 0x7fffbc2452f0>,0.9234848484848485,399.8247491478417
aitchison_c_3.092861496280616e-07,<function wrap.<locals>.calc at 0x7fffbc241e18>,0.9068181818181819,0.016327265415428772
hilbertian_a_1_b_-1,<function wrap.<locals>.calc at 0x7fffbc241730>,0.8106060606060606,6.369750017580411
generalized-js_a_1_b_0.5,<function wrap.<locals>.calc at 0x7fffbc2411e0>,0.7954545454545455,3.9853946224008863
linear,<function kmat_linear at 0x7fffbc6bc950>,0.7424242424242424,41.491282917072915
rbf_g_0.06521689576703987,<function wrap.<locals>.calc at 0x7fffbc508d90>,0.7363636363636364,155.03492962433353
heat-diffusion_t_0.08185546877318169,<function wrap.<locals>.calc at 0x7fffbc245950>,0.6643939393939394,4.583632876133689e+19
