estimator_key,kmat_fun,avg_test_score,most_freq_best_param
aitchison-rbf_c_3.092861496280622e-10_g_3.221515292570846e-05,<function wrap.<locals>.calc at 0x7fffbc2452f0>,0.8628787878787879,401.4394816132546
aitchison_c_3.0928614962806222e-12,<function wrap.<locals>.calc at 0x7fffbc241b70>,0.8545454545454545,3.62324208300293e-05
generalized-js_a_inf_b_inf,<function wrap.<locals>.calc at 0x7fffbc241620>,0.8196969696969697,192.80398288421523
hilbertian_a_10_b_-inf,<function wrap.<locals>.calc at 0x7fffbc2419d8>,0.8030303030303031,0.07199549758010662
linear,<function kmat_linear at 0x7fffbc6bc950>,0.7424242424242424,38.46484540102212
rbf_g_0.0638846200052586,<function wrap.<locals>.calc at 0x7fffbc50bd90>,0.7348484848484849,155.0582386515574
heat-diffusion_t_0.08247190755027486,<function wrap.<locals>.calc at 0x7fffbc2458c8>,0.6424242424242425,7.565389595455924e+23
