estimator_key,kmat_fun,avg_test_score,most_freq_best_param
aitchison-rbf_c_3.0928614962806222e-12_g_1.3910116305959965e-06,<function wrap.<locals>.calc at 0x7fffbc2450d0>,0.8810606060606061,15.62431181201985
aitchison_c_3.092861496280616e-07,<function wrap.<locals>.calc at 0x7fffbc241e18>,0.8568181818181818,0.01635469347534604
generalized-js_a_inf_b_1,<function wrap.<locals>.calc at 0x7fffbc241510>,0.7530303030303032,1.0173201637103326
hilbertian_a_1_b_-inf,<function wrap.<locals>.calc at 0x7fffbc241840>,0.7530303030303032,1.0173201637103326
linear,<function kmat_linear at 0x7fffbc6bc950>,0.7174242424242425,93.50124516924679
rbf_g_0.0634134934027495,<function wrap.<locals>.calc at 0x7fffbc507d90>,0.6909090909090909,154.97173992524623
heat-diffusion_t_0.08247190755027486,<function wrap.<locals>.calc at 0x7fffbc2458c8>,0.6462121212121211,9.229310021162555e+23
