estimator_key,kmat_fun,avg_test_score,most_freq_best_param
aitchison-rbf_c_3.0928614962806222e-12_g_1.4150357274411246e-05,<function wrap.<locals>.calc at 0x7fffbc246158>,0.890909090909091,399.6449575664233
aitchison_c_3.0928614962806222e-12,<function wrap.<locals>.calc at 0x7fffbc242b70>,0.8727272727272727,0.0019114455444467421
hilbertian_a_1_b_-1,<function wrap.<locals>.calc at 0x7fffbc242730>,0.806060606060606,1.2966429233298857
generalized-js_a_10_b_0.5,<function wrap.<locals>.calc at 0x7fffbc2422f0>,0.7969696969696971,1.2428637769578734
rbf_g_0.06365620853941009,<function wrap.<locals>.calc at 0x7fffbc514d90>,0.7287878787878788,70.06801818487952
linear,<function kmat_linear at 0x7fffbc6bc950>,0.7204545454545455,193.3236291932808
heat-diffusion_t_0.08063637955049059,<function wrap.<locals>.calc at 0x7fffbc246a60>,0.675,191254885611.6357
