estimator_key,kmat_fun,avg_test_score,most_freq_best_param
aitchison-rbf_c_3.092861496280622e-08_g_0.00011639630669062793,<function wrap.<locals>.calc at 0x7fffbc51b048>,0.8810606060606061,394.13230029621985
aitchison_c_3.092861496280616e-07,<function wrap.<locals>.calc at 0x7fffbc5189d8>,0.8719696969696971,0.0015049178855963917
hilbertian_a_1_b_-1,<function wrap.<locals>.calc at 0x7fffbc5182f0>,0.8022727272727271,6.305973132022789
generalized-js_a_inf_b_inf,<function wrap.<locals>.calc at 0x7fffbc5181e0>,0.7924242424242425,191.76356354839547
linear,<function kmat_linear at 0x7fffbc6bd950>,0.7757575757575759,82.97095781630668
rbf_g_0.6698797080908085,<function wrap.<locals>.calc at 0x7fffbc5dcbf8>,0.7666666666666667,77.52742501848303
heat-diffusion_t_0.08247190755027486,<function wrap.<locals>.calc at 0x7fffbc51b488>,0.656818181818182,8.683772245185883e+23
