estimator_key,kmat_fun,avg_test_score,most_freq_best_param
aitchison-rbf_c_3.0928614962806222e-12_g_1.3984278175261462e-05,<function wrap.<locals>.calc at 0x7fffbc246158>,0.8734848484848484,401.06862804259424
aitchison_c_3.0928614962806222e-12,<function wrap.<locals>.calc at 0x7fffbc242b70>,0.8568181818181818,0.0019293992958309704
generalized-js_a_inf_b_inf,<function wrap.<locals>.calc at 0x7fffbc242620>,0.7696969696969698,192.65367463413986
hilbertian_a_10_b_-1,<function wrap.<locals>.calc at 0x7fffbc2428c8>,0.7696969696969698,0.5026630443305924
rbf_g_0.06275281462031614,<function wrap.<locals>.calc at 0x7fffbc50bd90>,0.7431818181818182,155.03311881246137
linear,<function kmat_linear at 0x7fffbc6bc950>,0.6977272727272728,84.17055304598442
heat-diffusion_t_0.08247190755027486,<function wrap.<locals>.calc at 0x7fffbc2468c8>,0.6500000000000001,7.463873352708197e+23
