estimator_key,kmat_fun,avg_test_score,most_freq_best_param
aitchison-rbf_c_3.092861496280622e-10_g_3.250379046888559e-05,<function wrap.<locals>.calc at 0x7fffbc518e18>,0.8795454545454545,401.751895895744
aitchison_c_3.092861496280616e-07,<function wrap.<locals>.calc at 0x7fffbc5189d8>,0.8636363636363636,0.001515714872675885
generalized-js_a_1_b_1,<function wrap.<locals>.calc at 0x7fffbc5dcf28>,0.768939393939394,14.88960312409107
linear,<function kmat_linear at 0x7fffbc6bd950>,0.7606060606060607,38.51963554690803
rbf_g_0.06241780400570782,<function wrap.<locals>.calc at 0x7fffbc5dcd08>,0.753030303030303,155.07706084200595
hilbertian_a_1_b_-1,<function wrap.<locals>.calc at 0x7fffbc5182f0>,0.7522727272727273,6.409203004558024
heat-diffusion_t_0.08247190755027486,<function wrap.<locals>.calc at 0x7fffbc51b488>,0.6590909090909092,7.376368581842891e+23
