estimator_key,kmat_fun,avg_test_score,most_freq_best_param
aitchison-rbf_c_3.658133120049534e-08_g_0.00012058672034031833,<function wrap.<locals>.calc at 0x7fffbc51c048>,0.8810606060606061,392.2428770520623
aitchison_c_3.658133120049534e-07,<function wrap.<locals>.calc at 0x7fffbc5199d8>,0.8553030303030302,0.017395880520231184
generalized-js_a_inf_b_inf,<function wrap.<locals>.calc at 0x7fffbc5191e0>,0.8030303030303031,192.97162663734704
hilbertian_a_1_b_-1,<function wrap.<locals>.calc at 0x7fffbc5192f0>,0.7946969696969697,6.385420557758955
linear,<function kmat_linear at 0x7fffbc6bd950>,0.7606060606060606,83.79590431737013
rbf_g_0.0609760734596489,<function wrap.<locals>.calc at 0x7fffbc5dcd08>,0.7530303030303032,70.03799077491
heat-diffusion_t_0.08247190755027486,<function wrap.<locals>.calc at 0x7fffbc51c488>,0.6757575757575758,7.405368107502046e+23
