estimator_key,kmat_fun,avg_test_score,most_freq_best_param
aitchison-rbf_c_3.092861496280616e-06_g_0.0005606603418084389,<function wrap.<locals>.calc at 0x7fffbc246620>,0.8795454545454545,389.07112645332387
aitchison_c_3.092861496280616e-07,<function wrap.<locals>.calc at 0x7fffbc242e18>,0.8628787878787879,0.0015076173297056187
generalized-js_a_1_b_1,<function wrap.<locals>.calc at 0x7fffbc242268>,0.7674242424242425,6.5619697198931295
hilbertian_a_1_b_-1,<function wrap.<locals>.calc at 0x7fffbc242730>,0.7318181818181818,1.2936315705738488
heat-diffusion_t_0.08247190755027486,<function wrap.<locals>.calc at 0x7fffbc2468c8>,0.6893939393939393,8.876983077614901e+23
linear,<function kmat_linear at 0x7fffbc6bc950>,0.6803030303030303,189.8555736954288
rbf_g_0.06585361507238231,<function wrap.<locals>.calc at 0x7fffbc508d90>,0.6462121212121211,155.0252008438875
