estimator_key,kmat_fun,avg_test_score,most_freq_best_param
aitchison-rbf_c_3.0928614962806222e-12_g_1.4190146185112231e-05,<function wrap.<locals>.calc at 0x7fffbc245158>,0.8886363636363637,400.5668774799248
aitchison_c_3.092861496280622e-11,<function wrap.<locals>.calc at 0x7fffbc241bf8>,0.8886363636363637,4.859209551537458e-05
generalized-js_a_1_b_1,<function wrap.<locals>.calc at 0x7fffbc241268>,0.7583333333333334,3.037769176370615
hilbertian_a_1_b_-inf,<function wrap.<locals>.calc at 0x7fffbc241840>,0.7416666666666668,0.458795859290298
rbf_g_0.06390579682335867,<function wrap.<locals>.calc at 0x7fffbc505d90>,0.6901515151515152,31.662060549893017
linear,<function kmat_linear at 0x7fffbc6bc950>,0.6719696969696969,3.7564724625933104
heat-diffusion_t_0.08247190755027486,<function wrap.<locals>.calc at 0x7fffbc2458c8>,0.6325757575757576,7.242546573176066e+23
