estimator_key,kmat_fun,avg_test_score,most_freq_best_param
aitchison-rbf_c_3.0928614962806222e-12_g_1.4205860228097283e-05,<function wrap.<locals>.calc at 0x7fffbc245158>,0.9128787878787877,400.7307185876165
aitchison_c_3.0928614962806222e-12,<function wrap.<locals>.calc at 0x7fffbc241b70>,0.9045454545454543,0.0019163544514615761
generalized-js_a_inf_b_10,<function wrap.<locals>.calc at 0x7fffbc241598>,0.7507575757575757,0.7510059497264734
hilbertian_a_10_b_-inf,<function wrap.<locals>.calc at 0x7fffbc2419d8>,0.7439393939393939,0.03249107990960334
rbf_g_6.05955566840351,<function wrap.<locals>.calc at 0x7fffbc241048>,0.6757575757575758,0.6099952503357774
heat-diffusion_t_0.08247190755027486,<function wrap.<locals>.calc at 0x7fffbc2458c8>,0.6606060606060606,7.224713429445576e+23
linear,<function kmat_linear at 0x7fffbc6bd950>,0.6575757575757576,38.177726825454045
