estimator_key,kmat_fun,avg_test_score,most_freq_best_param
generalized-js_a_inf_b_10,<function wrap.<locals>.calc at 0x7fffb25ad048>,-185.5824530338951,0.0007074708264553924
rbf_g_5.533499844117739,<function wrap.<locals>.calc at 0x7fffbc607d90>,-213.61335731618516,1.4742024732623433
aitchison-rbf_c_0.01_g_0.23241381120207902,<function wrap.<locals>.calc at 0x7fffb25b22f0>,-217.51971786994554,2.1514015315915458e-05
aitchison_c_0.01,<function wrap.<locals>.calc at 0x7fffb25ada60>,-217.82317343574982,40.01104422923614
linear,<function kmat_linear at 0x7fffbc6bc950>,-219.3710415538434,1.4905336205223985
heat-diffusion_t_0.07875819493558413,<function wrap.<locals>.calc at 0x7fffb25b2620>,-219.3735310415205,0.00020415202925505574
hilbertian_a_inf_b_-1,<function wrap.<locals>.calc at 0x7fffb25ad510>,-221.8346747191265,1.8909993100908054
