estimator_key,kmat_fun,avg_test_score,most_freq_best_param
rbf_g_56.220734836124805,<function wrap.<locals>.calc at 0x7fffbc608c80>,-196.96224632230633,3.694745697657705e-05
aitchison-rbf_c_0.01_g_0.232882003632385,<function wrap.<locals>.calc at 0x7fffb25b12f0>,-208.78033799292353,2.18624919625654e-05
heat-diffusion_t_0.09787635250924033,<function wrap.<locals>.calc at 0x7fffb25b1378>,-209.48327823298592,2.189241900011009e-25
linear,<function kmat_linear at 0x7fffbc6bd950>,-218.08996278329633,495.0048446655275
generalized-js_a_1_b_1,<function wrap.<locals>.calc at 0x7fffbc608e18>,-222.309043453563,854.3430328369141
aitchison_c_8.803880796335377e-05,<function wrap.<locals>.calc at 0x7fffb25ac8c8>,-226.78368000476644,3140.3630860501453
hilbertian_a_10_b_-inf,<function wrap.<locals>.calc at 0x7fffb25ac488>,-257.2228080500941,105951.72119140634
