estimator_key,kmat_fun,avg_test_score,most_freq_best_param
aitchison-rbf_c_3.453038674033147e-08_g_0.0024834522411398175,<function wrap.<locals>.calc at 0x7fffb25aabf8>,-252.78081791128776,1.5411059735015435e-05
rbf_g_525.6603842751333,<function wrap.<locals>.calc at 0x7fffbc608ae8>,-253.2801186425075,1.4429489283429587e-05
heat-diffusion_t_0.07875819493558413,<function wrap.<locals>.calc at 0x7fffb25af620>,-258.4772496470961,0.0002041520565398968
aitchison_c_1.6631302474394485e-07,<function wrap.<locals>.calc at 0x7fffb25aa6a8>,-258.6775894456624,5803.091931975734
hilbertian_a_1_b_-1,<function wrap.<locals>.calc at 0x7fffb25aa1e0>,-262.89361499843574,1.448787979949972
generalized-js_a_inf_b_10,<function wrap.<locals>.calc at 0x7fffb25aa048>,-263.4323015490772,0.0007025461854937021
linear,<function kmat_linear at 0x7fffbc6bc950>,-293.411335606921,463.4162425994873
