estimator_key,kmat_fun,avg_test_score,most_freq_best_param
aitchison-rbf_c_3.304692663582288e-08_g_0.0025168053285487815,<function wrap.<locals>.calc at 0x7fffb25adbf8>,-247.60691545709966,1.487827205437497e-05
rbf_g_609.3998821498204,<function wrap.<locals>.calc at 0x7fffbc608ae8>,-247.7562723031022,1.4329038435789686e-05
heat-diffusion_t_0.07875819493558413,<function wrap.<locals>.calc at 0x7fffb25b2620>,-253.7653226660694,0.06166023778754125
linear,<function kmat_linear at 0x7fffbc6bc950>,-254.88063337974387,513.338041305542
aitchison_c_1.6004410854759425e-07,<function wrap.<locals>.calc at 0x7fffb25ad6a8>,-261.463418836014,14293.318853197094
hilbertian_a_1_b_-1,<function wrap.<locals>.calc at 0x7fffb25ad1e0>,-268.57979870992733,2608.885765075683
generalized-js_a_1_b_0.5,<function wrap.<locals>.calc at 0x7fffbc608950>,-269.5656606541412,1794.7961807250979
