estimator_key,kmat_fun,avg_test_score,most_freq_best_param
aitchison-rbf_c_0.01_g_0.2427174532888991,<function wrap.<locals>.calc at 0x7fffb25af2f0>,-233.0183785203586,2.1297704506650896e-05
heat-diffusion_t_0.07875819493558413,<function wrap.<locals>.calc at 0x7fffb25af620>,-235.03064532219406,0.0002041520019702148
rbf_g_595.5490760801754,<function wrap.<locals>.calc at 0x7fffbc607ae8>,-236.24361983471135,1.4371297538673377e-05
generalized-js_a_10_b_0.5,<function wrap.<locals>.calc at 0x7fffbc607840>,-236.33179967374227,2685.76774597168
hilbertian_a_inf_b_-1,<function wrap.<locals>.calc at 0x7fffb25aa510>,-236.3320077425095,7685.272216796876
linear,<function kmat_linear at 0x7fffbc6bc950>,-236.37113098471076,505.59034347534197
aitchison_c_1.6004410854759425e-07,<function wrap.<locals>.calc at 0x7fffb25aa6a8>,-247.6278816891101,10718600.00000001
