estimator_key,kmat_fun,avg_test_score,most_freq_best_param
aitchison-rbf_c_0.01_g_0.22377905096730422,<function wrap.<locals>.calc at 0x7fffb25b22f0>,-245.68163890173258,2.1700701609006487e-05
heat-diffusion_t_0.07875819493558413,<function wrap.<locals>.calc at 0x7fffb25b2620>,-247.39059562195288,0.0002041517564066453
rbf_g_52.41843916788322,<function wrap.<locals>.calc at 0x7fffbc608c80>,-249.18721176598098,3.626023385550073e-05
generalized-js_a_inf_b_10,<function wrap.<locals>.calc at 0x7fffb25ad048>,-250.36808699795975,0.000700239306752337
aitchison_c_1.6631302474394485e-07,<function wrap.<locals>.calc at 0x7fffb25ad6a8>,-260.2770717263637,5759.950600930005
linear,<function kmat_linear at 0x7fffbc6bc950>,-263.5917575526663,476.01056098937994
hilbertian_a_inf_b_-1,<function wrap.<locals>.calc at 0x7fffb25ad510>,-265.45192639567665,9.787167186751882
