estimator_key,kmat_fun,avg_test_score,most_freq_best_param
rbf_g_50.48488730267417,<function wrap.<locals>.calc at 0x7fffbc5d7950>,-220.1349358188714,3.7270202710715225e-05
aitchison_c_0.00042636620020253653,<function wrap.<locals>.calc at 0x7fffb255d9d8>,-223.60722066471007,669.2168350190484
aitchison-rbf_c_0.01_g_0.224318668326968,<function wrap.<locals>.calc at 0x7fffb2561378>,-224.63091092916147,2.1688999822799832e-05
heat-diffusion_t_0.07875819493558413,<function wrap.<locals>.calc at 0x7fffb25616a8>,-226.15865020226565,0.00020415185190358895
generalized-js_a_1_b_0.5,<function wrap.<locals>.calc at 0x7fffbc5d7c80>,-234.9225930850164,2.273577716449947
linear,<function kmat_linear at 0x7fffbc6bc950>,-237.81809213104975,491.1638259887696
hilbertian_a_1_b_-1,<function wrap.<locals>.calc at 0x7fffb255d268>,-238.4107383856127,3.3150661986157766
