estimator_key,kmat_fun,avg_test_score,most_freq_best_param
aitchison-rbf_c_0.01_g_0.2305102892686761,<function wrap.<locals>.calc at 0x7fffb25b22f0>,-231.353983895049,2.1554807858592557e-05
heat-diffusion_t_0.07875819493558413,<function wrap.<locals>.calc at 0x7fffb25b2620>,-233.56956574050255,0.00020415186554600948
rbf_g_56.770578350645934,<function wrap.<locals>.calc at 0x7fffbc607c80>,-234.9393265512953,3.4766405860864304e-05
aitchison_c_1.8178813667514944e-05,<function wrap.<locals>.calc at 0x7fffb25ad840>,-238.47645156117187,5030.0594126269325
generalized-js_a_1_b_0.5,<function wrap.<locals>.calc at 0x7fffbc607950>,-241.205226801612,0.9987858191535969
hilbertian_a_1_b_-1,<function wrap.<locals>.calc at 0x7fffb25ad1e0>,-243.82766920840442,1.4565451916971572
linear,<function kmat_linear at 0x7fffbc6bc950>,-245.17383213672878,1.3650703816850547
