estimator_key,kmat_fun,avg_test_score,most_freq_best_param
rbf_g_52.26346778612533,<function wrap.<locals>.calc at 0x7fffbc608c80>,-220.24903432513142,3.431252935115484e-05
aitchison-rbf_c_0.01_g_0.22111892193728733,<function wrap.<locals>.calc at 0x7fffb25b02f0>,-231.77125594729418,2.1759437345281205e-05
heat-diffusion_t_0.09787635250924033,<function wrap.<locals>.calc at 0x7fffb25b0378>,-232.7572241688202,2.153345755187625e-25
aitchison_c_3.753677202169596e-06,<function wrap.<locals>.calc at 0x7fffb25ab7b8>,-239.21971640748765,7138.370124749114
linear,<function kmat_linear at 0x7fffbc6bd950>,-245.14538941965512,3.1230147501315355
generalized-js_a_1_b_0.5,<function wrap.<locals>.calc at 0x7fffbc608950>,-248.81429958180985,0.9900848542672723
hilbertian_a_1_b_-1,<function wrap.<locals>.calc at 0x7fffb25ab1e0>,-251.1901461372317,1.4419355304993549
