estimator_key,kmat_fun,avg_test_score,most_freq_best_param
rbf_g_49.954119740064456,<function wrap.<locals>.calc at 0x7fffbc5d7950>,-226.61707396184983,3.7652954461009385e-05
aitchison-rbf_c_3.453038674033147e-08_g_0.0024799524062258916,<function wrap.<locals>.calc at 0x7fffb255fc80>,-243.0123766991589,1.542861923553573e-05
heat-diffusion_t_0.09787635250924033,<function wrap.<locals>.calc at 0x7fffb2563400>,-243.53681047364597,2.1533355862775183e-25
hilbertian_a_1_b_-inf,<function wrap.<locals>.calc at 0x7fffb255f378>,-248.48542573900357,0.0010482104698894545
generalized-js_a_inf_b_1,<function wrap.<locals>.calc at 0x7fffb255f048>,-248.48560305267884,0.0010482104698894545
linear,<function kmat_linear at 0x7fffbc6bc950>,-249.04410399192687,449.2806911468504
aitchison_c_1.6631302474394485e-07,<function wrap.<locals>.calc at 0x7fffb255f730>,-250.0424922883792,5711.470957393408
