estimator_key,kmat_fun,avg_test_score,most_freq_best_param
rbf_g_538.5868497031543,<function wrap.<locals>.calc at 0x7fffbc608ae8>,-218.10999570523245,1.4548176238804433e-05
aitchison-rbf_c_3.304692663582288e-08_g_0.0024355944045548468,<function wrap.<locals>.calc at 0x7fffb25adbf8>,-218.6345823839593,1.5110417820096686e-05
heat-diffusion_t_0.07875819493558413,<function wrap.<locals>.calc at 0x7fffb25b2620>,-220.39486948571516,0.010524199279421678
aitchison_c_1.6004410854759425e-07,<function wrap.<locals>.calc at 0x7fffb25ad6a8>,-229.15270399015338,31705.59743555855
generalized-js_a_1_b_0.5,<function wrap.<locals>.calc at 0x7fffbc608950>,-238.16709146165235,0.44380107658996115
linear,<function kmat_linear at 0x7fffbc6bc950>,-241.14854101112383,1.4542506923410823
hilbertian_a_1_b_-1,<function wrap.<locals>.calc at 0x7fffb25ad1e0>,-241.94095471989732,1.4824704978961687
