estimator_key,kmat_fun,avg_test_score,most_freq_best_param
rbf_g_51.861612236425565,<function wrap.<locals>.calc at 0x7fffbc608c80>,-208.86790261015125,3.926484993144187e-05
heat-diffusion_t_0.09787635250924033,<function wrap.<locals>.calc at 0x7fffb25b2378>,-238.28505507029863,2.1892379056323033e-25
aitchison-rbf_c_0.01_g_0.2242175172672395,<function wrap.<locals>.calc at 0x7fffb25b22f0>,-239.30100702900896,2.205275433198042e-05
aitchison_c_8.803880796335377e-05,<function wrap.<locals>.calc at 0x7fffb25ad8c8>,-244.06306126602053,1316.4836245368845
generalized-js_a_inf_b_10,<function wrap.<locals>.calc at 0x7fffb25ad048>,-248.77116777668192,0.0007245304204843703
linear,<function kmat_linear at 0x7fffbc6bd950>,-254.95630831753996,464.1069889068602
hilbertian_a_1_b_-10,<function wrap.<locals>.calc at 0x7fffb25ad268>,-275.02705092423383,8.734011966810932
