estimator_key,kmat_fun,avg_test_score,most_freq_best_param
rbf_g_0.05151833814427513,<function wrap.<locals>.calc at 0x7fffbc607d08>,-264.49637838225004,0.12293589946742459
linear,<function kmat_linear at 0x7fffbc6bc950>,-265.2879758359275,1.3903093226106984
aitchison-rbf_c_3.304692663582288e-08_g_0.0024366216621376597,<function wrap.<locals>.calc at 0x7fffb25abbf8>,-268.25536696110066,1.4944168356123541e-05
hilbertian_a_1_b_-1,<function wrap.<locals>.calc at 0x7fffb25ab1e0>,-272.7853021933706,0.6290282573020801
heat-diffusion_t_0.07875819493558413,<function wrap.<locals>.calc at 0x7fffb25b0620>,-273.4129771235624,0.026898672415739726
generalized-js_a_10_b_1,<function wrap.<locals>.calc at 0x7fffbc6079d8>,-277.5872229386413,2.044533650780288
aitchison_c_1.6004410854759425e-07,<function wrap.<locals>.calc at 0x7fffb25ab6a8>,-283.4122071161472,5826.698072386174
