estimator_key,kmat_fun,avg_test_score,most_freq_best_param
generalized-js_a_inf_b_10,<function wrap.<locals>.calc at 0x7fffb25ac048>,-200.8475069015127,0.0007037594878056551
rbf_g_53.194117903972014,<function wrap.<locals>.calc at 0x7fffbc608c80>,-229.31308588559423,3.8653851106573745e-05
aitchison-rbf_c_3.304692663582288e-08_g_0.0024683299289342746,<function wrap.<locals>.calc at 0x7fffb25acbf8>,-235.41091832820507,1.4857184282846e-05
aitchison_c_3.304692663582288e-08,<function wrap.<locals>.calc at 0x7fffb25ac620>,-237.8332483782574,17282.111537802783
heat-diffusion_t_0.07875819493558413,<function wrap.<locals>.calc at 0x7fffb25b1620>,-239.6469540198012,0.026880906338140255
linear,<function kmat_linear at 0x7fffbc6bc950>,-247.85168580872772,3.3110663503433644
hilbertian_a_10_b_-1,<function wrap.<locals>.calc at 0x7fffb25ac378>,-280.9004351568718,1.6498883831129159
