estimator_key,kmat_fun,avg_test_score,most_freq_best_param
rbf_g_56.28419242893927,<function wrap.<locals>.calc at 0x7fffbc607c80>,-218.3518823950386,3.765245992326524e-05
aitchison-rbf_c_0.01_g_0.2329741458989213,<function wrap.<locals>.calc at 0x7fffb25b22f0>,-228.92843998844492,2.1502129357031663e-05
heat-diffusion_t_0.09787635250924033,<function wrap.<locals>.calc at 0x7fffb25b2378>,-230.60718975427147,2.1533549996513554e-25
generalized-js_a_inf_b_10,<function wrap.<locals>.calc at 0x7fffb25ad048>,-231.266134462789,0.0007059595736791379
aitchison_c_0.00042636620020253653,<function wrap.<locals>.calc at 0x7fffb25ad950>,-238.13521743437974,699.0212760603492
hilbertian_a_1_b_-1,<function wrap.<locals>.calc at 0x7fffb25ad1e0>,-242.92274162839362,1.4633986241101933
linear,<function kmat_linear at 0x7fffbc6bc950>,-245.81684690972799,3.255732395340258
