estimator_key,kmat_fun,avg_test_score,most_freq_best_param
aitchison-rbf_c_0.01_g_0.23334444226063822,<function wrap.<locals>.calc at 0x7fffb25b22f0>,-204.02846754340197,2.1494249153874972e-05
heat-diffusion_t_0.09787635250924033,<function wrap.<locals>.calc at 0x7fffb25b2378>,-205.53708632259617,2.1534134708844647e-25
rbf_g_56.838952051877705,<function wrap.<locals>.calc at 0x7fffbc608c80>,-207.7218432837516,0.012309033745444706
linear,<function kmat_linear at 0x7fffbc6bc950>,-209.44506241802634,508.2013607025148
aitchison_c_1.6004410854759425e-07,<function wrap.<locals>.calc at 0x7fffb25ad6a8>,-233.27502860738977,13777.629736644858
generalized-js_a_inf_b_10,<function wrap.<locals>.calc at 0x7fffb25ad048>,-239.9587298172584,0.0007072222615533975
hilbertian_a_1_b_-1,<function wrap.<locals>.calc at 0x7fffb25ad1e0>,-247.5407107620847,2564.078903198241
