estimator_key,kmat_fun,avg_test_score,most_freq_best_param
rbf_g_48.9643289081069,<function wrap.<locals>.calc at 0x7fffbc607c80>,-192.5531870868401,4.123137500755546e-05
generalized-js_a_inf_b_10,<function wrap.<locals>.calc at 0x7fffb25ac048>,-197.86524915720858,0.0006998145363468213
aitchison_c_0.002064863676378023,<function wrap.<locals>.calc at 0x7fffb25ac9d8>,-201.12003173149895,282.89882762008284
aitchison-rbf_c_0.00042636620020253653_g_0.0003147992943146679,<function wrap.<locals>.calc at 0x7fffb25b1048>,-202.46610343082858,0.2577500152587977
heat-diffusion_t_0.09787635250924033,<function wrap.<locals>.calc at 0x7fffb25b1378>,-204.83357431867813,2.1532195682576702e-25
hilbertian_a_1_b_-inf,<function wrap.<locals>.calc at 0x7fffb25ac2f0>,-235.1631551126246,0.001048619960783981
linear,<function kmat_linear at 0x7fffbc6bc950>,-246.2427986860289,0.010133640088006103
