estimator_key,kmat_fun,avg_test_score,most_freq_best_param
aitchison-rbf_c_0.00042636620020253653_g_0.0031408167676367817,<function wrap.<locals>.calc at 0x7fffb2561158>,-195.08434145732792,0.00033443722713855095
generalized-js_a_inf_b_inf,<function wrap.<locals>.calc at 0x7fffb255d158>,-223.64628990891703,0.0006661344559688589
rbf_g_553.7517460267165,<function wrap.<locals>.calc at 0x7fffbc5d7ae8>,-232.65428877167528,1.4401633166016841e-05
heat-diffusion_t_0.07875819493558413,<function wrap.<locals>.calc at 0x7fffb25616a8>,-235.21618778750212,0.0002041520974671585
hilbertian_a_inf_b_-1,<function wrap.<locals>.calc at 0x7fffb255d598>,-251.58530717491377,0.001066552431439049
aitchison_c_7.7508317076083e-07,<function wrap.<locals>.calc at 0x7fffb255d7b8>,-261.25643183062124,1906.840529397623
linear,<function kmat_linear at 0x7fffbc6bc950>,-319.8716961275857,1.3212719487756175
