Baseline,SVM-RBF,Lin/Log-L1,RF,LogCont-L1,KernelBiome,KB_Aitchison
30.327868852459016,24.593528863612377,30.327868852459016,28.68711111095786,30.32786885245902,28.96685249346711,28.102217467323186
30.327868852459016,23.453558649926748,30.327868852459016,31.527683596198344,30.32786885245902,37.52614041827541,29.51851759508082
30.327868852459016,26.398889345434846,30.327868852459016,26.347830633220966,30.32786885245902,23.32795762775176,28.033075806432254
30.327868852459016,22.258701738326014,30.327868852459016,26.7189951078838,30.32786885245902,16.574967531434616,29.408712426761593
30.327868852459016,28.253237286898006,30.327868852459016,33.43576313288933,30.32786885245902,29.97411949172509,31.98033440774861
30.327868852459016,33.88494527826471,30.327868852459016,31.855703210276666,30.32786885245902,30.044967056539832,32.403265380667676
