Baseline,SVM-RBF,Lin/Log-L1,RF,LogCont-L1,KernelBiome,KB_Aitchison
29.30327868852459,20.7020471004559,29.30327868852459,24.121598725843423,29.303278688524593,31.726341950469315,26.383233630781834
29.30327868852459,23.87846486121677,29.30327868852459,29.872333778726492,29.303278688524593,29.50116970709683,27.02289252399668
29.30327868852459,23.23520100603933,29.30327868852459,28.170617672682205,29.303278688524593,29.151527612300928,28.421711954265398
29.30327868852459,24.122889784193,29.30327868852459,27.395381362238776,29.303278688524593,29.555401152817364,28.146785020875058
29.30327868852459,26.39959455882932,29.30327868852459,32.33897148546982,29.303278688524593,29.73524247558494,32.40698445701312
29.30327868852459,24.74351738483828,29.30327868852459,23.5692126852449,29.303278688524593,29.647817933224623,27.13584139486217
