Baseline,SVM-RBF,Lin/Log-L1,RF,LogCont-L1,KernelBiome,KB_Aitchison
29.375,26.850663791230865,29.375,21.091066279396763,29.375,29.30666177768854,28.180078526914713
29.375,28.586870281279772,29.375,25.747932429579528,29.375,28.094363888039375,30.03916576968788
29.375,26.459944866318565,29.375,28.171363851162234,29.375,29.67886605338195,27.935721348539563
29.375,27.637983193782027,29.375,24.332014492857514,29.375,28.91496506988526,28.278212117668602
29.375,34.07270067250554,29.375,37.55694196772275,29.375,30.48768107742279,34.56828307427601
29.375,25.480283921885437,29.375,23.285464668162142,29.375,29.205690483545496,27.708521099248653
29.375,24.323693771627653,29.375,21.51288442561055,29.375,29.358615296400743,25.358223293877927
