Baseline,SVM-RBF,Lin/Log-L1,RF,LogCont-L1,KernelBiome,KB_Aitchison
30.083333333333332,22.287843995884906,30.083333333333332,29.817158939264583,30.083333333333332,31.46206319208022,27.655182246571954
30.083333333333332,25.765332132387137,30.083333333333332,24.267589226585397,30.083333333333332,22.917753355724624,26.122505860583633
30.083333333333332,23.3085404383335,30.083333333333332,27.223036337653372,30.083333333333332,24.75368373864113,27.41695292235758
30.083333333333332,23.790945448852035,30.083333333333332,26.301423884692575,30.083333333333332,25.412193359463817,28.205327939429882
30.083333333333332,29.679303288170672,30.083333333333332,30.617669774334374,30.083333333333332,29.771099984108684,31.60160076399878
30.083333333333332,25.446651414291455,30.083333333333332,27.471338593392268,30.083333333333332,31.030862595487015,30.932866310271454
30.083333333333332,37.99653807865021,30.083333333333332,43.11248135898422,30.083333333333332,39.38666774554531,32.72751294766272
