Baseline,SVM-RBF,Lin/Log-L1,RF,LogCont-L1,KernelBiome,KB_Aitchison
30.368852459016395,21.2131214312359,30.368852459016395,27.677748885864965,30.368852459016395,22.73843264711274,27.48185761174238
30.368852459016395,41.73166038577614,30.368852459016395,28.7390811440148,30.368852459016395,31.347871136580075,32.23628062524461
30.368852459016395,21.75366717357276,30.368852459016395,32.67711638363602,30.368852459016395,30.319068888301196,32.10068591736444
30.368852459016395,24.759709134600893,30.368852459016395,33.466577412021195,30.368852459016395,33.725063697497575,30.70441643834922
30.368852459016395,40.93847821525258,30.368852459016395,42.29241506359511,30.368852459016395,40.63669300024333,32.663691694583235
30.368852459016395,35.18776281211617,30.368852459016395,28.808855071008086,30.368852459016395,41.32568431865224,31.185677046056586
