Baseline,SVM-RBF,Lin/Log-L1,RF,LogCont-L1,KernelBiome,KB_Aitchison
28.237704918032787,26.42353939899776,28.237704918032787,27.655,28.237704918032787,28.447127276179902,27.239538011228944
28.237704918032787,25.273397297128604,28.237704918032787,28.335,28.237704918032787,28.61101323454182,27.923964906192147
28.237704918032787,29.736217381287247,28.237704918032787,40.96,28.237704918032787,28.57548812951592,31.688317073282764
28.237704918032787,27.36665811903785,28.237704918032787,34.855,28.237704918032787,28.58305030908542,28.611980088716187
28.237704918032787,26.614887228912874,28.237704918032787,28.22,28.237704918032787,28.593566214458622,28.547549009886975
28.237704918032787,26.65054318530528,28.237704918032787,26.54,28.237704918032787,28.780458415355895,28.092166645653208
