Baseline,SVM-RBF,Lin/Log-L1,RF,LogCont-L1,KernelBiome,KB_Aitchison
29.098360655737704,27.281464232712544,29.098360655737704,32.115,29.098360655737707,30.359202632740036,30.807307005933154
29.098360655737704,22.68019705312116,29.098360655737704,28.585,29.098360655737707,27.47834853452368,27.22428181362914
29.098360655737704,24.64629140350277,29.098360655737704,29.275,29.098360655737707,26.30791631400978,25.868267542675937
29.098360655737704,30.780963877456657,29.098360655737704,29.14,29.098360655737707,27.99234986808433,27.291935116713873
29.098360655737704,30.330639590328747,29.098360655737704,36.31,29.098360655737707,30.818284777832467,31.06816594021722
29.098360655737704,32.70103593249268,29.098360655737704,31.44,29.098360655737707,31.355014262933423,31.571582142972336
