Baseline,SVM-RBF,Lin/Log-L1,RF,LogCont-L1,KernelBiome,KB_Aitchison
30.983606557377048,24.74192968388996,30.709849878197872,35.98584595784355,30.98360655737705,34.04519571646848,33.42096125445508
30.983606557377048,34.21579617688478,31.451564936672916,37.00792029141481,30.98360655737705,38.12801666853609,35.34474781187546
30.983606557377048,31.787616008026475,31.7342637703812,28.16724936845639,30.98360655737705,36.359434957439476,30.064845682898437
30.983606557377048,31.431553586534974,31.725031048767818,29.87939718389675,30.98360655737705,33.149883555562056,28.968260558030277
30.983606557377048,34.09561994071551,31.7342637703812,32.0302545169336,30.98360655737705,32.99781097606928,34.921728108520256
30.983606557377048,39.48292219365838,31.7342637703812,43.295627307888104,30.98360655737705,37.49239847453056,34.577954356436095
