Baseline,SVM-RBF,Lin/Log-L1,RF,LogCont-L1,KernelBiome,KB_Aitchison
30.666666666666668,26.841561322801056,30.666666666666668,30.516941581059,30.666666666666668,30.667399820747747,26.397834582665404
30.666666666666668,26.61135536257478,30.666666666666668,25.007989707706336,30.666666666666668,30.66725363941971,24.186894963243187
30.666666666666668,26.10547151045347,30.666666666666668,26.32426100433606,30.666666666666668,30.668364454535748,22.655688053868317
30.666666666666668,27.757205258658054,30.666666666666668,24.647612842277105,30.666666666666668,30.547112493828305,23.36174634788435
30.666666666666668,25.962089302204426,30.666666666666668,27.403010213705127,30.666666666666668,30.667315063906443,30.859023103395504
30.666666666666668,27.68759934687457,30.666666666666668,31.00295981535234,30.666666666666668,30.667483837584662,30.122632584336987
30.666666666666668,26.058360131009046,30.666666666666668,28.01817999851455,30.666666666666668,30.667315006794723,27.285274383726577
