Baseline,SVM-RBF,Lin/Log-L1,RF,LogCont-L1,KernelBiome,KB_Aitchison
30.12295081967213,40.22076998546708,30.12295081967213,31.743932521464046,30.122950819672134,31.29600991641688,34.31342817479609
30.12295081967213,25.261159842386842,30.12295081967213,33.27870415312178,30.122950819672134,28.84676328973989,27.8429746847008
30.12295081967213,30.517016251907947,30.12295081967213,38.27066058556207,30.122950819672134,29.469441728981813,35.186709628366984
30.12295081967213,33.44701249854656,30.12295081967213,32.67238995931926,30.122950819672134,31.29319300465112,29.70880009417425
30.12295081967213,42.267845012581255,30.12295081967213,40.660875815636196,30.122950819672134,31.282060945886222,39.77969769464352
30.12295081967213,30.970366535383356,30.12295081967213,25.374850990591547,30.122950819672134,32.37263270690691,28.73474366254392
