Baseline,SVM-RBF,Lin/Log-L1,RF,LogCont-L1,KernelBiome,KB_Aitchison
30.333333333333332,28.52191166110042,30.333333333333332,21.48,30.333333333333332,25.6398049021735,28.687359401242418
30.333333333333332,22.32991039499626,30.333333333333332,26.835,30.333333333333332,25.40785197953365,27.96939606807574
30.333333333333332,25.180207705906646,30.333333333333332,25.345,30.333333333333332,32.38782644469771,26.511398999653423
30.333333333333332,23.8291305868061,30.333333333333332,28.74,30.333333333333332,28.80766124101733,25.739091923198725
30.333333333333332,24.952684505308817,30.333333333333332,24.47,30.333333333333332,13.744261915156404,28.217441486607143
30.333333333333332,29.162499269811864,30.333333333333332,30.025,30.333333333333332,30.934647373552647,31.49099774026523
30.333333333333332,38.92055312961523,30.333333333333332,30.5,30.333333333333332,40.02297271431714,33.325437633547175
