Baseline,SVM-RBF,Lin/Log-L1,RF,LogCont-L1,KernelBiome,KB_Aitchison
29.458333333333332,25.13877524291825,29.458333333333332,31.81479881925125,29.458333333333332,29.23697096505228,29.23432405746455
29.458333333333332,23.39944078326103,29.458333333333332,27.444699803284124,29.458333333333332,26.862747213581795,26.76122239466198
29.458333333333332,22.80203554726502,29.458333333333332,31.410450374259796,29.458333333333332,26.516492728402923,26.55376174283556
29.458333333333332,24.239581105850355,29.458333333333332,27.763024133103414,29.458333333333332,30.136071095610887,30.16970410918806
29.458333333333332,31.48588924283554,29.458333333333332,32.25016634002055,29.458333333333332,28.71846591720475,28.774969841713478
29.458333333333332,29.442978284140246,29.458333333333332,34.176970534331794,29.458333333333332,32.88526241657388,32.96080154798557
29.458333333333332,28.404597205164258,29.458333333333332,30.969495783664364,29.458333333333332,29.196581730443725,29.233158599425316
