Baseline,SVM-RBF,Lin/Log-L1,RF,LogCont-L1,KernelBiome,KB_Aitchison
30.458333333333332,27.809528083786237,30.458333333333332,27.809999737085917,30.458333333333332,30.92562892465389,31.116552037260462
30.458333333333332,24.577088479820326,30.458333333333332,29.013361198501567,30.458333333333332,30.336739009701848,27.80131264149128
30.458333333333332,26.04622296145071,30.458333333333332,28.810089232647183,30.458333333333332,31.398320289900564,27.335218146994777
30.458333333333332,25.048094527249724,30.458333333333332,26.388568129513008,30.458333333333332,30.26734622325872,27.26150574287292
30.458333333333332,26.91786051507079,30.458333333333332,35.41384766734695,30.458333333333332,31.349432697734628,29.646148036025586
30.458333333333332,35.799279737386854,30.458333333333332,25.398566978776074,30.458333333333332,30.97889832145027,31.01872307391429
30.458333333333332,30.780407100751205,30.458333333333332,27.972694741178014,30.458333333333332,30.916031553622197,29.456741630421185
