Baseline,SVM-RBF,Lin/Log-L1,RF,LogCont-L1,KernelBiome,KB_Aitchison
29.583333333333332,17.799387927935577,29.04387015167131,23.81,29.583333333333332,17.447962541498576,15.411783581659005
29.583333333333332,20.78908935212656,27.62436680018084,23.895,29.583333333333332,15.870170937210526,16.644437865580862
29.583333333333332,19.98615070971402,28.91795596492956,28.715,29.583333333333332,21.46833439268508,20.717339860063124
29.583333333333332,20.367728654993428,28.515984398298787,27.135,29.583333333333332,21.24394200335874,24.496659411877005
29.583333333333332,19.88985788459445,27.669161248564166,23.88,29.583333333333332,12.44198999034586,14.859729905183185
29.583333333333332,39.717089861031404,30.44221744431003,37.84,29.583333333333332,41.33552153743362,40.439711275412556
29.583333333333332,38.08975949580234,30.424842692551294,26.54,29.583333333333332,34.511869375723386,35.013315828513534
