Baseline,SVM-RBF,Lin/Log-L1,RF,LogCont-L1,KernelBiome,KB_Aitchison
29.666666666666668,26.95838069658506,29.666666666666668,33.10749226105935,29.666666666666668,30.81023838452227,30.672185913959908
29.666666666666668,23.405678410883397,29.666666666666668,27.009135015562784,29.666666666666668,30.712324784892434,25.06763716567833
29.666666666666668,30.074011677944416,29.666666666666668,32.09015744952327,29.666666666666668,29.605927244613564,33.85868753397091
29.666666666666668,27.722666447509788,29.666666666666668,29.941925700505497,29.666666666666668,30.934349511400264,30.714136731103903
29.666666666666668,21.984404619807503,29.666666666666668,26.04947561669753,29.666666666666668,30.59179992075628,29.054456493923734
29.666666666666668,30.05155089640127,29.666666666666668,24.87637527297693,29.666666666666668,32.070916708936714,26.909457063916413
29.666666666666668,25.437144719236596,29.666666666666668,29.676191765544484,29.666666666666668,29.048953544800096,29.184844428322446
