Baseline,SVM-RBF,Lin/Log-L1,RF,LogCont-L1,KernelBiome,KB_Aitchison
29.458333333333332,21.893793885514995,29.458333333333332,24.97938613635175,29.458333333333332,25.45046608615533,27.11622853509786
29.458333333333332,26.91343477658635,29.458333333333332,35.976839678621964,29.458333333333332,30.913696288822152,30.841864182857787
29.458333333333332,25.741544192786712,29.458333333333332,30.095790953127874,29.458333333333332,30.437105850314644,29.768459851228325
29.458333333333332,19.787493498688907,29.458333333333332,26.8799757772385,29.458333333333332,22.40971354101346,28.46497926253734
29.458333333333332,23.981575616457082,29.458333333333332,30.2696745753527,29.458333333333332,30.62562828723568,26.898703632385274
29.458333333333332,19.712134361447525,29.458333333333332,20.42327260963555,29.458333333333332,15.49049338556654,24.2359596966149
29.458333333333332,26.92812678276279,29.458333333333332,30.17267743707375,29.458333333333332,30.643741149166228,30.573722074476176
