Baseline,SVM-RBF,Lin/Log-L1,RF,LogCont-L1,KernelBiome,KB_Aitchison
30.0,23.507844864306147,30.0,28.149780379702094,30.0,30.084268344748935,27.267068285689966
30.0,19.51329552621069,30.0,26.10504284577508,30.0,29.9972272799475,24.71360633760314
30.0,24.69511094249431,30.0,32.68394384416592,30.0,29.94421243029006,26.447600317876812
30.0,21.028952349151183,30.0,23.88990604648906,30.0,29.976186133048717,25.881504075718
30.0,22.854352390685076,30.0,24.7562692665851,30.0,29.985372199569508,29.601126185190328
30.0,33.5774302070923,30.0,38.70830625501949,30.0,30.3396315619423,34.86278348203095
30.0,23.50573682490186,30.0,23.493804576662587,30.0,30.090478968270414,26.058827604622593
