Baseline,SVM-RBF,Lin/Log-L1,RF,LogCont-L1,KernelBiome,KB_Aitchison
29.262295081967213,27.40398779862758,29.262295081967213,33.01,29.262295081967213,30.423841980024037,31.579316335658934
29.262295081967213,26.497207820181558,29.262295081967213,28.085,29.262295081967213,28.583221673313464,30.561347001980224
29.262295081967213,27.891381550133083,29.262295081967213,33.1,29.262295081967213,30.41867936962373,31.240145357199463
29.262295081967213,28.80578088336286,29.262295081967213,38.041,29.262295081967213,30.35169476770311,34.411194310777375
29.262295081967213,27.609048446221514,29.262295081967213,24.26,29.262295081967213,31.559203597040227,28.197249555455294
29.262295081967213,28.86494635108989,29.262295081967213,28.56,29.262295081967213,33.7405539844447,30.325886841411396
