Baseline,SVM-RBF,Lin/Log-L1,RF,LogCont-L1,KernelBiome,KB_Aitchison
29.583333333333332,38.9353934236747,29.583333333333332,33.60245364751251,29.583333333333332,34.7791660998153,34.369926448398324
29.583333333333332,26.88765415591915,29.583333333333332,28.87992158506811,29.583333333333332,38.73140989250906,28.06995384599415
29.583333333333332,23.276756693263497,29.583333333333332,27.61407211570769,29.583333333333332,31.323655437443588,26.245828255092327
29.583333333333332,23.29771759171099,29.583333333333332,26.766722474755227,29.583333333333332,18.287160967136575,26.54367097596798
29.583333333333332,30.469352990702564,29.583333333333332,25.672031008538912,29.583333333333332,29.168289280642462,26.310249435918866
29.583333333333332,41.272960147743554,29.583333333333332,40.814602517813015,29.583333333333332,51.25727684368664,39.770377828323845
29.583333333333332,23.12603512316811,29.583333333333332,21.287750484183768,29.583333333333332,28.12112110593528,24.935315254074855
