Baseline,SVM-RBF,Lin/Log-L1,RF,LogCont-L1,KernelBiome,KB_Aitchison
30.333333333333332,27.239281071975913,30.333333333333332,27.89925854093104,30.333333333333332,26.960450468266924,28.417833722047025
30.333333333333332,27.720443418102207,30.333333333333332,29.482380032817776,30.333333333333332,32.620450127536046,27.580049228868866
30.333333333333332,27.5744354241943,30.333333333333332,26.284446195172933,30.333333333333332,17.68129437548976,28.967324375513023
30.333333333333332,27.75237997933072,30.333333333333332,34.47187834793226,30.333333333333332,29.660316343358048,35.297272025517735
30.333333333333332,27.924312142838257,30.333333333333332,30.49588979751075,30.333333333333332,28.73347730559823,30.34031731852207
30.333333333333332,27.416724308047577,30.333333333333332,28.655580343007625,30.333333333333332,32.901447022879964,30.786686676621965
30.333333333333332,28.32354347493781,30.333333333333332,30.598001988076103,30.333333333333332,28.697597640068363,32.965759202433745
