Baseline,SVM-RBF,Lin/Log-L1,RF,LogCont-L1,KernelBiome,KB_Aitchison
30.625,27.17533671635453,30.625,31.11,30.625,30.852960250419866,28.62941903858288
30.625,27.03675199580975,30.625,28.0,30.625,32.69870348895675,29.200007831975988
30.625,26.829972926998813,30.625,27.52,30.625,30.14443287496431,28.495187084973416
30.625,26.80191517122217,30.625,26.92,30.625,29.551521041414247,30.07249030081254
30.625,27.571186367394336,30.625,30.62,30.625,30.440723700970523,30.481917616890158
30.625,27.189067975343484,30.625,28.56,30.625,30.929041085030157,29.775761950069953
30.625,28.18694932802266,30.625,32.255,30.625,31.006076918672125,32.060097321412286
