Baseline,SVM-RBF,Lin/Log-L1,RF,LogCont-L1,KernelBiome,KB_Aitchison
29.833333333333332,25.091656390865083,29.833333333333332,26.14622020132848,29.833333333333332,26.28136804466542,24.7790077116304
29.833333333333332,24.57157024225371,29.833333333333332,26.759856828523134,29.833333333333332,31.939319122462745,27.12633315354551
29.833333333333332,23.3330185983513,29.833333333333332,31.646555455892646,29.833333333333332,30.496979477004494,25.82081995758445
29.833333333333332,24.741630752169726,29.833333333333332,25.435839048429788,29.833333333333332,23.714892447443344,24.344301735870594
29.833333333333332,23.5110680387222,29.833333333333332,24.186706904778642,29.833333333333332,29.287355713641276,19.253873664684576
29.833333333333332,29.300848203130194,29.833333333333332,33.71663587644015,29.833333333333332,31.60545062204237,33.44963462625767
29.833333333333332,28.65240595665587,29.833333333333332,34.19781102210282,29.833333333333332,29.46737889249849,37.75363634152946
