Baseline,SVM-RBF,Lin/Log-L1,RF,LogCont-L1,KernelBiome,KB_Aitchison
29.291666666666668,19.816174806283176,29.291666666666668,25.556769070707567,29.291666666666668,15.020349481580215,23.466208654298104
29.291666666666668,27.26643643370796,29.291666666666668,31.964498332907038,29.291666666666668,34.49762204592875,28.569220881691436
29.291666666666668,40.01126446948698,29.291666666666668,40.90218442560541,29.291666666666668,30.706844490701286,43.81962558228776
29.291666666666668,36.66087446527682,29.291666666666668,33.00112545404721,29.291666666666668,30.848039245249417,34.78088570209457
29.291666666666668,30.712215333986016,29.291666666666668,34.40252130430409,29.291666666666668,30.662475533056057,32.924833393372225
29.291666666666668,23.522288466897542,29.291666666666668,20.42017325083734,29.291666666666668,26.831808974675344,23.89767050624011
29.291666666666668,36.80102098920282,29.291666666666668,28.002422793104685,29.291666666666668,34.339843950655045,30.56851726715871
