Baseline,SVM-RBF,Lin/Log-L1,RF,LogCont-L1,KernelBiome,KB_Aitchison
29.875,37.878449111902,29.875,37.09692665771698,29.875,34.396963236150214,34.74006809611208
29.875,24.991081833016512,29.875,36.54422143458736,29.875,31.41154132496693,33.967759816142916
29.875,23.851555627095212,29.875,33.7514416730311,29.875,30.85969812161545,32.68572509906617
29.875,24.799338522120834,29.875,31.474479169724816,29.875,29.956138915181008,31.11782142515542
29.875,27.14759699395764,29.875,32.18292447993284,29.875,28.54824516525783,28.468945731161966
29.875,33.10373431106595,29.875,36.10211162960605,29.875,31.967612313923645,32.321751862275214
29.875,28.95523612309108,29.875,25.31872611575966,29.875,29.67596289171876,29.51713996846307
