Baseline,SVM-RBF,Lin/Log-L1,RF,LogCont-L1,KernelBiome,KB_Aitchison
31.166666666666668,26.974449685879815,31.166666666666668,30.21270065105686,31.166666666666668,33.047675480495016,30.834594499063506
31.166666666666668,29.502448363724834,31.166666666666668,30.961817661149695,31.166666666666668,40.163370771156295,31.080674508390782
31.166666666666668,28.325637005504998,31.166666666666668,25.220168143744285,31.166666666666668,23.654880059418495,27.37491867901074
31.166666666666668,27.30689886541353,31.166666666666668,31.056110246783067,31.166666666666668,31.809366818802516,27.878695006728027
31.166666666666668,28.6808808140678,31.166666666666668,30.474822348934577,31.166666666666668,32.07210480051861,33.13591970112172
31.166666666666668,27.067108253628387,31.166666666666668,27.868921874255587,31.166666666666668,27.913162024229973,30.81027247230333
31.166666666666668,28.880358914097243,31.166666666666668,29.830885198040487,31.166666666666668,32.02347068630464,32.40384701920859
