Baseline,SVM-RBF,Lin/Log-L1,RF,LogCont-L1,KernelBiome,KB_Aitchison
30.333333333333332,27.422940851525937,30.333333333333332,28.470085368086462,30.333333333333332,30.684629181431866,27.938033908280108
30.333333333333332,27.507036000240614,30.333333333333332,32.16429893065637,30.333333333333332,30.77943674887894,30.995130338730117
30.333333333333332,27.16783564998987,30.333333333333332,27.714427985943274,30.333333333333332,30.6839773924787,29.715922893176828
30.333333333333332,29.24807618644952,30.333333333333332,30.537675642711438,30.333333333333332,30.990507178740735,31.506552370523075
30.333333333333332,27.80957579039191,30.333333333333332,30.544364679527504,30.333333333333332,30.72141545728168,31.32933251671452
30.333333333333332,27.074180771327274,30.333333333333332,29.10932521111029,30.333333333333332,30.79089501177914,30.657986005576355
30.333333333333332,29.135346526321552,30.333333333333332,29.694310529340314,30.333333333333332,31.054454533454134,31.04584328255896
