Baseline,SVM-RBF,Lin/Log-L1,RF,LogCont-L1,KernelBiome,KB_Aitchison
29.541666666666668,22.80449455849227,29.541666666666668,28.089745794572114,29.541666666666668,26.664727464314673,26.711799736301085
29.541666666666668,26.33004750790571,29.541666666666668,26.631536607554583,29.541666666666668,28.123466065632343,28.135634362423332
29.541666666666668,29.310281278155777,29.541666666666668,31.463099307421913,29.541666666666668,31.216256016384982,31.300291421265683
29.541666666666668,21.729205683225864,29.541666666666668,27.566956043518832,29.541666666666668,30.936549497740426,31.0181160296954
29.541666666666668,39.18674363407962,29.541666666666668,41.056545430864965,29.541666666666668,39.59652858163116,39.39681102323193
29.541666666666668,23.942765127650862,29.541666666666668,28.337199225342378,29.541666666666668,30.466972207241977,30.5791500868402
29.541666666666668,33.68565237566389,29.541666666666668,38.02657230204652,29.541666666666668,35.110122319324766,35.073246790550584
