Baseline,SVM-RBF,Lin/Log-L1,RF,LogCont-L1,KernelBiome,KB_Aitchison
29.166666666666668,27.543915510934063,29.166666666666668,20.315,29.166666666666668,23.79104379361761,28.03054541434689
29.166666666666668,25.955529686284905,29.166666666666668,27.965,29.166666666666668,21.025915610770443,25.883611093296572
29.166666666666668,27.41002897056775,29.166666666666668,33.305,29.166666666666668,31.754644212922173,29.46718752390038
29.166666666666668,26.171274100285505,29.166666666666668,26.125,29.166666666666668,20.967884756791136,27.023906437842985
29.166666666666668,26.77550887395183,29.166666666666668,29.91,29.166666666666668,23.81258291970613,30.519670918392833
29.166666666666668,26.080773820655892,29.166666666666668,29.2,29.166666666666668,28.473132557270397,27.831876165836828
29.166666666666668,27.843301737130687,29.166666666666668,28.855,29.166666666666668,30.654280113135577,28.926320669917576
