Baseline,SVM-RBF,Lin/Log-L1,RF,LogCont-L1,KernelBiome,KB_Aitchison
30.125,11.471962273871483,30.125,34.67,39.910273501075835,34.42332074197708,45.111065184032626
30.125,33.099543826786686,30.125,37.01,40.99842485137096,34.6097098615594,48.50025367127367
30.125,26.150848331707653,30.125,27.82,18.661546365363456,22.959618923950174,26.15004280991372
30.125,27.843007735027548,30.125,33.995,43.61689948096069,35.274574260121256,45.75432614747722
30.125,32.114611226446435,30.125,30.22,38.37382558045389,34.05545309259736,38.1467442025903
30.125,50.764696831226786,30.125,36.235,50.036589044711235,41.84102328022177,40.88866021079423
30.125,42.111283568124286,30.125,25.545,25.322099649058032,30.07486930566822,27.380027036955013
