Baseline,SVM-RBF,Lin/Log-L1,RF,LogCont-L1,KernelBiome,KB_Aitchison
29.221311475409838,25.330317784991706,29.221311475409838,27.59682695590232,29.221311475409838,28.856344179099825,25.08058944914366
29.221311475409838,26.684952364033773,29.221311475409838,30.41358933243385,29.221311475409838,29.223248048689857,26.111889899406666
29.221311475409838,26.022872724627312,29.221311475409838,25.56887286221849,29.221311475409838,28.372826150460966,29.65891022237073
29.221311475409838,29.387707141236053,29.221311475409838,37.29847445110562,29.221311475409838,29.621281022880947,40.08597167277678
29.221311475409838,26.05025631858416,29.221311475409838,30.337099423979744,29.221311475409838,29.58652247332764,29.751403453443114
29.221311475409838,28.186508824140773,29.221311475409838,27.57334612492002,29.221311475409838,29.62620640726456,31.224563751225954
