estimator_key,kmat_fun,avg_test_score,most_freq_best_param
aitchison-rbf_c_4.52406804198336e-09_g_0.00011612552625049274,<function wrap.<locals>.calc at 0x7fffb45bdf28>,0.6762499999999999,0.9845834050220122
aitchison_c_2.8092344596680195e-08,<function wrap.<locals>.calc at 0x7fffb45bda60>,0.6575,9.060100639069153e-05
generalized-js_a_inf_b_1,<function wrap.<locals>.calc at 0x7fffb45bd378>,0.6454166666666665,0.32513589576652313
hilbertian_a_1_b_-inf,<function wrap.<locals>.calc at 0x7fffb45bd6a8>,0.6454166666666665,0.32513589576652313
rbf_g_0.0062401251207644115,<function wrap.<locals>.calc at 0x7fffbc678d90>,0.6270833333333333,87.40553087826511
linear,<function kmat_linear at 0x7fffbc6bc950>,0.5862499999999999,3.3382216217321155
heat-diffusion_t_0.09511327073765634,<function wrap.<locals>.calc at 0x7fffb45bf7b8>,0.44000000000000006,3.6300019769268834e+19
