estimator_key,kmat_fun,avg_test_score,most_freq_best_param
aitchison-rbf_c_4.431838326537847e-09_g_1.1796578600522576e-05,<function wrap.<locals>.calc at 0x7fffb45beea0>,0.6758333333333334,4.322068357204378
aitchison_c_1.7176628854961008e-07,<function wrap.<locals>.calc at 0x7fffb45beae8>,0.6758333333333334,0.0002687066789680046
generalized-js_a_inf_b_inf,<function wrap.<locals>.calc at 0x7fffb45be488>,0.6629166666666666,0.5018157971302165
hilbertian_a_1_b_-1,<function wrap.<locals>.calc at 0x7fffb45be598>,0.6562500000000001,0.44009649019907704
rbf_g_6.583364005860872,<function wrap.<locals>.calc at 0x7fffbc602bf8>,0.64375,0.18092190509072825
linear,<function kmat_linear at 0x7fffbc6bd950>,0.63,1.5285934261290366
heat-diffusion_t_0.08250426705350176,<function wrap.<locals>.calc at 0x7fffa81c7950>,0.4604166666666667,400.44698587113356
