estimator_key,kmat_fun,avg_test_score,most_freq_best_param
rbf_g_0.006297493131149508,<function wrap.<locals>.calc at 0x7fffbc678d90>,0.6616666666666666,88.54350731071754
aitchison_c_0.0002580156073674393,<function wrap.<locals>.calc at 0x7fffb45bcd08>,0.6595833333333333,0.2770708980817063
aitchison-rbf_c_1.7176628854961008e-07_g_2.2648829239107716e-05,<function wrap.<locals>.calc at 0x7fffb45be0d0>,0.6504166666666668,4.322449295481081
linear,<function kmat_linear at 0x7fffbc6bc950>,0.635,3.2272181647772444
hilbertian_a_10_b_-inf,<function wrap.<locals>.calc at 0x7fffb45bc840>,0.6220833333333333,0.010694007427287768
generalized-js_a_inf_b_1,<function wrap.<locals>.calc at 0x7fffb45bc378>,0.6220833333333333,0.14960045945384612
heat-diffusion_t_0.07868431624067712,<function wrap.<locals>.calc at 0x7fffb45be9d8>,0.46791666666666665,0.02649105699071483
