estimator_key,kmat_fun,avg_test_score,most_freq_best_param
generalized-js_a_1_b_1,<function wrap.<locals>.calc at 0x7fffb45be0d0>,0.6754166666666668,0.6490207839889192
hilbertian_a_10_b_-1,<function wrap.<locals>.calc at 0x7fffb45be730>,0.66875,0.3672222779578967
aitchison_c_1.7176628854961008e-07,<function wrap.<locals>.calc at 0x7fffb45beae8>,0.6633333333333333,0.0001250993963874715
aitchison-rbf_c_0.01_g_0.0023266993148705543,<function wrap.<locals>.calc at 0x7fffa81c7598>,0.6625,0.8988338285320905
linear,<function kmat_linear at 0x7fffbc6bc950>,0.6425,0.6748985732914875
rbf_g_0.060807636212860595,<function wrap.<locals>.calc at 0x7fffbc678b70>,0.6420833333333333,40.53520707989397
heat-diffusion_t_0.09973081122378553,<function wrap.<locals>.calc at 0x7fffa81c7730>,0.45125000000000004,4.38728720420952e+19
