estimator_key,kmat_fun,avg_test_score,most_freq_best_param
aitchison-rbf_c_6.657205364518844e-06_g_5.784215164896028e-05,<function wrap.<locals>.calc at 0x7fffb45786a8>,0.6520833333333333,4.273616457159562
rbf_g_0.006368310764401916,<function wrap.<locals>.calc at 0x7fffb4576158>,0.6466666666666667,87.40592927478903
aitchison_c_0.01,<function wrap.<locals>.calc at 0x7fffb45782f0>,0.6458333333333333,0.006513998892661929
hilbertian_a_inf_b_-1,<function wrap.<locals>.calc at 0x7fffb4576d08>,0.6399999999999999,0.14776403694722928
generalized-js_a_10_b_0.5,<function wrap.<locals>.calc at 0x7fffb4576598>,0.6399999999999999,0.42365711300970715
linear,<function kmat_linear at 0x7fffbc6bd950>,0.6066666666666667,1.5124317129327813
heat-diffusion_t_0.08250426705350176,<function wrap.<locals>.calc at 0x7fffb4578d90>,0.4658333333333333,414.5144936498621
