estimator_key,kmat_fun,avg_test_score,most_freq_best_param
generalized-js_a_10_b_10,<function wrap.<locals>.calc at 0x7fffb45be268>,0.6833333333333333,0.4761258656167903
aitchison_c_0.001606286423298906,<function wrap.<locals>.calc at 0x7fffb45bed90>,0.6708333333333333,0.0015207030783856497
rbf_g_6.5190306753222,<function wrap.<locals>.calc at 0x7fffbc602bf8>,0.6699999999999999,0.3927105760960491
aitchison-rbf_c_1.7176628854961008e-07_g_2.298839995011697e-05,<function wrap.<locals>.calc at 0x7fffa81c70d0>,0.6645833333333333,4.271115004510133
hilbertian_a_10_b_-inf,<function wrap.<locals>.calc at 0x7fffb45be840>,0.6575,0.04994828816496634
linear,<function kmat_linear at 0x7fffbc6bd950>,0.6504166666666666,3.1501056396356373
heat-diffusion_t_0.09511327073765634,<function wrap.<locals>.calc at 0x7fffa81c77b8>,0.45166666666666666,2887773434030561.0
