estimator_key,kmat_fun,avg_test_score,most_freq_best_param
aitchison-rbf_c_4.431838326537847e-09_g_0.00011659509086845239,<function wrap.<locals>.calc at 0x7fffb45bef28>,0.6775,0.9839433268465563
aitchison_c_1.7176628854961008e-07,<function wrap.<locals>.calc at 0x7fffb45beae8>,0.6766666666666666,0.0002737415076733014
generalized-js_a_inf_b_0.5,<function wrap.<locals>.calc at 0x7fffb45be2f0>,0.6604166666666667,0.10177677834997922
rbf_g_0.0060632566211322935,<function wrap.<locals>.calc at 0x7fffbc603d90>,0.6470833333333333,87.4044421132355
hilbertian_a_10_b_-inf,<function wrap.<locals>.calc at 0x7fffb45be840>,0.6470833333333332,0.010621782416481939
linear,<function kmat_linear at 0x7fffbc6bc950>,0.6145833333333333,3.2426704952379026
heat-diffusion_t_0.09973081122378553,<function wrap.<locals>.calc at 0x7fffa81c7730>,0.47125000000000006,5.095225026093449e+23
