estimator_key,kmat_fun,avg_test_score,most_freq_best_param
generalized-js_a_1_b_1,<function wrap.<locals>.calc at 0x7fffb45be0d0>,0.6579166666666666,0.6491984500806715
aitchison-rbf_c_4.431838326537847e-09_g_0.00011630985627213962,<function wrap.<locals>.calc at 0x7fffb45bef28>,0.6525000000000001,0.9822306552106695
hilbertian_a_1_b_-inf,<function wrap.<locals>.calc at 0x7fffb45be6a8>,0.6449999999999999,0.14855459400969606
rbf_g_6.11796392610184,<function wrap.<locals>.calc at 0x7fffbc602bf8>,0.6391666666666665,0.17899225187512488
aitchison_c_0.001606286423298906,<function wrap.<locals>.calc at 0x7fffb45bed90>,0.6320833333333333,0.0015529686105885897
linear,<function kmat_linear at 0x7fffbc6bd950>,0.6133333333333333,1.549085008102325
heat-diffusion_t_0.09511327073765634,<function wrap.<locals>.calc at 0x7fffa81c77b8>,0.4375,2950339929675015.5
