estimator_key,kmat_fun,avg_test_score,most_freq_best_param
aitchison-rbf_c_4.431838326537847e-09_g_0.0001170574946632528,<function wrap.<locals>.calc at 0x7fffb45bff28>,0.6716666666666666,0.9848975082788378
generalized-js_a_10_b_1,<function wrap.<locals>.calc at 0x7fffb45bf1e0>,0.6716666666666666,0.6668369543756406
hilbertian_a_10_b_-10,<function wrap.<locals>.calc at 0x7fffb45bf7b8>,0.6716666666666666,0.04772061181702208
aitchison_c_4.14446967113538e-05,<function wrap.<locals>.calc at 0x7fffb45bfc80>,0.6641666666666667,0.0005287104644983931
rbf_g_0.00625067483934581,<function wrap.<locals>.calc at 0x7fffbc678d90>,0.6458333333333333,87.40349242124375
linear,<function kmat_linear at 0x7fffbc6bc950>,0.6058333333333333,3.289478903596603
heat-diffusion_t_0.09511327073765634,<function wrap.<locals>.calc at 0x7fffa81ce7b8>,0.4691666666666666,3.6363585862293172e+19
