estimator_key,kmat_fun,avg_test_score,most_freq_best_param
aitchison-rbf_c_4.52406804198336e-09_g_1.1628790386624347e-05,<function wrap.<locals>.calc at 0x7fffa81cfea0>,0.6770833333333334,9.31427028584505
generalized-js_a_1_b_1,<function wrap.<locals>.calc at 0x7fffa81cf0d0>,0.6716666666666666,1.3871721771755006
aitchison_c_4.52406804198336e-09,<function wrap.<locals>.calc at 0x7fffa81cf9d8>,0.6708333333333334,6.818045946771473e-05
hilbertian_a_10_b_-1,<function wrap.<locals>.calc at 0x7fffa81cf730>,0.665,0.16715981246146538
rbf_g_0.06639685073149573,<function wrap.<locals>.calc at 0x7fffbc602b70>,0.6595833333333333,18.583649316951963
linear,<function kmat_linear at 0x7fffbc6bd950>,0.6320833333333333,1.5190314695320752
heat-diffusion_t_0.09070952255783056,<function wrap.<locals>.calc at 0x7fffa81d1840>,0.4966666666666667,200328456964.4085
