estimator_key,kmat_fun,avg_test_score,most_freq_best_param
aitchison-rbf_c_6.886881592467404e-10_g_3.456839268721857e-06,<function wrap.<locals>.calc at 0x7fffbc1df730>,0.7458333333333333,306.71835194118535
aitchison_c_6.8868815924674045e-12,<function wrap.<locals>.calc at 0x7fffbc1df0d0>,0.7236111111111111,0.0025943564140353554
generalized-js_a_1_b_0.5,<function wrap.<locals>.calc at 0x7fffbc1c46a8>,0.7097222222222221,72.884326347067
hilbertian_a_1_b_-1,<function wrap.<locals>.calc at 0x7fffbc1c4bf8>,0.6888888888888889,589.5142697398093
rbf_g_15.962198134881548,<function wrap.<locals>.calc at 0x7fffbc1c4840>,0.6458333333333333,2.299413320950097
linear,<function kmat_linear at 0x7fffbc6bd950>,0.6208333333333333,12160.316261939512
heat-diffusion_t_0.0815524342221539,<function wrap.<locals>.calc at 0x7fffbc1dfd90>,0.6097222222222223,1.6485921064851744e+24
