estimator_key,kmat_fun,avg_test_score,most_freq_best_param
aitchison-rbf_c_6.886881592467404e-10_g_3.3668501512320696e-05,<function wrap.<locals>.calc at 0x7fffbc1e97b8>,0.7347222222222223,753.9925528898544
generalized-js_a_10_b_0.5,<function wrap.<locals>.calc at 0x7fffbc1c47b8>,0.7347222222222223,584.6541311836587
hilbertian_a_10_b_-1,<function wrap.<locals>.calc at 0x7fffbc1c4d90>,0.7333333333333333,4.078907601494407
aitchison_c_6.886881592467404e-11,<function wrap.<locals>.calc at 0x7fffbc1e9158>,0.7236111111111111,6.271770192446535e-05
rbf_g_0.01593477814108442,<function wrap.<locals>.calc at 0x7fffbc1c4598>,0.6125,283.87955796716295
linear,<function kmat_linear at 0x7fffbc6bd950>,0.6055555555555555,44.672990366673645
heat-diffusion_t_0.0815524342221539,<function wrap.<locals>.calc at 0x7fffbc1e9d90>,0.5791666666666666,1.7243285951072513e+24
