estimator_key,kmat_fun,avg_test_score,most_freq_best_param
aitchison-rbf_c_6.886881592467405e-08_g_0.00013893848824070225,<function wrap.<locals>.calc at 0x7fffbc1e9950>,0.7138888888888889,735.3430602240705
aitchison_c_6.8868815924674045e-12,<function wrap.<locals>.calc at 0x7fffbc1e90d0>,0.6930555555555555,0.002593286320942303
generalized-js_a_10_b_0.5,<function wrap.<locals>.calc at 0x7fffbc1d57b8>,0.6680555555555555,568.0460021902092
hilbertian_a_inf_b_-1,<function wrap.<locals>.calc at 0x7fffbc1d5f28>,0.6569444444444444,202.1160939286552
heat-diffusion_t_0.0815524342221539,<function wrap.<locals>.calc at 0x7fffbc1e9d90>,0.6208333333333333,1.6423306470030778e+24
rbf_g_156.00443356716184,<function wrap.<locals>.calc at 0x7fffbc1d5378>,0.6069444444444445,13050.325278266231
linear,<function kmat_linear at 0x7fffbc6bd950>,0.6,1071.823140874265
