estimator_key,kmat_fun,avg_test_score,most_freq_best_param
aitchison-rbf_c_6.8868815924674045e-12_g_1.3853230649147237e-05,<function wrap.<locals>.calc at 0x7fffbc5741e0>,0.6888888888888889,753.9343952221388
generalized-js_a_inf_b_inf,<function wrap.<locals>.calc at 0x7fffbc56a6a8>,0.6680555555555555,348.40205443893024
aitchison_c_6.886881592467404e-11,<function wrap.<locals>.calc at 0x7fffbc56ac80>,0.6555555555555556,0.0035764086378391583
hilbertian_a_1_b_-1,<function wrap.<locals>.calc at 0x7fffbc56a7b8>,0.6527777777777779,4.662482413640819
heat-diffusion_t_0.08030257085365125,<function wrap.<locals>.calc at 0x7fffbc574ae8>,0.6375,426825507879.8308
rbf_g_1.758648907095591,<function wrap.<locals>.calc at 0x7fffbc56a048>,0.6291666666666667,12.392706494412158
linear,<function kmat_linear at 0x7fffbc6bd950>,0.6083333333333334,46.53760772126179
