estimator_key,kmat_fun,avg_test_score,most_freq_best_param
generalized-js_a_10_b_10,<function wrap.<locals>.calc at 0x7fffbc1c3730>,0.726388888888889,2.3680895572105336
aitchison-rbf_c_6.886881592467404e-10_g_3.383563389209711e-05,<function wrap.<locals>.calc at 0x7fffbc1db7b8>,0.7083333333333334,754.1909255615489
aitchison_c_6.8868815924674045e-12,<function wrap.<locals>.calc at 0x7fffbc1db0d0>,0.6861111111111111,0.002643419964309183
hilbertian_a_inf_b_-1,<function wrap.<locals>.calc at 0x7fffbc1c3f28>,0.6666666666666667,3.6107341996670113
rbf_g_1.5877219766822603,<function wrap.<locals>.calc at 0x7fffbc1c3400>,0.65,2.4458066978047674
linear,<function kmat_linear at 0x7fffbc6bc950>,0.638888888888889,19.778794536526423
heat-diffusion_t_0.0815524342221539,<function wrap.<locals>.calc at 0x7fffbc1dbd90>,0.6291666666666667,1.6783863503118008e+24
