estimator_key,kmat_fun,avg_test_score,most_freq_best_param
aitchison-rbf_c_6.886881592467404e-10_g_3.3721743714484316e-05,<function wrap.<locals>.calc at 0x7fffbc1ea7b8>,0.7416666666666666,736.3613150607238
generalized-js_a_1_b_1,<function wrap.<locals>.calc at 0x7fffbc1c68c8>,0.7347222222222223,4.797158810004195
hilbertian_a_1_b_-1,<function wrap.<locals>.calc at 0x7fffbc1c6bf8>,0.7152777777777778,10.332935774768442
aitchison_c_6.8868815924674045e-12,<function wrap.<locals>.calc at 0x7fffbc1ea0d0>,0.7069444444444445,0.002592376013784903
linear,<function kmat_linear at 0x7fffbc6bd950>,0.6708333333333333,1106.830517200603
rbf_g_1.5600443356716185,<function wrap.<locals>.calc at 0x7fffbc1c6400>,0.6361111111111111,309.5450560161618
heat-diffusion_t_0.0815524342221539,<function wrap.<locals>.calc at 0x7fffbc1ead90>,0.5944444444444444,1.711330010357373e+24
