estimator_key,kmat_fun,avg_test_score,most_freq_best_param
aitchison_c_7.135627732588653e-11,<function wrap.<locals>.calc at 0x7fffbc1ea158>,0.6972222222222222,0.0036234380964816756
aitchison-rbf_c_7.135627732588654e-10_g_3.4002419484661455e-05,<function wrap.<locals>.calc at 0x7fffbc1ea7b8>,0.6875,754.459473083446
generalized-js_a_inf_b_10,<function wrap.<locals>.calc at 0x7fffbc1c5a60>,0.6763888888888889,356.07760000398565
hilbertian_a_1_b_-10,<function wrap.<locals>.calc at 0x7fffbc1c5c80>,0.675,237.43072971274708
rbf_g_15.877219766822602,<function wrap.<locals>.calc at 0x7fffbc1c5840>,0.6319444444444444,1.0456578970481012
heat-diffusion_t_0.0815524342221539,<function wrap.<locals>.calc at 0x7fffbc1ead90>,0.5958333333333334,1.7003662807041546e+24
linear,<function kmat_linear at 0x7fffbc6bd950>,0.5458333333333333,19.32638447681564
