estimator_key,kmat_fun,avg_test_score,most_freq_best_param
aitchison-rbf_c_6.886881592467404e-10_g_3.401642568155098e-05,<function wrap.<locals>.calc at 0x7fffbc1eb7b8>,0.6930555555555555,737.7061581092955
aitchison_c_6.8868815924674045e-12,<function wrap.<locals>.calc at 0x7fffbc1eb0d0>,0.6791666666666667,0.0025877595940153033
generalized-js_a_1_b_1,<function wrap.<locals>.calc at 0x7fffbc1c48c8>,0.6694444444444445,1397.40819447564
hilbertian_a_1_b_-1,<function wrap.<locals>.calc at 0x7fffbc1c4bf8>,0.6597222222222221,4.607058061181899
heat-diffusion_t_0.0815524342221539,<function wrap.<locals>.calc at 0x7fffbc1ebd90>,0.6333333333333334,1.6890556799341788e+24
rbf_g_156.15657061242288,<function wrap.<locals>.calc at 0x7fffbc1c4378>,0.6097222222222223,13317.793198882355
linear,<function kmat_linear at 0x7fffbc6bd950>,0.5875,43.670711454915576
