estimator_key,kmat_fun,avg_test_score,most_freq_best_param
generalized-js_a_1_b_0.5,<function wrap.<locals>.calc at 0x7fffbc1c76a8>,0.7611111111111111,14.82558436045362
aitchison-rbf_c_6.886881592467404e-10_g_3.390767998355477e-05,<function wrap.<locals>.calc at 0x7fffbc1e17b8>,0.7458333333333333,751.194737333583
aitchison_c_0.0006886881592467404,<function wrap.<locals>.calc at 0x7fffbc1e1510>,0.7152777777777779,0.006071712746445935
hilbertian_a_inf_b_-1,<function wrap.<locals>.calc at 0x7fffbc1c7f28>,0.7027777777777777,1.6047109613176245
rbf_g_15.954608358967885,<function wrap.<locals>.calc at 0x7fffbc1c7840>,0.6986111111111111,2.3743496893802183
linear,<function kmat_linear at 0x7fffbc6bd950>,0.6527777777777778,231.17515045327974
heat-diffusion_t_0.0815524342221539,<function wrap.<locals>.calc at 0x7fffbc1e1d90>,0.5791666666666667,1.7801203632575698e+24
