estimator_key,kmat_fun,avg_test_score,most_freq_best_param
generalized-js_a_10_b_0.5,<function wrap.<locals>.calc at 0x7fffbc1c97b8>,0.7,571.0002866770229
hilbertian_a_10_b_-1,<function wrap.<locals>.calc at 0x7fffbc1c9d90>,0.7,229.21324519823494
aitchison-rbf_c_6.886881592467405e-08_g_0.0001361568505643994,<function wrap.<locals>.calc at 0x7fffbc1eb950>,0.6861111111111111,733.4111514531229
aitchison_c_6.886881592467404e-07,<function wrap.<locals>.calc at 0x7fffbc1eb378>,0.675,0.025868955327838235
linear,<function kmat_linear at 0x7fffbc6bc950>,0.6444444444444445,99.14625149310794
rbf_g_0.15494439131520948,<function wrap.<locals>.calc at 0x7fffbc1c92f0>,0.6444444444444445,280.24033861144983
heat-diffusion_t_0.0815524342221539,<function wrap.<locals>.calc at 0x7fffbc1ebd90>,0.5972222222222222,1.6934780308969614e+24
