estimator_key,kmat_fun,avg_test_score,most_freq_best_param
aitchison_c_0.0006886881592467404,<function wrap.<locals>.calc at 0x7fffbc5780d0>,0.725,0.7705018942173565
aitchison-rbf_c_6.8868815924674045e-12_g_1.3807911242746532e-06,<function wrap.<locals>.calc at 0x7fffbc578158>,0.6930555555555555,306.3574217985464
generalized-js_a_inf_b_1,<function wrap.<locals>.calc at 0x7fffbc559598>,0.6791666666666666,208.484849261515
hilbertian_a_1_b_-inf,<function wrap.<locals>.calc at 0x7fffbc5598c8>,0.6791666666666666,208.484849261515
heat-diffusion_t_0.0815524342221539,<function wrap.<locals>.calc at 0x7fffbc578950>,0.6083333333333334,1.7073984444146945e+24
rbf_g_0.01550672125266667,<function wrap.<locals>.calc at 0x7fffe961b840>,0.586111111111111,277.3870016361415
linear,<function kmat_linear at 0x7fffbc6bc950>,0.5277777777777778,98.22055876720724
