estimator_key,kmat_fun,avg_test_score,most_freq_best_param
aitchison-rbf_c_6.8868815924674045e-12_g_1.389571009032646e-06,<function wrap.<locals>.calc at 0x7fffbc1e4598>,0.7236111111111112,12.252359686862993
aitchison_c_6.8868815924674045e-12,<function wrap.<locals>.calc at 0x7fffbc1e40d0>,0.7125,0.002644968529148523
generalized-js_a_10_b_1,<function wrap.<locals>.calc at 0x7fffbc1c4620>,0.6513888888888889,430.83133399902584
hilbertian_a_1_b_-10,<function wrap.<locals>.calc at 0x7fffbc1c4c80>,0.6513888888888889,237.27157151953858
rbf_g_0.16528916549479156,<function wrap.<locals>.calc at 0x7fffbc1c42f0>,0.6055555555555555,286.86492502319834
heat-diffusion_t_0.0815524342221539,<function wrap.<locals>.calc at 0x7fffbc1e4d90>,0.5930555555555556,1.7303567339082504e+24
linear,<function kmat_linear at 0x7fffbc6bd950>,0.5805555555555555,99.69373599411115
