estimator_key,kmat_fun,avg_test_score,most_freq_best_param
aitchison_c_6.886881592467404e-09,<function wrap.<locals>.calc at 0x7fffbc1e4268>,0.7597222222222222,0.00013795409525768114
aitchison-rbf_c_6.886881592467404e-10_g_3.47013340222994e-05,<function wrap.<locals>.calc at 0x7fffbc1e47b8>,0.7472222222222222,753.0702027453955
hilbertian_a_10_b_-1,<function wrap.<locals>.calc at 0x7fffbc1c7d90>,0.725,1.795359142923987
generalized-js_a_inf_b_1,<function wrap.<locals>.calc at 0x7fffbc1c79d8>,0.7236111111111111,1.6354289694006998
linear,<function kmat_linear at 0x7fffbc6bc950>,0.701388888888889,1112.1151889651305
rbf_g_16.52646409194888,<function wrap.<locals>.calc at 0x7fffbc1c7840>,0.6541666666666666,2.3772900664016126
heat-diffusion_t_0.0815524342221539,<function wrap.<locals>.calc at 0x7fffbc1e4d90>,0.6430555555555555,1.6638220925659373e+24
