estimator_key,kmat_fun,avg_test_score,most_freq_best_param
hilbertian_a_1_b_-1,<function wrap.<locals>.calc at 0x7fffbc1c5bf8>,0.6861111111111111,603.8010044677858
aitchison_c_6.8868815924674045e-12,<function wrap.<locals>.calc at 0x7fffbc1eb0d0>,0.6611111111111112,0.0026526076424346744
aitchison-rbf_c_6.8868815924674045e-12_g_1.4053372512964785e-06,<function wrap.<locals>.calc at 0x7fffbc1eb598>,0.6611111111111112,313.38245593307255
generalized-js_a_1_b_1,<function wrap.<locals>.calc at 0x7fffbc1c58c8>,0.6583333333333333,24.513612787737898
heat-diffusion_t_0.0815524342221539,<function wrap.<locals>.calc at 0x7fffbc1ebd90>,0.6041666666666666,1.7630616316597357e+24
rbf_g_0.0156978403466823,<function wrap.<locals>.calc at 0x7fffbc1c5598>,0.5875,283.87093533675915
linear,<function kmat_linear at 0x7fffbc6bd950>,0.5597222222222222,12586.263730568136
