Baseline,SVM-RBF,Lin/Log-L1,RF,LogCont-L1,KernelBiome,KB_Aitchison
0.7282975291045173,0.6487531419497437,0.792974367622102,0.6117221239204779,-0.19673102229519868,0.5251485953474937,0.607506918730754
0.860815307453102,0.4885707989625577,0.788408523564762,0.6772255951463018,0.407544056434188,0.6467000861412718,0.697103776474255
0.7877412046254335,0.6359546492104124,0.5663317505597293,0.39811172240967124,-0.21843817184526715,0.36392861193080983,0.40066958602246905
0.5776119338400482,0.6124503182443166,0.5476799499848227,0.44149580990256376,0.09631468473517024,0.4198684586456875,0.35129438044257566
0.9976405719045137,0.6365619440774803,0.9477873055166003,0.6306552139813156,-0.4680595697900175,0.4922072928222445,0.6360276126945493
0.9392154396084429,0.4268684848072182,0.08328765045123618,0.6515436698312049,0.7045930628028404,0.6595433585976136,0.7087833358683547
0.6646254576366106,0.474849163757881,0.4868067126370252,0.4376924354735365,-0.15101576626924784,0.5091654584823703,0.3694469546707291
0.5870736224474762,0.41235540603915655,0.4447159631859353,0.36481669169631775,-0.9361372799112092,0.29657270077210984,0.16867272115418008
0.9316467051575235,0.6619084970833227,0.9093779350565042,0.7304422964435627,0.9914106428519064,0.9026434504347992,0.8974906260434865
