Baseline,SVM-RBF,Lin/Log-L1,RF,LogCont-L1,KernelBiome,KB_Aitchison
0.774294436759269,0.5619768193077908,0.5637897535646114,0.6207105989739965,-0.04467469868627827,0.6993286840138478,0.8157814952572369
0.8503334446280968,0.6396056735084713,0.6994066686924932,0.5081193606575753,0.41861802206095844,0.4314208027171468,0.5715201775857383
0.8845191516919113,0.49400163430393645,0.5074929800918425,0.4836115033648708,0.42627136105020924,0.4353906990205143,0.5605235022271242
0.5573482996198698,0.7244482158173176,0.6937973234930191,0.5879853826352095,-0.032207147836232464,0.4693315491219123,0.6050192730891687
0.9067782052244387,0.5958254777966288,0.45731877127918297,0.6360716269922109,-0.4931711823453532,0.6370346312051391,0.6951627917998946
0.5342166438442832,0.6432972344840441,0.7790845891008342,0.6312325952540159,0.17977204241931088,0.463779784950761,0.5286040867829115
0.9772988949614965,0.5771881551096801,0.5678741542263522,0.3849349062844371,-0.8336334474778194,0.1322551348168342,0.1368546827675303
0.6201472777579438,0.5685468227484927,0.5829279584519941,0.6409459166250859,0.5304780088072125,0.8595801777674917,0.6869287645980864
0.9560962730253755,0.6344415150539081,0.5223276274881802,0.7136771176720569,0.667187466294615,0.850805837521487,0.7535446319405817
