Baseline,SVM-RBF,Lin/Log-L1,RF,LogCont-L1,KernelBiome,KB_Aitchison
0.9957176011258104,0.5414497584834213,0.9478474684682772,0.6417777777777778,1.187812023715918,0.7418418298717888,0.6777250048931126
0.5228466634591326,0.5428328250686512,0.17514888052782415,0.4904,0.471253491032504,0.3988043873455509,0.5
0.7752174828229079,0.5347170472421084,0.00021884292276046452,0.428,-1.08299181802071,0.22065713296063483,0.2872970358710277
0.6948906141364419,0.5265423333305307,0.08320261399825658,0.6957777777777778,0.45278178064236796,0.7645016628579844,0.7388234595782952
0.573970091262348,0.5367401395792434,0.06573376117433168,0.36,0.5111401620054697,0.3150157981331573,0.49190601752289415
0.630594894301532,0.5280220122917177,0.3719061468507403,0.48177777777777775,-0.6138594647207565,0.4509906774130191,0.47602378179704236
0.5127842053284868,0.5602990311032131,0.9950133492380346,0.72,0.03466610661097791,0.8389758201687544,0.7984149164606936
0.5712690626835222,0.5514433784775203,0.40686423698932095,0.41,-2.19963219123032,0.1352860093747923,0.17912772294015789
0.572294752374461,0.5650533691289352,0.7447754131358088,0.694,1.8145073864356787,0.9140402436045814,0.8450577410581264
