Baseline,SVM-RBF,Lin/Log-L1,RF,LogCont-L1,KernelBiome,KB_Aitchison
0.9186475202774326,0.6316583100189579,0.869385885756963,0.5032757506037392,-0.2767991224743701,0.4864191878790776,0.5053559617409077
0.622609561174325,0.5764956757660669,0.9180598985205769,0.6766226402329004,1.9282554775006595,0.7859328941328799,0.9215502784980582
0.7182990756761114,0.5,0.20015247910326656,0.6227478634271173,-0.9009538853862734,0.6754231389875882,0.6769430996693641
0.8873677928156207,0.6207349011761241,0.1453819175782685,0.5303785073628339,0.06956556475690831,0.563561493279652,0.5588351013397967
0.8293691076884202,0.6512292493201857,0.9724981406936396,0.6574195933350581,-0.25579315406154135,0.6391841594113103,0.7197018398028064
0.9237543865394604,0.5444208544293854,0.9973929428255138,0.5463044720795348,0.5112340242072274,0.6461754196141789,0.6001956590257256
0.8274043921605555,0.5656254433289979,0.8246855813325389,0.5289571852551855,0.868800948055879,0.5523991995245096,0.5577849717976254
0.979162557559745,0.7197951225421227,0.9959994485798703,0.5360561284789637,0.27371590536935975,0.44137260935559997,0.3887756638620669
0.8760298129454038,0.6426052275243743,0.9630859737979839,0.7203057017623511,0.4133385463345901,0.7792625004158642,0.7817085733800742
