Baseline,SVM-RBF,Lin/Log-L1,RF,LogCont-L1,KernelBiome,KB_Aitchison
0.9241840164124266,0.42236886168029325,0.4002173669607867,0.3421645382304615,-1.3551500304882211,0.24765437570911022,0.0920889077196192
0.5656273596293437,0.516958666307612,0.6157490896353944,0.610971394597742,-0.31701565814765886,0.5499104950003013,0.5346930718411179
0.5370581184758696,0.641987296630267,0.7096020341042593,0.6273949770790338,0.436091260331946,0.5964416017175284,0.6209559950510345
0.7557934111746782,0.6138646312103072,0.7846256577842454,0.5571799514569806,0.005944581542214555,0.7162085966254793,0.8149605824833739
0.6172535307354771,0.4768602088391133,0.5234527150234172,0.5295295865395162,-0.5818186011238919,0.6005502779923244,0.6286184258185457
0.8190887854273495,0.6134404089452206,0.692047104802136,0.6513059394464695,-0.1821454004335672,0.7321412515176617,0.8362447565552154
0.9333976499535677,0.6192074998504963,0.5791739539740279,0.5422736681748664,0.22932235733661233,0.5176270958179774,0.47480244865443066
0.7391529620011402,0.6140150896579154,0.7842243500786679,0.5952916851267548,0.10576101409600969,0.519245648631071,0.4777941493800296
0.63946929326807,0.5968522932858054,0.6015125645554056,0.6226732067402606,-0.2370509769603697,0.7130493466529864,0.8105897839345291
