Baseline,SVM-RBF,Lin/Log-L1,RF,LogCont-L1,KernelBiome,KB_Aitchison
0.5286742146533108,0.5548697902009905,0.9999450087304567,0.614,1.0360539578857777,0.6905419452231042,0.8084036789972354
0.7104310535026066,0.5502375063542863,0.9949564323419693,0.486,0.2590569469980001,0.6027980106672929,0.5131259150475235
0.9706876154628912,0.5623883718304232,0.9820912370323276,0.5493333333333332,0.23336211427637898,0.7940390086858785,0.6124572431243926
0.5455247894681884,0.5481179526310422,0.00885147984997217,0.33,-0.6526337303840114,0.31649402305112645,0.3275008393919652
0.6792872176081539,0.5736278606606873,0.9994467085774624,0.624,0.3093018564064155,0.891606835141567,0.6393024111072938
0.5311259751402722,0.5571773772133571,0.1329982155947916,0.516,-0.22834679829623983,0.3494048648787422,0.6467270206670054
0.9345758604374295,0.5486911844909586,0.9999862516440667,0.636,0.40906904080784867,0.782070641500349,0.6540361774351229
0.7140406816710672,0.5619744243566028,0.9464420816003362,0.658,0.5332885952615923,0.5754596371046081,0.6457866295858165
0.5560823805502377,0.5574782405885178,0.991740425489642,0.6233333333333333,0.9867569506890507,0.7146186012493263,0.674190035575388
