Baseline,SVM-RBF,Lin/Log-L1,RF,LogCont-L1,KernelBiome,KB_Aitchison
0.774294436759269,0.34201550540329173,0.3229064998237944,0.6807953891648943,-0.06274758400327263,0.6415869879376519,0.6429205076900922
0.8503334446280968,0.2654905080483388,0.19591621119514663,0.6165325101736644,0.5065903824904848,0.7294693970249114,0.7269954092664997
0.8845191516919113,0.41747580943636076,0.3691200038559895,0.3912075318990556,-0.3175798559017977,0.09965622284885176,0.13423679125953092
0.5573482996198698,0.286419467051443,0.24616588966679365,0.5084066908890541,-0.42020098040721454,0.6476740802458417,0.5708958879221956
0.9067782052244387,0.18716015788494175,0.2996339458674814,0.39936606063969954,-0.4722650475031306,0.33476518896309126,0.33040767842124763
0.5342166438442832,0.4087940550232202,0.5122042565885279,0.4583972940570224,-0.5532060974671705,0.383001049955989,0.3522491827522774
0.9772988949614965,0.429678788420333,0.47053529675146766,0.5698212169076688,-0.11716737479621131,0.5442667314776573,0.5
0.6201472777579438,0.35924701483884436,0.3948647290464252,0.44178275109463055,-0.5233465887376879,0.35453869992103004,0.37459162188858136
0.9560962730253755,0.35753645275915374,0.4583406244102539,0.48325190283480896,-0.24616159906494361,0.25880775350703245,0.26950536428506544
