Baseline,SVM-RBF,Lin/Log-L1,RF,LogCont-L1,KernelBiome,KB_Aitchison
0.6939149121911907,0.5857859224788923,0.9444296114732935,0.5730391539981059,-0.22636787731860203,0.5819462259141114,0.5558637633155629
0.9154651228271817,0.48364216483860173,0.8861871539905387,0.6331549440578826,-0.27636568261662503,0.6100438170447052,0.5899757477135021
0.7819704903144149,0.6341224062661271,0.5661303015735297,0.4806979872756608,-0.41106873347518064,0.38452534927279775,0.5069477380615037
0.6153687637384386,0.4542155711593824,0.1885888371442119,0.42981550186219875,0.2679525175722251,0.24372415378873447,0.33958400891185314
0.8523373477985619,0.6561094448157822,0.789202635643932,0.5406768737896953,-0.7086977349851542,0.5843675727192108,0.48230753269996357
0.925418521430255,0.6190627945542013,0.333882748250014,0.46410122627909545,-1.293991168148205,0.4545356351750961,0.36575606975222436
0.9887608377279191,0.5511168652164748,0.28029492659030886,0.4006702612319542,-0.17496826616336653,0.35632962875369795,0.4369376318030117
0.7898877538677211,0.5794590709827901,0.9965450857102844,0.5389917181889857,0.05591581473281254,0.5348235659358849,0.5940410728817546
0.880658929376777,0.45886155395956296,0.7177687939526767,0.46738633702036075,0.9666771513132444,0.4705688409586981,0.5672467625407382
