Baseline,SVM-RBF,Lin/Log-L1,RF,LogCont-L1,KernelBiome,KB_Aitchison
0.7282975291045173,0.4167053319165296,0.023534179711243712,0.49,-0.10971781695992489,0.23330946469812192,0.34314248630227545
0.860815307453102,0.5,0.00312259471507129,0.388,-0.09456346820636119,0.3047106755036422,0.20147802605996218
0.7877412046254335,0.5080259607316269,0.0024626621971886105,0.36391304347826087,-0.6305911097862973,0.5728141821116953,0.13910262968628753
0.5776119338400482,0.6854247404032507,0.9983747112022688,0.4959130434782609,0.18293979510172687,0.7095613927559332,0.3679759166961826
0.9976405719045137,0.46758438295453675,0.19756138804075532,0.484,0.0829198500829984,0.41407177973004894,0.4886761331208462
0.9392154396084429,0.49112383196464837,0.01179823816203758,0.5379130434782609,-0.22626727144735082,0.43037995463235895,0.5753927504586739
0.6646254576366106,0.4331598242461361,0.018082133759076024,0.4579130434782609,-0.23610539530749897,0.1878440789191455,0.5
0.5870736224474762,0.6024101141421397,0.9851984422052975,0.5939130434782609,0.6336575121757324,0.599145541141058,0.4885923621731502
0.9316467051575235,0.46460087769004704,0.03193434778680447,0.486,0.014601957670826282,0.21931306351690905,0.39407357840644186
