Baseline,SVM-RBF,Lin/Log-L1,RF,LogCont-L1,KernelBiome,KB_Aitchison
0.9419705688474578,0.5751017349643059,0.5057588366782007,0.682,0.12119712422637352,0.9484787033855391,0.8826068780455916
0.6707723091269233,0.5194618448646535,0.4350303955209224,0.42796153846153845,-1.0843027089721913,0.2475485819628425,0.263858921732089
0.8122055085167281,0.5620781007543906,0.5511119204848307,0.5059615384615385,0.8925845236599194,0.4591350976805786,0.5
0.6936087092223292,0.574001481694708,0.559509920752956,0.41996153846153844,-1.1199178471732645,0.46457282661591776,0.3171086779990546
0.6602547237397915,0.5684314048249459,0.49005711535682056,0.7279615384615384,1.489701317151729,0.8343068961483184,0.8337741835802557
0.6587684353887051,0.5370787266130206,0.5445752514559437,0.43796153846153846,-0.5912807109433019,0.18835460600238765,0.28707407454865125
0.5224950020061978,0.6296975548123359,0.8034641304852712,0.5159615384615385,0.09688086075277791,0.31073077007358296,0.41026107325359623
0.6813885303041459,0.5707680421702486,0.5459118002885627,0.5379615384615385,-0.10854017193134358,0.6595051973489959,0.604061635349804
0.7435281961267466,0.5318820198498119,0.504731169811998,0.43596153846153846,-0.05854925639241426,0.42149347525559705,0.5
