Baseline,SVM-RBF,Lin/Log-L1,RF,LogCont-L1,KernelBiome,KB_Aitchison
0.7418006861487769,0.7236439391916291,0.9081252877105109,0.4948389771921982,-0.685386342501229,0.4481414634307491,0.41688012907782224
0.7146662065659302,0.6428442893731289,0.9689739641645327,0.5830052366823536,-1.1235852494506786,0.6138684042128671,0.596668840451173
0.9857628867609516,0.6692231367180161,0.9994657840549204,0.63038883164265,0.1776917269966432,0.5916751569933708,0.6512539799076182
0.9142391718874485,0.4939449363567279,0.036443137314171654,0.3705824858674436,-1.5022017121082678,0.3021145144898629,0.3030934647940462
0.6573615091513437,0.6083537244507836,0.9167914942551113,0.6935056305530487,1.2152819684046987,0.8143807744561958,0.8860324321660918
0.5830515686819617,0.4502426499534545,0.058432196682993695,0.5424000566966003,0.501711402797641,0.6760607194340337,0.6239754454978927
0.8465168901638811,0.6549194507232046,0.24079904935533847,0.5560009633571483,-0.2010578268286462,0.47209402995784105,0.5
0.5531934601583013,0.5167000364785104,0.2703575484498141,0.44812563215926027,0.36718083254642414,0.4108665745381481,0.3868036060827397
0.6392280691158476,0.46023418814736633,0.5613183715390153,0.5516589606328531,0.4058127714503073,0.41295584666055485,0.41247102767866733
