Baseline,SVM-RBF,Lin/Log-L1,RF,LogCont-L1,KernelBiome,KB_Aitchison
0.7839443971995488,0.6515584132566284,0.29857909465151955,0.6002647144558887,0.9257035277368127,0.6755456741463903,0.6475081929457941
0.9128923684005847,0.701812892369432,0.9999754428128136,0.7981406171659647,1.424294295501877,0.9650493064429123,0.971164833543158
0.9145281573612489,0.6219561664852555,0.03369953864432236,0.5734103020339663,0.6440039373831902,0.49319057457939935,0.5168644377611917
0.5861838761896794,0.6220089135550668,0.45149903879409214,0.5001501878940692,0.13682681882646086,0.5112417067374287,0.4919344774067905
0.7064143699371375,0.3067017854189433,0.003027438904482309,0.6950936309281136,0.3026893532245972,0.7185349730168057,0.6528922330002752
0.7703231271776441,0.70291109667966,0.024675626575928453,0.5448574781447275,0.6159006035007593,0.6098185338746884,0.584857713523421
0.58865762099107,0.5270415719527995,0.06755954353364971,0.6445637379018518,1.1245100344587389,0.8370315007250416,0.7993975985174339
0.5892259445660033,0.2857947528945264,0.12489021862257878,0.4820673443162083,0.31823449091707734,0.4538345850113188,0.485243404048463
0.8464398742514304,0.807905286727356,0.9950916229399018,0.6430444342443044,0.5776516622643245,0.7702748893842212,0.7174822018144008
