Baseline,SVM-RBF,Lin/Log-L1,RF,LogCont-L1,KernelBiome,KB_Aitchison
0.9019538451300303,0.6820898352524001,0.5540463681438955,0.5159583333333333,0.8362476904613262,0.5292435888819612,0.5430301709298347
0.6486127996017914,0.7273035787281007,0.6532055677355053,0.6219166666666667,0.5101111280278534,0.6308520925478351,0.6226839559422453
0.7931541332658746,0.28525337892322444,0.2997276758014644,0.428,-0.8848508977589695,0.30837422747135224,0.13997538890305128
0.7115996256370983,0.58916652106742,0.7781164801123128,0.5739166666666666,-0.1434516637929013,0.45728422653339834,0.49340744193711616
0.6360641438713273,0.7185088487333365,0.6832766350400684,0.5499583333333332,0.8446871082251395,0.3978311540731909,0.5876620587410303
0.9047297983757185,0.3166233287643296,0.41746117838973357,0.41991666666666666,-0.39462201879568903,0.19131969413476607,0.29883583208185227
0.7134409045421481,0.7286832088721381,0.6241423281120296,0.604,-0.25654213246514157,0.5132667825303547,0.6198543353957959
0.692903724029873,0.5551395800530528,0.46470711838906914,0.564,-0.2923163632747299,0.5264026016823502,0.4682532698880942
0.7280059935927206,0.6300238466771968,0.6208202449915533,0.5619583333333332,0.2085618886860967,0.5526596077485848,0.6435860702233915
