Baseline,SVM-RBF,Lin/Log-L1,RF,LogCont-L1,KernelBiome,KB_Aitchison
0.9957176011258104,0.6612139379117865,0.9538572321869534,0.47094183120473904,-0.11516200663177689,0.40132984008392314,0.43909637298832016
0.5228466634591326,0.5454371762703533,0.18955458137597922,0.5704644113776693,0.2970038489905672,0.8142132342121883,0.7844034601165364
0.7752174828229079,0.5,0.010630870963466757,0.43686824238119165,-1.0589091877292391,0.3327579480919233,0.31164721095903597
0.6948906141364419,0.6131267445264876,0.9997859469416747,0.6076077783200015,0.17518862473933117,0.6009361078671088,0.6314373563045105
0.573970091262348,0.5799562957615885,0.38025413710227773,0.5570581174993033,-0.5455532083517044,0.48926926785616787,0.5204918654368905
0.630594894301532,0.5594454838785774,0.43773010463510365,0.6058095074785492,0.4965474708607207,0.8451446926217439,0.8518640790795108
0.5127842053284868,0.5584527605898751,0.173858464015624,0.45832741596683485,-1.6128673980555939,0.30186182563867214,0.3487871059033331
0.5712690626835222,0.491052132573289,0.4491246034455705,0.573194318328066,-0.22371328591253914,0.4351346957243849,0.44129358149579584
0.572294752374461,0.5519581700594558,0.2593403042013596,0.5188532545581559,0.9048678965530051,0.6223201304361239,0.6572087263391891
